solar_kw,wind_kw,hydro_kw,battery_soc,next_gen_kw
773.96,84.53,772.74,0.6776,1584.56
975.62,440.95,707.46,0.1653,2094.85
370.8,795.99,579.48,0.7905,1760.26
227.24,170.57,57.44,0.7949,456.61
758.09,44.56,873.63,0.8538,1667.63
194.64,101.67,39.42,0.1889,337.31
744.76,905.66,293.24,0.3834,1960.93
189.47,2.19,428.13,0.2542,624.37
437.15,577.34,630.24,0.3311,1627.3
804.76,58.18,259.5,0.6642,1127.19
199.91,0.0,708.23,0.6484,889.18
780.73,96.65,511.87,0.1758,1418.45
668.4,104.55,508.71,0.7385,1286.23
553.58,174.87,273.56,0.0777,992.52
214.58,68.18,768.06,0.2605,1034.9
281.38,25.31,595.72,0.5513,904.87
664.31,67.11,732.62,0.2003,1454.28
90.05,376.93,415.69,0.1951,881.0
152.31,337.62,401.54,0.3929,885.17
630.28,47.36,78.88,0.1562,743.15
908.58,342.57,239.28,0.9223,1485.0
716.89,90.74,245.02,0.1368,1045.11
455.78,8.29,275.36,0.5713,733.26
856.61,436.42,647.52,0.4389,1940.82
584.1,274.43,76.0,0.4242,937.16
493.99,35.89,130.07,0.1431,646.04
170.59,791.76,522.96,0.3622,1498.63
22.8,880.76,434.07,0.7545,1355.98
486.66,118.16,844.04,0.5646,1402.91
266.98,36.45,468.61,0.445,770.07
826.29,719.71,126.22,0.5486,1630.51
672.24,22.24,593.48,0.7043,1291.71
107.74,768.61,207.19,0.0837,1069.25
370.92,571.35,727.43,0.3354,1692.05
290.92,136.64,230.37,0.8924,664.68
44.91,82.37,893.14,0.8525,1046.7
890.79,713.19,466.97,0.3343,2076.78
661.66,52.17,85.02,0.7221,802.38
936.81,13.99,110.48,0.798,1060.22
179.27,215.33,787.11,0.2268,1164.21
777.4,917.84,450.67,0.1795,2154.85
229.66,2.29,609.89,0.1596,839.18
694.26,196.24,179.8,0.7737,1086.65
738.98,2.25,111.38,0.8848,848.73
300.95,116.63,596.58,0.9101,1014.27
924.81,0.02,499.68,0.6206,1402.05
140.34,73.62,869.61,0.5864,1070.22
804.36,102.1,706.29,0.0661,1639.31
829.43,505.91,209.38,0.5277,1520.27
867.74,219.37,371.31,0.3868,1482.33
651.93,652.82,408.51,0.2731,1678.81
746.01,544.48,94.75,0.1099,1375.25
146.17,560.83,279.3,0.1795,995.88
165.53,23.08,138.25,0.1539,322.88
55.4,5.33,48.04,0.582,117.36
393.63,32.15,454.07,0.8375,872.36
43.48,5.98,213.07,0.2744,273.76
416.26,0.12,336.25,0.5214,740.2
833.46,0.14,832.36,0.1392,1686.97
902.65,939.96,721.82,0.7515,2567.96
779.0,2.44,482.46,0.5128,1291.87
462.8,57.11,575.61,0.2898,1088.14
477.88,72.45,209.31,0.3808,768.77
327.5,54.64,617.17,0.3172,1017.69
916.35,111.22,295.53,0.5319,1357.9
652.59,520.48,479.45,0.6196,1635.95
734.89,8.29,625.32,0.8246,1371.9
614.38,0.86,653.14,0.126,1236.23
137.41,881.64,720.8,0.5843,1756.99
795.11,846.66,228.05,0.5811,1851.49
616.17,5.03,508.46,0.5652,1091.21
522.63,445.81,719.32,0.4929,1635.49
931.24,1.72,105.39,0.1289,1041.86
418.61,464.26,604.11,0.3503,1491.28
762.53,19.8,327.77,0.333,1106.56
147.78,820.36,394.11,0.395,1391.9
552.99,820.39,702.27,0.4814,2075.9
986.63,369.78,856.08,0.1566,2287.67
637.07,1.81,529.43,0.6675,1171.21
454.32,562.33,265.82,0.4627,1266.97
301.93,774.74,703.16,0.1495,1716.05
879.2,22.88,753.21,0.1458,1656.6
90.44,721.81,26.1,0.2667,834.7
776.77,7.79,819.57,0.6406,1598.58
5.43,0.14,545.33,0.7713,540.28
849.41,0.19,720.87,0.885,1577.43
698.12,588.44,36.14,0.2316,1347.94
630.01,616.58,139.69,0.7112,1369.08
270.76,357.77,882.18,0.6004,1520.21
616.31,0.08,795.73,0.6886,1432.91
91.72,6.18,882.02,0.4627,985.99
636.41,187.56,130.62,0.9014,952.08
578.02,342.67,584.31,0.8965,1516.03
508.35,65.96,426.75,0.1573,1000.05
278.08,28.29,385.11,0.5999,691.81
411.81,68.31,195.87,0.5795,665.13
36.06,73.24,426.72,0.253,526.81
565.77,345.95,583.15,0.6372,1509.58
787.43,165.6,388.28,0.6134,1394.25
512.74,399.84,797.76,0.879,1711.15
520.28,511.75,283.01,0.8036,1329.98
841.99,0.17,252.55,0.3507,1088.75
313.89,409.66,13.21,0.7945,722.02
372.26,3.62,540.76,0.1577,873.83
958.43,986.46,694.89,0.3299,2657.17
705.41,58.34,576.8,0.0597,1353.81
525.09,4.39,149.32,0.8027,697.2
555.97,590.74,891.29,0.1774,2078.98
392.57,0.51,679.8,0.4404,1097.71
150.67,5.92,816.39,0.0902,947.68
292.06,117.79,527.8,0.494,926.55
243.67,600.33,573.83,0.6342,1413.25
762.9,0.2,329.95,0.5356,1104.13
844.48,112.38,691.76,0.8168,1648.37
909.55,202.39,765.25,0.3565,1851.3
398.55,771.95,567.75,0.2098,1759.98
191.6,0.02,834.71,0.4534,1028.95
598.48,0.0,250.22,0.6827,852.21
981.81,238.74,429.76,0.7353,1660.71
720.7,893.64,703.8,0.8301,2344.97
732.41,85.24,497.79,0.6387,1348.06
984.58,23.94,660.38,0.725,1659.64
123.87,0.07,699.61,0.4907,833.53
464.97,935.2,370.42,0.7643,1806.03
555.46,515.96,832.23,0.7903,1918.2
372.7,0.12,98.35,0.6578,460.73
773.72,648.24,665.49,0.7708,2096.64
234.54,240.52,772.31,0.0541,1249.73
677.29,0.03,361.22,0.8561,1061.9
237.66,620.17,313.23,0.818,1165.85
590.32,62.54,247.34,0.8479,887.26
84.81,39.98,645.88,0.7767,796.05
296.36,67.89,123.14,0.5674,473.95
392.37,766.81,447.22,0.1709,1644.62
67.17,8.24,15.9,0.458,92.48
343.29,74.29,863.29,0.7268,1264.89
284.54,721.73,211.59,0.3428,1225.72
529.54,409.04,531.67,0.6381,1455.34
241.37,33.54,139.9,0.8369,419.91
561.49,496.74,705.44,0.4445,1779.88
994.7,307.0,733.17,0.8623,2023.76
185.18,177.67,91.7,0.6376,451.98
512.73,81.17,32.26,0.9138,620.88
41.08,14.9,58.98,0.4596,113.1
312.57,0.13,100.44,0.3961,420.91
698.19,8.87,271.86,0.4047,987.86
1.66,1.41,776.49,0.0511,774.4
489.5,36.96,388.19,0.7525,902.14
260.35,33.54,218.23,0.4819,504.63
228.25,36.18,837.35,0.0937,1080.84
711.56,3.41,42.64,0.1744,758.81
9.26,6.68,28.16,0.1496,24.01
241.64,184.43,531.18,0.8145,960.55
853.37,237.31,146.47,0.7456,1222.05
254.26,775.63,409.01,0.5931,1477.99
361.54,537.68,286.56,0.7693,1195.27
216.36,70.97,285.87,0.1203,573.85
346.48,0.01,148.94,0.7027,510.1
738.58,31.9,801.02,0.5844,1572.29
143.72,332.95,155.65,0.5066,620.0
4.01,0.0,893.78,0.5762,898.4
897.3,682.36,482.58,0.6096,2058.22
50.52,210.19,265.28,0.6473,512.58
18.16,211.4,208.15,0.8365,440.05
610.77,169.61,356.55,0.6599,1159.84
566.94,436.25,885.08,0.4273,1893.98
12.47,504.41,468.21,0.4172,975.31
889.66,61.63,614.32,0.1844,1536.96
178.44,7.95,773.08,0.8713,944.97
469.8,394.63,790.53,0.3911,1651.39
741.72,390.84,704.66,0.5629,1806.51
903.97,648.5,718.29,0.1399,2317.22
743.6,0.01,881.3,0.3894,1667.0
887.57,61.46,287.22,0.5979,1252.62
409.14,217.92,841.84,0.4709,1488.75
377.21,61.21,118.0,0.1966,558.14
339.48,870.71,219.24,0.139,1426.0
881.04,21.51,181.88,0.2172,1076.11
468.42,17.46,40.66,0.4833,532.23
652.52,121.66,99.62,0.2772,869.57
764.8,673.86,811.48,0.9361,2215.25
953.0,0.37,124.01,0.324,1069.36
96.98,605.06,555.08,0.5381,1249.65
253.26,4.12,766.74,0.5758,1011.32
296.03,51.17,364.37,0.734,711.4
206.81,834.67,108.59,0.8565,1130.18
264.54,606.52,161.54,0.4222,1040.75
245.26,358.28,766.2,0.8371,1351.98
530.85,15.33,220.32,0.1951,754.7
887.99,469.75,465.9,0.4915,1818.94
536.57,82.07,118.58,0.1631,740.15
482.03,866.08,147.22,0.549,1469.81
253.18,0.03,107.06,0.8752,369.61
608.13,100.55,360.41,0.5287,1074.65
988.6,547.96,667.45,0.4719,2218.79
920.67,39.79,45.1,0.3582,997.4
622.71,423.29,714.27,0.2408,1762.18
437.99,260.93,2.08,0.944,700.98
62.06,96.24,116.13,0.1871,271.7
392.93,783.4,287.24,0.7036,1489.04
659.95,215.67,425.51,0.9051,1273.68
177.24,311.8,761.41,0.0862,1221.62
892.49,421.23,892.63,0.5283,2190.54
302.48,850.72,329.7,0.7147,1481.75
561.82,372.91,458.04,0.8664,1412.18
647.07,40.13,367.34,0.446,1054.27
91.72,297.4,589.97,0.6466,985.53
326.55,7.74,700.34,0.8246,1020.35
667.85,2.16,247.64,0.1748,924.23
674.74,754.38,182.27,0.5379,1560.67
952.92,227.05,229.6,0.6129,1432.35
976.13,63.84,616.88,0.0709,1641.16
875.11,227.23,399.55,0.8923,1519.51
322.22,161.48,440.84,0.619,914.68
244.21,760.23,831.49,0.809,1849.82
744.99,447.11,686.33,0.4825,1839.52
240.23,268.11,260.39,0.282,772.55
409.98,10.48,734.45,0.8245,1145.7
7.51,37.98,717.76,0.8053,764.19
774.34,1.55,351.06,0.9487,1114.2
153.96,75.58,557.7,0.8896,806.53
69.64,2.63,711.66,0.2936,783.99
663.45,1.4,749.28,0.2087,1406.51
552.18,125.58,617.55,0.6374,1283.38
999.42,137.76,85.68,0.7051,1241.95
318.33,98.11,382.3,0.0963,802.53
353.34,488.31,748.91,0.7891,1623.39
321.55,419.89,721.25,0.4921,1457.36
143.91,679.31,86.49,0.1882,912.64
67.52,0.15,0.47,0.4427,65.9
34.84,277.5,740.81,0.2012,1047.5
860.8,557.7,485.05,0.7873,1944.72
394.48,401.62,231.71,0.7271,1027.8
750.27,100.34,331.11,0.2473,1170.57
751.49,1.68,77.38,0.2087,841.5
823.11,63.29,891.35,0.1735,1760.81
448.73,60.66,787.58,0.928,1251.85
192.3,10.76,590.47,0.3102,774.45
566.42,167.2,745.69,0.6895,1471.31
49.46,217.69,437.57,0.2842,692.88
757.91,564.81,505.1,0.3968,1837.25
521.92,31.18,507.69,0.659,1071.81
1.07,9.57,805.06,0.6317,823.98
890.26,103.79,428.48,0.892,1440.9
215.18,200.99,175.94,0.6616,606.27
99.16,8.87,380.46,0.2085,485.92
860.28,32.89,324.68,0.0997,1257.13
264.81,227.52,184.85,0.8495,672.03
99.83,1.24,103.79,0.6076,195.95
852.38,429.12,737.83,0.5235,2043.18
44.18,64.61,291.54,0.9038,407.23
806.19,4.94,880.77,0.4988,1694.09
397.53,199.95,115.25,0.339,718.36
103.28,649.79,530.4,0.3728,1272.48
431.52,253.82,834.09,0.8895,1517.85
329.26,91.76,511.14,0.4656,936.18
554.4,32.99,311.16,0.3907,921.34
166.06,378.11,350.19,0.2431,886.82
755.54,17.06,744.11,0.8848,1533.81
668.95,0.15,850.97,0.4032,1527.99
578.98,0.0,34.69,0.6624,617.99
26.53,410.93,766.93,0.4968,1218.76
5.47,486.79,297.64,0.8409,815.69
565.08,19.76,144.53,0.7474,707.56
536.49,899.79,867.22,0.8201,2265.43
594.27,677.18,337.02,0.141,1621.13
481.76,179.78,883.93,0.5965,1574.63
369.98,72.84,106.56,0.7653,545.41
284.4,28.04,786.9,0.0716,1102.97
463.68,328.69,147.05,0.6515,940.01
618.71,0.06,415.55,0.52,1009.8
139.62,6.7,309.73,0.1371,460.88
404.99,529.42,876.98,0.1227,1827.0
871.41,255.12,386.12,0.438,1522.24
534.6,980.75,862.84,0.0864,2349.59
301.76,736.29,40.6,0.8923,1060.11
117.5,0.21,751.24,0.1902,862.19
915.74,182.72,357.51,0.4505,1475.69
968.75,29.98,170.43,0.3074,1148.24
94.29,652.4,637.06,0.797,1402.74
842.15,839.58,114.24,0.7662,1812.56
543.5,726.38,874.62,0.6844,2053.38
456.4,57.67,325.44,0.4024,854.65
77.44,474.31,401.47,0.8876,976.67
35.18,3.91,185.24,0.9282,231.71
515.76,820.49,879.47,0.2627,2203.53
153.6,0.25,175.61,0.5617,331.89
537.22,245.3,181.68,0.7705,998.07
864.14,854.25,313.11,0.1315,2097.21
437.84,845.77,340.48,0.7437,1620.45
182.81,32.99,587.87,0.6556,814.55
228.65,376.22,151.99,0.893,748.66
107.31,123.24,467.59,0.5074,693.59
994.81,114.99,430.15,0.4296,1547.86
592.96,11.85,573.85,0.0958,1217.35
469.01,721.14,428.01,0.1043,1628.16
648.18,477.77,385.35,0.6241,1564.18
631.07,42.03,596.28,0.6547,1256.5
370.91,76.81,730.91,0.5052,1155.92
459.71,10.01,670.68,0.168,1157.65
626.82,417.28,805.22,0.2953,1906.24
956.05,3.68,177.9,0.3122,1146.12
882.83,439.92,637.34,0.2077,1984.15
478.4,3.2,246.09,0.3275,726.41
550.24,350.44,62.94,0.483,968.19
747.99,541.49,403.42,0.7885,1678.77
360.81,5.48,420.74,0.4029,761.57
751.78,30.91,245.52,0.1678,1034.68
302.96,50.35,212.4,0.7368,561.07
497.93,265.85,780.46,0.9489,1483.23
889.78,750.12,712.31,0.4648,2394.28
15.81,108.67,444.88,0.4166,571.5
552.16,585.56,97.79,0.2527,1247.92
847.84,984.55,785.62,0.8509,2653.1
401.66,19.27,545.67,0.8949,943.15
557.0,26.01,152.82,0.2257,726.19
949.29,65.39,750.71,0.6632,1747.08
175.46,535.36,238.24,0.872,953.29
677.71,540.3,211.73,0.2986,1403.57
264.6,79.48,389.26,0.2777,729.59
771.85,54.15,751.61,0.2418,1576.76
571.17,982.34,34.78,0.2372,1583.06
809.94,0.71,355.71,0.7224,1126.68
188.84,7.47,369.04,0.4815,553.28
642.25,329.08,884.69,0.4207,1864.48
923.35,14.86,656.83,0.7291,1623.52
468.23,8.07,166.84,0.4674,647.84
796.06,747.64,722.45,0.2894,2256.3
254.73,2.46,849.42,0.4118,1154.45
846.67,63.61,31.61,0.1957,940.72
782.91,9.39,825.66,0.8159,1562.95
227.66,0.13,780.68,0.3252,994.86
759.97,2.11,702.75,0.8947,1428.41
441.22,673.78,474.71,0.7203,1603.04
749.35,23.85,106.06,0.2645,878.56
505.28,197.79,355.59,0.7582,1052.17
246.73,399.54,610.17,0.5208,1227.03
795.23,886.47,649.65,0.8761,2417.08
352.05,259.97,426.54,0.938,1030.34
412.37,671.16,255.65,0.759,1338.94
979.98,689.71,271.19,0.7432,1895.31
606.36,285.52,746.64,0.072,1599.06
711.92,178.95,446.04,0.0997,1347.35
865.1,0.03,356.79,0.9006,1214.52
749.71,17.1,779.95,0.7215,1552.22
215.92,149.97,701.34,0.2711,1038.05
27.18,880.64,639.02,0.622,1493.61
531.61,107.94,404.58,0.6264,1060.94
888.06,534.9,314.61,0.5707,1735.04
972.35,736.05,829.71,0.3489,2560.28
211.77,0.73,108.1,0.1142,333.67
74.06,2.33,744.53,0.5722,822.25
630.91,686.54,574.62,0.5199,1851.27
447.39,41.44,420.89,0.2027,896.75
260.7,3.62,221.72,0.8079,477.39
686.05,628.12,69.97,0.7385,1375.36
216.62,326.94,818.82,0.3155,1349.72
289.83,170.29,559.68,0.5993,1004.63
135.08,333.59,607.28,0.6643,1059.87
446.84,68.44,78.04,0.2501,583.65
742.91,13.32,746.77,0.5412,1504.87
472.56,124.4,557.75,0.8852,1133.68
528.66,218.16,663.76,0.1147,1410.29
481.59,782.97,444.16,0.4715,1736.98
450.58,5.92,195.22,0.1357,649.46
431.95,455.19,660.12,0.0789,1537.13
154.28,833.44,150.63,0.614,1146.59
641.56,70.07,683.68,0.2576,1403.84
500.21,432.24,764.76,0.9489,1649.65
286.89,15.71,236.58,0.5742,545.0
990.28,146.17,575.12,0.824,1733.27
203.86,147.65,749.55,0.3229,1114.22
985.62,955.81,815.5,0.7686,2760.91
320.85,163.92,504.7,0.505,992.76
408.32,420.48,300.19,0.3476,1128.27
188.71,615.25,401.65,0.2551,1204.74
553.98,0.01,284.73,0.2093,839.88
275.03,0.27,49.44,0.5736,323.84
848.79,3.75,545.91,0.4502,1375.4
71.8,517.3,803.75,0.0599,1385.84
903.9,165.92,135.04,0.2325,1193.1
724.82,215.38,857.83,0.4947,1817.68
477.23,46.53,201.97,0.0914,738.76
711.41,0.01,395.26,0.6296,1089.8
776.65,532.46,640.54,0.1425,1924.6
603.41,14.81,38.3,0.2512,639.74
413.93,5.51,741.97,0.8831,1182.38
929.57,0.01,832.47,0.9067,1765.34
763.02,913.24,815.31,0.9236,2513.17
78.16,613.67,552.45,0.6033,1233.39
571.84,3.62,665.79,0.1175,1258.08
848.98,105.47,458.85,0.331,1399.92
733.12,50.24,157.33,0.2476,933.48
942.57,395.68,193.72,0.8236,1533.15
851.72,14.12,556.79,0.884,1426.96
692.93,962.42,135.54,0.1296,1768.46
339.74,0.36,427.78,0.7284,772.07
335.05,604.85,468.06,0.8085,1428.99
952.98,275.63,104.31,0.8466,1322.19
141.64,3.56,618.78,0.0926,764.27
139.79,85.81,372.92,0.5197,595.88
32.04,231.91,336.35,0.6362,584.07
13.78,15.31,410.89,0.4047,434.92
377.84,149.25,534.16,0.0696,1061.83
344.83,74.77,90.26,0.7545,515.75
22.27,217.49,687.46,0.3063,930.28
632.36,802.19,882.9,0.0881,2291.83
546.99,3.16,302.66,0.9389,854.23
452.51,598.34,291.51,0.4818,1378.04
474.88,2.24,46.55,0.9009,527.35
504.06,0.75,381.29,0.8871,888.62
971.14,17.34,454.09,0.8236,1412.66
279.49,626.07,350.9,0.5277,1281.28
186.48,27.38,27.96,0.4027,247.14
680.03,5.96,607.33,0.2871,1309.95
348.86,368.22,419.86,0.3752,1119.23
571.95,9.78,810.08,0.3584,1406.97
494.6,1.9,214.62,0.7224,713.03
806.94,822.41,545.88,0.6893,2140.71
992.81,39.84,146.57,0.5173,1173.86
177.91,230.47,12.71,0.8849,421.84
39.56,1.27,216.22,0.2965,256.28
192.94,54.28,346.65,0.3551,584.85
89.73,0.02,181.9,0.731,281.22
928.53,128.19,478.64,0.3331,1545.13
764.76,601.79,805.95,0.4409,2175.23
806.4,29.35,836.32,0.1349,1708.59
770.09,0.81,590.61,0.0808,1353.28
799.22,218.61,771.17,0.1381,1792.51
414.18,0.08,403.39,0.2887,822.38
425.1,680.11,243.31,0.8544,1366.27
327.81,126.89,375.97,0.2816,829.01
151.8,43.59,509.21,0.4221,715.43
256.72,912.03,706.25,0.9208,1855.06
142.1,145.91,152.98,0.7864,452.79
263.45,803.32,103.67,0.5575,1158.15
58.85,213.69,734.31,0.1108,1006.44
258.56,291.33,106.81,0.8933,661.27
185.97,33.78,528.87,0.6963,741.45
156.29,1.13,899.79,0.4598,1077.6
482.38,784.69,78.98,0.1526,1309.45
947.49,31.17,319.65,0.4572,1292.22
190.05,725.06,227.98,0.6847,1152.9
38.75,279.38,305.11,0.6399,606.67
949.85,419.37,788.64,0.1728,2140.74
368.34,155.0,267.18,0.1046,776.31
254.55,57.48,177.26,0.2857,488.12
388.15,41.2,480.52,0.7447,912.58
587.52,902.0,469.78,0.8688,1974.37
58.72,79.01,628.49,0.938,783.69
92.79,177.51,113.91,0.7264,384.78
723.43,657.05,566.05,0.6012,1949.66
842.46,656.36,32.79,0.5506,1545.21
860.35,272.6,378.2,0.2193,1480.29
703.78,8.53,84.22,0.8492,797.55
199.79,24.98,874.86,0.6874,1077.77
307.63,26.76,35.57,0.7056,365.24
4.86,388.21,853.99,0.7309,1261.07
486.05,82.96,292.18,0.5195,864.49
598.17,724.44,895.51,0.1209,2220.44
180.71,43.66,258.73,0.2071,479.62
496.29,776.77,29.33,0.1103,1312.39
80.28,18.14,887.43,0.2381,1012.16
573.64,123.5,522.39,0.3891,1239.09
138.58,78.62,620.79,0.8314,868.6
567.75,0.33,153.29,0.1122,732.05
288.06,379.1,59.76,0.8263,720.7
88.93,0.01,50.66,0.8183,119.41
548.27,77.44,715.97,0.49,1341.9
989.09,3.38,747.63,0.0966,1773.42
886.33,294.36,616.69,0.287,1807.03
366.58,141.78,416.01,0.3442,939.24
250.85,48.65,134.95,0.8349,448.22
133.79,334.05,762.9,0.2638,1234.13
8.62,0.11,686.03,0.9385,706.08
748.07,0.37,532.92,0.7305,1243.25
10.93,210.85,892.12,0.2819,1101.03
123.93,171.19,536.8,0.763,833.03
892.54,523.16,222.54,0.5503,1646.51
329.79,809.41,613.71,0.9271,1746.2
537.44,115.58,96.56,0.263,743.8
67.37,808.16,111.46,0.2282,983.66
96.93,729.68,653.13,0.1118,1461.9
631.63,434.4,745.38,0.6965,1770.94
322.46,339.01,861.27,0.5788,1538.49
437.13,432.29,897.9,0.1944,1721.48
539.44,111.55,514.41,0.0942,1159.76
582.98,200.4,591.6,0.6982,1381.97
790.24,243.86,483.76,0.5956,1480.92
273.16,146.7,785.69,0.6611,1190.21
592.27,10.9,660.61,0.7947,1291.28
591.36,38.82,401.63,0.8277,1004.97
519.75,49.93,45.34,0.1787,623.56
373.38,841.62,454.64,0.2614,1630.08
338.31,542.8,345.01,0.7453,1209.97
110.82,225.49,863.19,0.4119,1216.88
923.3,690.03,469.93,0.547,2106.65
819.45,123.95,30.49,0.6647,986.12
829.15,21.3,47.99,0.8963,889.67
532.42,265.0,416.34,0.4278,1179.78
96.75,12.61,752.98,0.1812,845.04
548.61,9.96,146.89,0.557,712.8
626.16,759.06,135.89,0.8721,1536.68
829.09,251.58,558.13,0.6253,1658.29
16.48,879.47,527.04,0.7533,1423.75
12.4,132.44,456.47,0.4433,613.4
249.83,146.82,337.75,0.9229,729.2
319.67,25.4,488.98,0.4994,832.51
950.0,23.2,623.49,0.0725,1600.1
463.72,0.03,555.9,0.6605,1043.89
516.57,220.29,356.46,0.0871,1118.83
655.0,986.73,14.22,0.5518,1656.53
826.77,162.06,557.92,0.6771,1589.17
122.29,794.49,23.42,0.8026,968.71
194.63,0.0,400.73,0.3509,589.62
451.09,65.14,690.89,0.8538,1206.08
124.41,25.77,821.99,0.1299,978.91
942.5,859.18,370.08,0.6507,2198.32
753.46,0.03,129.74,0.6028,860.86
666.05,43.33,797.98,0.7873,1461.94
772.9,19.93,444.83,0.2277,1262.67
823.07,734.24,789.73,0.9136,2408.74
931.82,186.38,380.25,0.5543,1458.1
288.55,14.05,74.19,0.4969,378.24
630.15,141.4,385.73,0.468,1179.08
822.94,7.81,644.96,0.734,1484.63
862.93,24.65,793.46,0.7065,1690.08
664.58,606.23,893.79,0.4281,2187.32
744.58,92.88,834.25,0.405,1623.15
105.94,11.51,756.63,0.4069,876.2
245.98,118.81,725.24,0.8556,1105.69
574.82,102.03,552.85,0.4525,1222.18
471.88,197.14,450.88,0.4749,1106.8
745.65,39.78,720.52,0.8183,1512.64
582.68,23.23,665.26,0.2649,1254.18
255.12,133.55,853.78,0.3932,1241.91
986.94,669.58,149.28,0.7877,1798.61
393.3,660.17,619.88,0.5295,1671.32
812.3,357.24,421.56,0.8532,1632.37
170.39,265.6,874.79,0.2725,1272.11
860.56,11.6,452.86,0.9418,1333.01
556.49,134.45,726.7,0.3698,1401.97
167.94,406.56,706.24,0.173,1271.1
892.9,0.0,268.88,0.5495,1187.11
272.05,97.36,163.37,0.5267,545.46
575.29,0.81,759.97,0.2075,1329.87
360.57,479.61,185.65,0.218,997.1
32.94,11.44,651.61,0.8036,687.03
882.08,507.25,782.72,0.6786,2189.25
525.09,278.17,827.2,0.1405,1601.11
72.45,843.39,400.74,0.6578,1325.43
991.0,4.23,719.56,0.8487,1735.06
754.09,44.64,583.74,0.5126,1384.92
135.22,1.6,92.99,0.624,240.87
216.63,331.21,618.16,0.5353,1150.39
385.41,583.99,67.63,0.7158,1018.07
846.6,194.77,564.09,0.368,1581.93
770.4,994.69,443.22,0.1052,2227.39
119.02,14.66,295.9,0.7079,439.21
165.75,0.09,785.92,0.6742,958.39
28.29,174.37,254.28,0.5871,447.89
923.31,23.84,611.23,0.0986,1539.74
980.76,403.71,418.69,0.248,1782.87
736.35,10.93,406.09,0.4665,1169.92
683.84,266.06,584.84,0.2934,1594.16
45.66,487.33,389.7,0.4444,943.18
209.43,203.11,209.3,0.1078,620.37
376.47,54.97,388.19,0.7835,839.52
758.04,829.38,594.78,0.4385,2203.94
414.43,144.94,285.95,0.1438,839.89
123.86,69.14,501.24,0.8876,697.7
621.46,95.91,18.24,0.2746,727.96
216.79,20.7,361.18,0.5261,598.89
161.87,0.82,494.71,0.3462,664.79
221.82,0.01,847.23,0.1475,1067.1
146.55,944.87,555.89,0.5993,1709.54
88.44,925.44,183.61,0.6108,1207.01
383.95,807.59,134.3,0.9474,1330.03
648.77,906.78,51.84,0.8806,1593.65
704.4,3.32,480.05,0.6562,1206.09
154.99,14.55,768.95,0.081,924.4
999.39,0.0,144.94,0.6567,1130.0
589.79,320.01,529.33,0.3787,1414.96
594.29,8.95,506.82,0.8437,1121.66
471.79,33.26,77.3,0.2702,581.99
986.63,11.01,733.39,0.2018,1739.53
418.28,34.14,718.52,0.9119,1173.37
153.58,468.53,133.15,0.872,753.73
336.38,3.87,10.63,0.2732,344.41
797.26,912.09,90.69,0.583,1802.66
542.94,32.91,255.12,0.5665,844.1
469.13,275.66,115.36,0.8875,862.74
819.53,279.6,639.0,0.6945,1739.27
613.61,21.54,89.56,0.5956,745.18
241.29,0.22,494.0,0.1943,719.64
790.87,555.17,278.59,0.5441,1631.64
472.89,281.16,189.08,0.9313,962.38
829.22,209.69,220.37,0.7211,1287.46
774.42,205.36,99.68,0.1216,1077.58
292.94,703.31,685.87,0.6784,1693.84
708.94,852.37,82.4,0.3435,1635.52
742.33,106.66,513.66,0.3327,1363.97
266.93,635.35,542.18,0.3902,1450.39
64.46,16.37,207.09,0.9368,285.08
617.79,0.0,165.88,0.622,784.04
924.28,447.21,402.65,0.7246,1739.7
460.98,265.26,826.8,0.2738,1549.59
97.54,272.66,704.55,0.6031,1068.17
151.66,10.02,242.91,0.588,410.24
244.48,688.02,336.53,0.4514,1254.14
181.94,391.62,403.61,0.0646,992.87
815.76,378.81,782.18,0.8661,1965.24
610.96,225.65,240.57,0.2498,1113.81
659.31,476.23,684.86,0.3346,1803.94
453.61,163.5,827.18,0.8373,1434.81
850.26,897.46,418.95,0.0927,2139.46
390.28,17.11,152.95,0.9079,551.36
959.38,440.43,576.85,0.6584,1941.16
646.43,6.51,843.93,0.3216,1493.65
711.16,282.88,406.17,0.6192,1382.24
673.33,19.82,245.55,0.196,944.24
331.25,93.69,171.38,0.2237,586.58
128.88,326.94,849.55,0.4341,1295.68
98.32,0.08,649.23,0.7349,776.76
56.82,468.93,338.88,0.323,869.21
996.02,0.26,744.31,0.6255,1700.31
711.72,632.59,165.41,0.0507,1467.95
353.86,1.9,167.52,0.3486,524.21
56.91,768.64,280.89,0.934,1094.03
142.57,365.41,540.72,0.6716,1064.48
188.56,0.45,543.72,0.9379,728.14
710.76,954.46,610.21,0.0862,2299.62
364.68,0.0,456.51,0.8933,825.17
491.51,5.25,51.92,0.1225,559.72
864.07,2.94,259.49,0.2255,1122.27
553.43,342.89,583.09,0.3992,1494.06
94.1,3.67,838.62,0.7354,943.6
916.68,273.86,835.41,0.425,2027.08
62.57,1.31,85.82,0.3665,157.43
790.65,205.6,131.79,0.7231,1115.97
12.99,22.09,297.54,0.2968,338.09
759.93,336.5,125.1,0.7771,1206.54
194.84,272.22,435.16,0.4454,938.04
518.3,1.0,147.83,0.1693,670.62
284.86,44.82,289.87,0.8584,613.56
919.16,26.98,103.35,0.5506,1060.63
801.91,680.13,425.32,0.9242,1934.59
270.92,116.91,33.58,0.7736,411.07
308.75,180.67,38.68,0.1214,517.97
71.78,108.59,304.83,0.2553,477.15
763.41,861.56,126.16,0.9137,1719.42
641.66,357.8,633.71,0.7878,1663.4
533.36,33.96,94.73,0.6482,667.7
275.64,0.84,171.65,0.6249,448.38
421.05,0.73,390.04,0.3675,794.99
579.03,118.78,438.28,0.9197,1140.06
496.98,110.06,23.83,0.8983,624.6
255.94,998.23,646.82,0.0926,1857.12
25.5,215.59,64.41,0.89,303.96
546.05,234.47,262.7,0.1076,1022.86
101.79,0.63,280.1,0.0612,383.76
707.68,514.59,543.88,0.8122,1772.95
848.77,129.92,200.73,0.8997,1175.27
26.2,14.29,330.02,0.3662,367.01
883.13,24.98,468.69,0.3561,1365.81
157.6,1.11,452.7,0.6547,604.83
589.62,463.41,353.44,0.0796,1363.52
38.72,35.59,445.94,0.3707,516.28
480.61,311.59,600.27,0.3363,1376.01
585.15,212.17,283.23,0.3473,1062.96
647.41,2.46,396.94,0.8534,1039.78
855.16,4.34,456.52,0.4319,1318.62
915.4,94.15,858.84,0.3081,1953.79
922.39,172.65,182.41,0.6667,1269.95
944.53,84.76,241.66,0.1745,1289.73
974.11,0.02,666.4,0.8842,1661.88
110.17,331.31,583.17,0.1119,1036.31
523.42,746.63,790.19,0.7813,2053.86
251.71,129.54,90.73,0.643,473.28
511.17,0.16,269.56,0.2589,760.38
786.79,0.19,765.26,0.8247,1519.99
659.0,65.26,138.77,0.5258,851.32
878.47,789.63,739.45,0.5563,2395.43
984.61,15.23,68.35,0.5557,1052.19
322.34,0.0,536.62,0.2876,845.72
40.43,48.37,791.07,0.353,882.99
756.55,35.32,739.48,0.6727,1518.97
0.99,0.04,891.78,0.7541,881.42
902.3,0.01,712.66,0.456,1598.51
6.72,23.94,676.19,0.7637,692.0
301.26,29.9,870.09,0.4453,1182.04
552.33,68.67,497.4,0.4391,1086.87
909.05,809.84,507.87,0.4479,2261.58
838.32,178.44,629.98,0.7248,1639.03
746.13,9.08,448.54,0.5794,1203.5
855.96,227.01,116.22,0.7847,1181.01
758.3,60.26,768.78,0.4226,1616.12
0.64,268.18,646.36,0.5604,954.18
809.94,316.34,250.27,0.9132,1395.39
987.94,916.24,827.02,0.7298,2680.17
172.17,160.41,688.84,0.5188,1051.03
109.66,55.28,455.37,0.4391,630.23
153.53,587.67,435.95,0.0939,1174.05
473.48,4.44,634.61,0.7658,1138.52
592.18,3.68,273.22,0.8499,881.25
885.89,11.43,297.02,0.4739,1202.99
997.65,1.5,766.77,0.8273,1792.68
344.04,139.98,263.22,0.7692,734.18
925.84,241.45,462.89,0.69,1631.76
904.51,6.27,876.01,0.781,1811.91
482.91,586.8,276.1,0.7358,1342.43
307.05,88.56,290.09,0.3983,699.91
256.68,413.96,66.34,0.7392,744.99
401.7,377.11,823.62,0.7706,1607.94
484.21,473.38,263.34,0.7735,1203.59
805.99,0.65,39.96,0.9479,853.82
438.32,23.6,117.02,0.5011,584.65
935.55,0.0,128.88,0.2718,1048.36
225.78,282.36,294.76,0.6035,802.17
602.56,335.03,328.95,0.1938,1273.65
964.28,240.42,249.76,0.4558,1436.44
668.44,176.23,796.65,0.6552,1635.69
189.77,1.2,868.63,0.589,1069.17
589.02,0.24,739.91,0.245,1346.12
534.38,21.16,27.19,0.7843,577.21
51.81,431.87,315.04,0.4004,814.67
859.18,26.29,189.17,0.3283,1087.32
317.66,0.57,142.68,0.4253,460.09
57.29,9.62,817.51,0.851,893.92
240.47,73.99,190.1,0.1657,502.06
575.82,46.63,549.74,0.3166,1157.03
790.67,677.56,289.83,0.5644,1770.27
53.33,401.71,153.9,0.4331,592.34
184.47,0.85,313.21,0.9071,512.64
381.41,0.06,540.25,0.133,930.39
751.95,76.0,269.47,0.0926,1087.35
430.03,689.27,219.66,0.5666,1363.29
60.83,3.59,298.15,0.6531,358.47
734.2,653.06,682.54,0.943,2073.89
852.18,576.69,657.24,0.7716,2125.0
475.21,260.04,463.45,0.8159,1195.85
819.73,510.76,865.7,0.274,2249.67
756.92,820.76,816.21,0.5662,2445.39
167.29,926.75,229.52,0.7023,1329.87
441.22,9.42,170.06,0.8208,620.46
90.14,368.63,225.15,0.8388,690.08
200.27,0.61,460.38,0.4557,661.09
464.6,40.64,235.49,0.3003,745.39
165.08,964.95,294.23,0.1296,1399.66
58.41,493.09,461.3,0.3533,1020.46
630.65,830.24,865.13,0.6626,2284.69
792.43,118.59,634.01,0.1204,1540.77
961.83,0.61,752.5,0.8897,1699.3
524.81,798.81,864.2,0.1651,2156.56
698.14,10.88,292.29,0.071,996.06
562.33,278.56,584.02,0.7505,1440.7
273.49,0.0,185.97,0.3311,464.6
20.14,3.9,599.49,0.6166,630.75
798.17,183.01,123.8,0.5577,1109.12
430.88,59.44,385.03,0.3018,883.37
840.94,453.9,564.98,0.5345,1846.41
722.93,161.86,243.67,0.3451,1114.71
624.36,107.79,558.83,0.4224,1258.24
290.31,85.1,617.03,0.0859,980.55
282.98,318.0,578.45,0.6374,1176.74
732.32,351.07,212.64,0.305,1309.63
277.7,49.33,351.86,0.5935,688.87
804.29,83.76,635.62,0.1233,1490.7
28.22,308.79,309.34,0.9043,639.99
563.81,17.05,558.1,0.4703,1107.13
203.69,1.39,107.89,0.9491,313.03
1.93,865.33,17.98,0.4267,905.37
914.6,362.29,417.26,0.927,1712.48
986.89,612.81,836.04,0.2793,2422.75
663.32,137.28,470.85,0.8822,1223.67
311.06,64.03,120.15,0.2231,495.72
810.29,350.21,477.31,0.3869,1626.72
812.91,684.34,492.31,0.7879,1982.33
474.53,648.18,347.74,0.4063,1462.63
518.7,161.75,594.42,0.4375,1252.97
866.84,41.42,830.65,0.2366,1774.66
536.62,569.0,124.97,0.8689,1229.66
586.11,132.78,32.42,0.4974,752.27
342.69,273.49,447.93,0.1339,1048.96
185.66,6.96,547.47,0.21,739.36
209.76,0.76,788.17,0.3158,1003.5
959.03,842.22,643.43,0.112,2379.43
989.08,849.05,95.4,0.4064,1949.3
129.73,335.41,246.46,0.3604,697.12
497.97,3.96,388.88,0.179,871.48
144.98,142.14,177.28,0.1187,472.01
54.77,2.71,444.14,0.6366,500.34
441.02,196.37,210.8,0.3849,834.06
220.13,101.69,891.4,0.9466,1204.31
423.09,0.53,291.22,0.2639,710.93
95.23,93.08,305.7,0.2123,483.96
357.12,618.18,216.88,0.5346,1168.77
495.3,3.54,145.42,0.601,647.01
172.37,803.76,38.7,0.5586,1025.31
250.61,92.82,78.96,0.6991,412.11
193.39,31.22,812.13,0.7668,1055.43
651.96,291.33,432.03,0.8647,1378.91
355.06,262.61,491.53,0.1616,1110.45
313.33,607.29,340.96,0.7894,1226.03
753.5,2.48,832.19,0.4825,1586.48
241.49,18.63,330.05,0.6958,584.62
669.04,163.82,403.74,0.7954,1263.22
293.04,866.67,355.6,0.7701,1494.32
703.66,4.22,527.52,0.1569,1237.4
281.32,336.01,819.08,0.2129,1441.42
647.12,73.91,157.34,0.0762,872.45
649.21,189.1,140.62,0.4556,962.16
274.2,387.85,278.69,0.5361,926.37
539.28,234.91,65.92,0.2103,851.12
764.81,584.11,167.81,0.2473,1535.59
591.08,240.41,618.08,0.8647,1444.83
658.76,175.36,275.25,0.8667,1115.84
712.0,385.63,823.79,0.5167,1965.01
827.74,457.98,450.28,0.7411,1746.87
589.51,647.63,286.19,0.4852,1508.52
798.21,697.96,346.72,0.9469,1832.81
518.77,110.09,718.59,0.8678,1394.1
626.82,78.09,459.29,0.5084,1161.61
503.05,627.16,638.35,0.7661,1765.76
528.97,0.04,344.7,0.477,872.27
31.24,329.09,391.58,0.4241,761.22
473.98,195.99,5.69,0.8669,688.65
450.92,8.92,471.4,0.3022,918.55
396.36,260.62,223.99,0.0675,876.3
536.49,97.05,865.81,0.6862,1441.72
295.06,491.27,500.0,0.6006,1303.54
653.99,726.13,653.18,0.1646,2006.32
484.32,775.64,726.15,0.1437,1985.8
69.61,120.0,72.69,0.7013,267.92
835.89,21.9,467.23,0.1557,1326.35
175.0,1.07,184.55,0.7756,342.93
614.43,415.46,675.97,0.2211,1718.48
448.81,8.3,629.34,0.371,1104.04
113.48,182.82,166.97,0.6611,470.1
975.89,320.75,163.56,0.0627,1479.7
152.81,10.42,785.48,0.5929,938.36
556.66,16.73,878.58,0.0795,1479.57
773.0,0.3,154.68,0.3959,975.44
655.31,480.07,745.31,0.4787,1883.22
718.01,18.26,769.04,0.0687,1535.56
800.2,39.39,134.85,0.2181,978.03
846.18,0.35,27.43,0.4687,856.37
279.01,882.44,798.91,0.3048,1925.74
685.87,134.08,380.62,0.784,1213.21
756.94,994.78,430.66,0.7762,2148.98
211.6,0.07,364.27,0.8211,571.09
700.01,0.0,319.83,0.604,1020.02
896.61,3.82,818.81,0.2448,1772.42
604.75,0.6,58.75,0.1174,674.53
809.58,65.43,400.35,0.5804,1281.94
688.06,105.01,642.47,0.9476,1468.15
12.22,1.98,498.16,0.3598,508.77
627.45,140.9,718.24,0.2827,1482.6
619.68,816.76,709.07,0.8183,2134.99
824.24,167.13,556.69,0.103,1529.67
550.96,0.2,667.3,0.8061,1236.85
101.77,829.84,60.86,0.4767,1010.63
70.31,0.01,22.45,0.5101,97.96
127.43,1.93,511.69,0.2609,629.54
949.64,449.51,789.46,0.5176,2205.15
182.9,0.32,590.36,0.0968,776.76
691.55,863.35,282.5,0.4875,1868.13
242.78,159.09,593.52,0.9309,991.0
475.33,204.1,131.96,0.4388,815.2
118.83,134.25,149.07,0.5815,405.79
723.59,7.44,806.66,0.0736,1529.61
320.1,11.4,424.44,0.8078,766.84
303.25,3.67,648.13,0.5738,945.74
760.3,139.74,588.06,0.3734,1468.01
180.34,432.97,141.31,0.7505,748.66
746.6,0.01,245.82,0.4715,981.5
919.22,52.99,787.52,0.1971,1813.13
52.28,409.33,135.59,0.2813,596.27
13.97,0.0,459.59,0.3245,468.18
613.59,11.92,532.99,0.3913,1131.86
138.1,13.29,26.85,0.3273,180.98
831.36,51.48,518.25,0.5606,1433.58
236.29,26.04,271.61,0.0868,527.68
877.91,758.52,98.67,0.4623,1732.77
489.36,170.69,18.23,0.808,657.19
653.4,288.09,475.18,0.3508,1417.67
584.06,0.09,742.05,0.4288,1318.57
327.17,910.85,157.43,0.1862,1385.83
658.53,975.88,211.93,0.8651,1843.57
647.9,0.07,446.09,0.6391,1076.24
237.84,568.69,873.12,0.4633,1676.09
790.41,14.08,778.01,0.3022,1592.59
112.1,23.98,480.26,0.5224,622.12
996.13,1.23,244.25,0.3718,1220.81
493.91,627.65,693.5,0.067,1799.82
618.07,97.59,117.58,0.4077,824.12
187.72,432.61,289.26,0.5801,913.4
877.43,1.82,102.84,0.3203,992.0
298.54,444.52,220.74,0.1263,966.06
773.38,615.34,660.01,0.5521,2005.35
681.39,12.87,495.68,0.7435,1166.59
653.97,111.62,452.84,0.131,1225.89
865.69,2.83,329.5,0.0938,1187.97
989.66,120.17,319.97,0.2974,1382.29
252.25,382.2,255.38,0.1134,893.17
1.63,308.57,225.34,0.7215,534.89
724.11,0.01,633.36,0.9411,1347.47
274.24,538.41,144.36,0.6445,957.11
37.16,169.81,518.29,0.3231,724.07
162.75,48.31,763.8,0.2216,962.22
79.07,117.09,67.8,0.6601,266.98
849.86,944.83,604.81,0.7422,2399.45
912.74,266.79,795.2,0.2619,2023.46
729.82,8.33,190.21,0.9302,918.36
181.82,36.42,357.64,0.6108,572.4
986.59,276.78,629.93,0.3396,1923.17
217.8,1.2,875.93,0.8277,1109.21
675.17,101.86,290.82,0.3081,1063.98
549.32,89.07,460.97,0.2438,1111.16
638.59,728.03,98.34,0.6106,1482.89
330.92,7.43,238.52,0.2956,584.64
325.96,19.96,583.66,0.0977,947.13
689.75,5.44,198.84,0.2306,892.3
473.77,0.06,245.65,0.9453,729.6
215.08,29.79,417.33,0.81,669.67
126.24,1.93,375.06,0.8331,506.32
107.37,189.41,140.11,0.6675,440.76
454.77,0.57,521.33,0.4177,987.77
340.34,669.69,246.33,0.1918,1240.68
34.92,22.25,594.11,0.1781,619.32
132.39,0.47,787.17,0.8997,928.58
760.07,400.56,897.22,0.3631,2066.64
453.08,628.49,655.73,0.4745,1673.61
727.02,623.99,359.96,0.6517,1715.69
478.49,144.63,698.15,0.9298,1353.61
342.32,52.14,120.5,0.3172,526.23
427.89,4.69,311.77,0.7642,754.39
611.89,731.87,510.24,0.2244,1904.93
590.37,130.02,133.76,0.4521,852.38
267.33,229.72,63.14,0.3529,555.69
259.28,221.64,369.03,0.3348,841.94
343.26,13.26,818.37,0.7213,1186.63
49.53,2.26,574.51,0.2385,642.01
779.14,23.38,64.43,0.0828,851.0
617.13,655.97,99.72,0.227,1377.64
364.11,112.36,831.71,0.5404,1296.54
989.44,0.28,838.9,0.5015,1827.47
921.96,130.57,394.57,0.2952,1440.75
569.65,9.85,638.47,0.6297,1221.4
4.4,89.06,5.45,0.1175,89.06
81.92,20.95,589.94,0.3278,717.97
916.3,200.52,870.25,0.8312,1965.6
749.6,2.56,616.1,0.492,1371.32
274.23,872.03,284.25,0.2133,1408.63
479.21,598.33,682.2,0.4432,1743.0
46.06,99.02,733.3,0.7067,877.05
594.7,83.02,521.11,0.5158,1185.57
507.71,832.2,385.23,0.0643,1750.45
500.61,157.96,497.15,0.6931,1161.53
664.9,348.96,370.15,0.412,1366.74
413.99,487.1,818.08,0.5843,1696.9
682.29,405.46,298.99,0.7939,1394.49
10.75,1.86,140.41,0.841,152.21
274.93,79.0,355.36,0.3213,711.67
655.92,2.55,697.88,0.2315,1309.15
805.59,1.97,78.07,0.9046,898.86
630.24,0.01,250.84,0.5049,880.08
271.44,465.83,595.99,0.1537,1310.17
237.86,86.66,571.8,0.4401,876.75
695.88,199.66,467.38,0.549,1343.04
680.43,58.19,327.12,0.1848,1089.53
602.66,39.41,773.87,0.8109,1385.98
695.04,61.09,899.74,0.2525,1645.93
442.11,19.4,622.79,0.4828,1062.96
506.37,702.09,713.16,0.4989,1897.11
179.89,677.72,639.15,0.5649,1497.42
121.69,317.9,195.04,0.1585,639.56
387.39,833.7,291.58,0.7834,1533.57
920.4,67.88,350.7,0.1949,1348.05
879.78,106.75,307.22,0.2445,1330.58
716.67,23.56,681.94,0.6168,1414.63
250.91,251.27,138.36,0.3774,657.88
631.67,6.63,772.51,0.098,1394.17
983.82,150.15,720.6,0.5857,1842.5
655.59,330.13,205.03,0.7176,1157.28
980.64,11.82,213.02,0.8228,1170.98
360.9,364.97,142.87,0.1932,853.84
243.7,13.09,8.32,0.3834,271.62
31.16,239.75,563.99,0.1137,830.06
872.81,197.31,370.78,0.4686,1409.02
811.88,763.56,819.6,0.2515,2414.94
160.62,28.99,299.52,0.6198,482.66
919.4,1.1,6.19,0.8195,931.11
355.36,211.18,201.19,0.2016,776.72
353.19,232.87,196.33,0.6466,786.46
166.64,0.08,395.63,0.7466,565.74
701.88,65.37,211.45,0.5286,957.34
726.23,7.64,262.14,0.5059,1005.23
600.85,83.71,827.53,0.8059,1515.52
629.52,256.06,548.28,0.4414,1450.39
592.0,0.02,6.71,0.8165,605.12
524.8,232.59,178.35,0.8562,913.61
884.51,444.18,216.67,0.1857,1562.67
397.95,14.85,899.0,0.2567,1333.87
159.12,941.9,202.97,0.4295,1285.74
120.29,544.98,247.22,0.5443,916.26
602.64,0.17,151.76,0.1951,746.83
144.91,783.58,461.66,0.6112,1419.7
276.25,127.4,264.89,0.3593,659.37
505.73,953.68,200.99,0.4892,1662.33
350.0,369.08,157.02,0.5732,884.77
51.58,812.36,372.24,0.7555,1230.13
937.36,24.51,371.01,0.733,1306.01
364.36,984.55,500.05,0.6704,1854.09
827.92,640.11,506.93,0.3151,1979.66
614.4,562.47,405.49,0.1982,1589.81
509.99,585.71,154.58,0.6009,1249.64
936.05,1.59,833.75,0.5913,1762.82
53.77,129.67,560.37,0.3262,739.42
554.3,168.7,37.68,0.4455,741.5
916.7,931.37,269.68,0.2077,2075.62
477.75,668.79,450.03,0.0999,1584.13
227.39,598.59,559.33,0.5567,1369.51
929.43,36.32,751.45,0.8563,1651.74
894.29,21.21,592.59,0.1292,1532.15
217.33,0.25,3.35,0.3423,208.22
455.23,27.48,892.08,0.8956,1377.28
415.11,273.17,660.14,0.3797,1375.45
124.15,36.53,644.79,0.6131,818.47
46.86,5.3,43.65,0.2229,94.39
504.21,147.46,592.1,0.3964,1243.79
673.89,0.16,779.55,0.0704,1444.59
894.92,187.63,547.58,0.6634,1660.93
674.93,682.3,876.8,0.4487,2275.23
753.31,159.99,231.57,0.2049,1131.33
459.18,4.92,17.75,0.0969,485.11
72.96,0.39,406.07,0.2706,494.29
910.99,66.3,403.86,0.3876,1391.02
292.85,1.85,92.13,0.5548,378.98
102.93,110.95,398.05,0.1739,610.31
192.97,13.13,720.22,0.8739,937.03
405.03,361.68,564.23,0.2157,1362.1
437.61,180.2,124.84,0.3139,748.82
261.3,97.82,587.76,0.5085,939.68
102.94,555.15,431.37,0.1059,1088.43
804.03,424.79,788.23,0.5919,2001.29
426.63,7.3,585.72,0.5766,1027.29
885.66,50.03,44.76,0.3451,954.79
916.96,117.94,860.71,0.8377,1860.55
859.71,55.69,680.82,0.5696,1612.48
177.79,391.25,861.83,0.3224,1384.36
378.38,7.97,101.06,0.7565,481.7
307.13,225.26,298.89,0.4535,858.83
668.17,443.15,525.14,0.9423,1689.68
262.29,0.79,498.62,0.602,754.7
335.45,0.0,569.01,0.9488,912.37
183.93,22.37,382.87,0.2758,594.49
638.21,41.07,356.45,0.086,1038.34
406.89,35.33,77.84,0.6208,511.41
41.15,3.07,131.75,0.592,169.04
437.77,40.64,689.26,0.7183,1151.45
160.83,45.81,698.04,0.6756,898.28
829.43,21.28,305.72,0.0881,1174.71
582.43,26.5,62.47,0.7011,686.24
666.18,8.46,821.89,0.7278,1491.72
650.94,739.64,835.48,0.5861,2208.49
363.73,549.51,580.14,0.1195,1498.63
900.19,691.98,856.65,0.4351,2477.39
828.23,31.46,130.8,0.9473,989.75
597.34,274.89,613.61,0.2801,1516.31
216.4,569.8,197.21,0.677,991.65
188.95,13.48,701.19,0.1274,913.63
455.53,804.83,505.69,0.3989,1725.52
463.71,81.6,370.48,0.331,930.0
687.84,0.07,613.64,0.2311,1302.33
146.54,168.88,656.42,0.3692,976.63
226.51,547.57,240.88,0.7472,1002.06
188.73,384.73,421.69,0.0781,979.23
147.75,44.14,346.32,0.4905,532.17
6.09,810.79,581.39,0.9056,1383.72
927.84,217.08,321.58,0.4486,1469.15
426.93,391.7,82.66,0.797,889.1
943.95,3.76,116.25,0.7807,1077.76
738.76,886.2,243.49,0.794,1827.43
537.4,88.48,5.27,0.567,650.69
174.55,808.66,477.36,0.2104,1467.58
191.92,0.26,616.78,0.1496,816.52
739.94,0.17,728.79,0.7665,1474.92
518.38,0.9,569.31,0.1066,1066.86
207.73,318.46,115.46,0.2386,642.94
573.1,996.59,23.33,0.0503,1611.07
366.16,690.43,821.32,0.8425,1865.83
412.1,414.97,281.35,0.6469,1142.47
323.42,637.01,225.46,0.9179,1201.74
23.53,16.56,154.08,0.5061,201.39
626.05,669.69,326.27,0.2016,1614.11
785.97,206.94,91.03,0.5335,1090.3
327.11,1.34,883.0,0.2084,1192.79
145.58,185.38,399.3,0.2746,721.91
673.52,22.35,823.72,0.3257,1545.35
343.14,595.74,466.93,0.3621,1377.08
752.17,26.43,546.01,0.3825,1324.51
961.82,166.04,538.59,0.5899,1653.61
290.05,917.13,559.5,0.6538,1793.0
287.86,0.27,315.21,0.2085,599.97
879.0,27.75,299.59,0.6533,1209.06
929.44,48.17,91.08,0.2072,1049.51
247.12,290.47,140.55,0.2247,675.71
148.03,0.01,451.11,0.8265,607.65
128.16,947.63,609.06,0.8156,1685.89
698.24,56.87,291.91,0.6953,1075.8
950.59,183.89,265.16,0.4906,1426.34
426.73,495.16,526.15,0.0585,1422.3
633.6,766.72,372.35,0.567,1812.34
531.66,0.3,807.56,0.8694,1351.25
556.56,0.19,538.16,0.4362,1104.95
47.12,359.26,258.2,0.6365,665.57
226.84,85.45,752.07,0.595,1053.69
442.91,30.3,577.48,0.6031,1048.04
607.7,396.82,691.86,0.1031,1709.0
421.27,5.81,378.66,0.114,790.25
668.69,18.1,640.27,0.0933,1300.23
391.45,506.21,705.56,0.388,1565.48
81.26,82.09,164.45,0.845,341.28
590.77,46.8,259.87,0.2326,884.99
799.47,2.37,672.05,0.4267,1478.24
528.37,2.2,188.94,0.6764,720.1
891.89,283.81,749.06,0.6037,1861.57
361.68,165.6,464.3,0.8634,1002.72
578.06,429.4,333.04,0.8308,1362.34
173.31,199.23,378.51,0.0637,754.74
195.28,455.34,802.84,0.5411,1464.47
534.42,626.36,674.53,0.312,1902.7
900.68,623.03,48.34,0.7913,1605.43
63.28,436.56,482.68,0.4231,976.99
839.3,0.19,554.48,0.745,1403.92
983.01,322.9,93.73,0.2285,1408.3
996.76,0.95,90.3,0.737,1080.22
68.56,702.16,720.4,0.8434,1497.0
322.54,744.45,268.85,0.298,1330.85
680.82,718.53,140.31,0.9071,1573.11
668.04,763.7,342.68,0.6976,1769.85
787.75,721.6,612.05,0.1109,2097.04
953.98,908.87,870.67,0.0831,2726.62
759.67,426.76,77.32,0.5985,1267.94
493.21,13.77,47.85,0.122,555.9
744.65,809.1,422.99,0.422,2033.14
616.31,43.45,671.65,0.7712,1332.86
242.8,146.38,201.1,0.0838,592.96
548.98,379.39,78.86,0.946,1026.97
465.0,649.59,219.21,0.7138,1335.97
814.67,534.94,416.72,0.788,1753.54
132.45,1.49,694.73,0.6129,831.45
907.26,286.96,356.53,0.4225,1573.6
760.28,179.74,457.88,0.7042,1410.09
830.35,0.24,679.46,0.5124,1502.69
679.01,367.89,471.26,0.7644,1539.1
201.91,43.15,369.05,0.6763,606.0
720.92,5.27,329.6,0.1926,1039.74
248.17,145.02,712.65,0.6538,1117.69
332.87,278.91,494.52,0.1368,1073.47
512.61,106.07,178.6,0.3893,784.71
270.74,182.68,416.05,0.8503,861.17
219.47,1.0,706.8,0.9454,908.97
23.7,15.86,39.01,0.7887,84.08
513.72,170.45,227.21,0.5915,913.99
646.01,396.15,605.72,0.3489,1613.97
715.54,2.11,175.63,0.6234,889.52
119.43,3.72,149.06,0.48,281.17
176.4,361.7,252.91,0.3304,796.17
785.21,884.22,443.25,0.0878,2106.09
158.05,598.57,76.37,0.9198,824.61
517.74,608.4,24.79,0.7494,1093.58
840.78,148.18,55.02,0.7999,1040.34
138.37,507.83,418.38,0.8432,1069.04
623.53,24.96,120.31,0.9151,800.56
529.01,20.25,237.73,0.5851,780.42
777.18,655.79,263.61,0.4692,1694.97
746.86,27.64,505.34,0.2024,1304.45
817.27,675.57,41.34,0.9432,1513.99
309.43,15.5,240.78,0.5474,559.42
393.77,281.79,752.42,0.6735,1452.97
147.73,543.57,33.55,0.2878,717.46
667.43,49.99,586.84,0.3623,1320.72
457.96,0.09,387.2,0.627,851.58
75.28,298.15,277.98,0.063,646.79
497.56,29.91,624.94,0.2666,1144.25
286.48,239.33,719.29,0.397,1229.33
535.45,986.29,872.09,0.2489,2391.08
344.95,4.12,599.32,0.5008,955.22
827.39,38.12,600.39,0.3796,1477.7
378.02,857.47,434.94,0.1474,1631.86
963.38,748.48,514.76,0.3887,2263.92
815.93,638.81,736.96,0.4599,2207.32
60.96,124.0,589.84,0.8187,782.07
857.24,439.1,632.92,0.0591,1927.26
120.48,0.2,140.77,0.791,273.45
948.77,938.25,803.96,0.1696,2686.58
838.64,660.97,136.52,0.1551,1656.08
173.83,50.09,410.39,0.162,629.88
994.09,673.74,821.1,0.3061,2550.26
425.87,93.16,5.04,0.7513,524.27
392.75,0.89,239.55,0.5019,624.98
545.03,612.1,202.72,0.0749,1369.02
134.17,185.66,727.37,0.8481,1051.45
403.14,3.69,361.28,0.3492,798.43
486.72,11.57,259.92,0.1728,766.44
50.35,0.0,164.69,0.7798,214.76
625.84,45.78,61.81,0.8205,743.76
33.06,187.84,74.96,0.1362,298.98
491.61,14.09,313.76,0.7063,809.78
116.48,234.04,546.27,0.9252,875.03
537.54,260.12,125.64,0.5476,934.39
844.73,582.52,386.67,0.9201,1859.83
129.25,49.72,540.29,0.1264,716.1
261.17,862.94,370.43,0.7364,1491.47
131.81,643.07,0.38,0.1003,766.3
686.9,39.9,59.68,0.3361,783.06
534.8,1.59,258.75,0.6271,790.16
263.46,35.67,222.22,0.9112,525.76
183.18,88.14,170.38,0.191,452.75
640.17,229.31,585.15,0.746,1474.96
918.42,394.16,724.24,0.6989,1994.58
283.03,75.43,87.33,0.4562,451.63
3.95,808.25,620.4,0.5557,1400.46
570.54,708.72,587.14,0.5922,1862.85
698.55,944.02,382.28,0.403,2004.72
425.54,972.14,636.1,0.3733,2076.95
430.8,0.05,475.03,0.7802,914.95
198.42,385.88,647.51,0.2863,1205.69
610.95,592.25,122.47,0.2254,1313.41
44.15,71.78,709.4,0.1838,808.61
989.77,129.49,448.49,0.5529,1583.23
147.16,310.78,356.19,0.3109,806.64
846.05,0.03,674.98,0.3938,1531.82
247.68,3.75,480.05,0.6761,719.89
436.36,87.92,194.38,0.5585,722.13
509.75,1.46,436.99,0.3304,976.36
433.75,748.45,440.94,0.7866,1598.05
352.08,0.42,378.67,0.6518,751.96
565.91,262.23,159.54,0.0835,977.5
167.04,0.76,843.81,0.9172,1029.26
378.64,578.51,184.25,0.4365,1170.84
912.7,778.12,585.8,0.1497,2319.08
245.33,692.96,124.56,0.0989,1049.26
453.29,589.25,67.17,0.771,1103.29
28.07,98.17,199.16,0.5843,323.8
35.39,384.48,189.15,0.6408,621.61
769.75,19.34,350.59,0.128,1112.32
560.73,128.53,871.7,0.3511,1556.87
719.69,800.54,817.02,0.9419,2338.4
796.02,520.68,579.94,0.301,1836.82
204.42,124.68,469.34,0.1956,787.02
88.87,332.95,763.75,0.3645,1155.23
156.77,605.39,856.83,0.1874,1601.65
505.83,150.14,635.84,0.4899,1304.73
230.9,54.23,778.72,0.1489,1032.26
184.29,606.66,521.14,0.4127,1296.45
509.21,103.49,671.65,0.3911,1299.98
336.95,3.44,642.43,0.8357,988.21
880.8,92.21,255.66,0.6241,1245.18
727.05,121.18,619.93,0.7453,1459.59
763.22,81.29,246.25,0.4999,1074.62
942.76,131.07,424.85,0.3634,1501.13
520.05,2.15,782.29,0.3731,1288.57
205.67,169.48,631.85,0.843,999.6
973.33,348.64,255.87,0.234,1569.42
875.73,24.74,416.54,0.6852,1347.46
658.57,427.14,155.99,0.8397,1238.2
128.38,930.41,181.48,0.173,1238.5
318.86,2.37,541.01,0.7331,860.57
155.51,172.68,732.31,0.195,1076.75
2.41,144.4,175.21,0.7018,333.28
208.76,273.48,190.65,0.0662,667.58
434.0,848.7,480.86,0.1917,1786.23
202.89,676.9,621.81,0.3571,1488.07
669.48,479.79,72.13,0.0703,1197.81
395.0,101.66,122.82,0.42,622.46
109.09,770.24,539.23,0.3997,1415.42
314.2,623.56,517.51,0.4954,1467.54
837.98,536.98,203.05,0.1878,1545.82
468.64,319.61,684.56,0.3158,1459.64
490.83,20.47,600.57,0.7221,1081.98
723.8,132.99,641.58,0.2525,1532.19
715.12,18.95,500.37,0.8198,1275.21
866.24,64.73,546.49,0.9426,1492.68
115.03,0.09,711.28,0.4313,847.82
347.67,434.44,418.72,0.8316,1220.42
974.01,701.42,229.09,0.6432,1913.38
991.11,17.78,598.32,0.8142,1614.86
847.88,0.0,397.78,0.4748,1215.25
586.38,765.66,294.29,0.5713,1647.51
773.0,0.07,848.51,0.092,1595.16
575.35,486.31,133.6,0.2114,1193.69
149.5,103.46,658.48,0.6361,933.53
303.96,909.78,403.8,0.09,1594.69
342.44,998.47,272.42,0.0738,1611.61
83.61,20.59,893.14,0.6842,984.35
448.69,5.06,110.65,0.5784,565.93
742.87,710.46,222.01,0.8807,1685.76
258.83,605.04,31.98,0.5536,880.43
279.98,643.84,216.26,0.8059,1132.73
159.93,55.3,768.65,0.1801,981.81
229.73,92.66,317.46,0.1563,627.92
438.18,328.98,517.74,0.5015,1258.28
898.34,341.99,479.23,0.6307,1691.21
433.12,243.86,399.21,0.7319,1061.41
959.87,552.85,541.58,0.7244,2051.26
479.02,17.04,3.15,0.9201,480.34
513.7,16.42,623.68,0.4413,1133.82
999.52,42.54,219.96,0.2906,1243.64
394.05,0.01,102.96,0.2945,497.42
732.16,1.18,779.39,0.249,1525.04
10.11,365.84,230.96,0.5085,622.63
985.3,1.97,370.73,0.8165,1376.2
266.97,528.49,246.01,0.0526,1028.41
12.54,753.06,577.63,0.5747,1369.64
699.95,310.64,54.42,0.8428,1047.32
792.47,18.17,109.84,0.6822,931.4
386.03,0.01,736.43,0.2355,1106.2
628.23,1.0,64.8,0.0731,689.22
311.38,288.36,890.31,0.6525,1478.44
520.92,53.55,539.8,0.9129,1133.64
424.23,36.74,795.18,0.1722,1217.01
255.08,366.49,725.6,0.4793,1372.32
844.77,49.64,288.61,0.509,1200.35
683.05,2.58,392.12,0.8525,1069.33
457.34,288.19,798.94,0.5844,1511.26
222.69,43.92,847.92,0.8474,1134.42
475.49,91.77,52.91,0.8531,632.52
456.25,21.82,308.63,0.1608,781.24
556.67,12.83,560.71,0.9313,1156.72
458.49,120.67,150.12,0.5284,712.4
157.34,3.7,770.71,0.3302,930.19
626.77,590.95,665.91,0.8065,1885.62
449.46,60.96,341.13,0.4266,851.93
423.96,59.07,31.11,0.2976,512.87
577.95,523.93,488.42,0.8187,1606.31
98.28,932.59,13.27,0.5872,1033.63
331.89,214.46,325.91,0.1046,868.89
94.86,0.95,549.8,0.5233,626.88
691.92,0.0,243.89,0.7497,932.18
438.34,0.54,718.86,0.8467,1166.47
243.36,0.09,531.97,0.8689,771.53
317.25,265.71,748.86,0.4782,1349.34
391.91,42.33,524.69,0.4682,939.4
516.39,57.14,355.44,0.5431,894.4
722.91,55.16,345.73,0.6053,1134.25
655.35,128.77,407.72,0.6973,1190.52
846.26,52.65,294.33,0.6929,1181.74
631.8,171.44,695.42,0.221,1482.28
158.1,67.54,597.59,0.4938,824.16
884.97,461.58,473.66,0.905,1841.79
788.07,4.74,257.21,0.3543,1039.81
501.8,7.11,570.77,0.2211,1051.11
969.09,285.2,842.81,0.4909,2110.35
574.37,174.05,13.48,0.8251,743.16
744.69,120.5,556.56,0.2817,1405.11
400.72,4.28,50.32,0.6226,448.77
895.79,346.1,891.54,0.7005,2198.41
601.22,0.51,199.51,0.4258,807.38
953.5,986.85,333.84,0.6883,2261.71
139.51,38.25,210.03,0.3453,398.81
112.35,10.28,815.18,0.1267,944.34
528.45,44.55,465.85,0.0891,1031.32
563.48,315.77,510.53,0.4441,1423.13
226.44,125.05,23.45,0.3454,380.42
108.72,0.25,586.96,0.408,687.21
937.31,876.58,383.03,0.2879,2132.65
628.19,241.04,289.6,0.1074,1132.2
154.42,1.9,833.65,0.0625,1014.55
947.47,46.68,474.39,0.6762,1439.42
477.65,545.54,670.82,0.7776,1680.59
370.33,416.99,542.51,0.6499,1360.25
749.73,694.91,314.39,0.6381,1751.76
594.57,423.86,711.9,0.4281,1726.16
333.85,4.83,234.47,0.8709,571.47
974.76,14.08,650.76,0.5665,1630.47
643.96,353.02,814.99,0.5571,1863.2
270.83,355.22,444.67,0.5437,1104.24
382.63,463.5,651.18,0.6929,1481.17
890.36,211.06,870.36,0.1573,1968.79
716.93,108.68,259.39,0.545,1056.59
909.12,45.42,158.14,0.5688,1106.83
95.9,180.21,484.06,0.2059,780.31
567.36,462.99,325.41,0.2739,1344.7
561.22,0.02,738.64,0.2271,1289.42
705.16,909.33,869.02,0.297,2495.32
316.86,249.09,537.97,0.0991,1102.25
57.76,2.09,231.89,0.8663,292.91
796.89,589.14,661.45,0.4022,2082.89
742.05,410.42,811.42,0.5888,1957.45
890.16,93.86,730.41,0.0985,1712.4
528.29,0.4,878.89,0.055,1442.37
243.38,905.78,343.39,0.0746,1504.16
553.37,960.66,881.8,0.3535,2439.17
100.46,142.38,539.73,0.276,766.05
899.69,0.0,206.04,0.2389,1141.31
166.1,245.21,92.42,0.7147,505.64
926.59,287.73,177.66,0.1268,1403.33
961.96,891.24,343.73,0.3432,2189.35
291.69,940.22,199.1,0.3822,1419.86
125.06,56.1,771.06,0.1763,961.64
406.64,4.96,11.1,0.296,413.23
376.77,531.85,647.72,0.9026,1526.5
707.8,294.53,195.34,0.3232,1189.83
796.66,98.49,204.97,0.9441,1125.18
955.89,529.57,755.0,0.7654,2207.57
632.58,433.37,671.12,0.2944,1720.39
328.12,110.48,516.4,0.8033,953.44
676.15,18.29,430.99,0.3519,1100.53
10.25,39.12,230.5,0.5647,269.47
270.52,0.09,577.28,0.5614,858.59
147.33,879.0,525.95,0.6612,1536.35
806.53,720.24,344.44,0.671,1815.45
651.86,63.6,6.1,0.91,745.18
290.84,993.29,285.41,0.463,1612.89
304.6,91.45,599.03,0.1674,988.04
309.41,309.98,122.37,0.2595,759.49
156.22,75.16,641.59,0.7389,893.33
852.0,379.46,305.37,0.7374,1571.1
600.89,174.19,661.23,0.9493,1451.09
808.72,412.29,770.23,0.9091,1976.97
165.46,201.59,404.37,0.5637,758.93
931.71,72.73,646.14,0.2271,1657.28
21.8,127.83,490.8,0.7119,638.73
358.4,0.0,103.94,0.9258,457.76
325.09,17.34,392.77,0.6709,718.54
67.29,65.35,234.53,0.3424,361.38
658.84,146.06,243.78,0.5485,1072.21
795.97,873.68,117.6,0.8455,1821.9
692.55,52.44,309.52,0.0551,1075.43
606.51,65.12,489.39,0.0865,1155.4
623.36,136.0,708.37,0.6429,1441.88
815.27,0.32,621.8,0.694,1441.29
195.65,9.78,178.33,0.5214,385.01
659.29,1.16,24.2,0.3374,689.0
988.66,27.82,199.86,0.2271,1181.75
605.85,478.11,328.12,0.6134,1435.23
846.5,184.26,260.9,0.6832,1301.26
465.44,962.08,791.19,0.2273,2224.51
600.95,152.97,462.54,0.8181,1176.79
537.71,0.12,403.47,0.8672,960.83
50.95,690.79,744.0,0.542,1484.05
562.43,0.16,288.34,0.616,838.28
357.8,636.11,826.52,0.0689,1851.69
709.86,433.53,353.18,0.6411,1525.23
739.77,371.17,77.28,0.1924,1183.93
932.48,762.41,717.67,0.155,2374.95
187.23,49.99,240.38,0.796,478.46
646.18,952.46,618.35,0.1213,2234.91
643.08,95.01,593.72,0.8411,1344.18
531.32,92.62,65.33,0.7584,691.02
394.57,57.88,252.04,0.4123,730.46
311.39,5.13,782.43,0.9237,1078.75
327.02,0.11,33.17,0.4036,356.2
730.71,42.61,871.24,0.4359,1633.21
426.35,9.47,797.07,0.3751,1247.87
389.05,733.22,578.14,0.4894,1698.04
901.92,163.5,256.55,0.8401,1339.35
314.08,154.71,305.83,0.4791,772.84
130.08,0.05,141.88,0.9077,285.55
488.96,56.77,637.58,0.1771,1177.99
655.9,109.95,693.08,0.8574,1474.27
184.21,0.77,152.5,0.7552,334.77
925.45,26.52,756.31,0.5326,1740.64
548.36,3.11,71.3,0.9115,633.15
350.52,45.23,341.04,0.9005,730.19
119.06,492.39,494.47,0.1657,1098.93
224.23,17.74,12.79,0.2445,241.4
855.43,724.72,350.92,0.3375,1948.95
254.77,33.17,463.83,0.5379,753.28
959.4,190.71,530.24,0.2403,1670.26
737.26,0.86,535.49,0.6424,1296.84
206.09,675.99,415.33,0.1369,1316.62
197.8,22.61,446.77,0.7239,673.19
992.65,4.21,539.44,0.886,1516.29
647.89,366.28,120.79,0.0587,1127.1
89.52,45.79,201.37,0.8747,339.51
818.94,363.91,138.66,0.0935,1327.43
642.26,50.42,425.42,0.4902,1149.27
314.17,73.24,542.86,0.9102,939.15
731.16,525.56,102.16,0.6378,1344.62
572.43,0.06,815.59,0.9075,1391.42
212.79,5.85,703.17,0.5883,913.96
813.97,44.16,414.77,0.3986,1279.72
480.14,20.7,382.1,0.8675,885.8
916.39,166.49,691.94,0.3142,1758.92
264.32,0.01,144.66,0.0695,391.88
999.98,442.85,97.32,0.8591,1522.52
332.24,126.72,595.58,0.0716,1051.72
732.4,6.67,399.41,0.5293,1094.94
964.45,610.39,559.37,0.5753,2179.09
545.18,0.21,628.47,0.6947,1176.16
870.39,304.06,326.4,0.0677,1528.33
351.8,98.68,150.18,0.2204,587.9
780.51,458.83,344.65,0.2051,1538.09
87.13,59.9,40.99,0.3503,198.09
507.5,556.72,116.34,0.2913,1161.0
383.55,272.61,878.51,0.5457,1521.97
531.95,0.16,101.13,0.0565,631.33
671.28,26.55,199.05,0.6648,907.11
299.14,33.25,768.82,0.854,1091.34
293.15,1.74,396.0,0.3162,689.07
36.63,254.7,815.56,0.929,1106.78
949.92,0.43,323.35,0.0578,1247.45
902.73,0.02,16.32,0.3803,918.55
160.48,494.26,499.01,0.3897,1156.28
997.69,236.01,395.44,0.384,1621.78
821.19,533.78,554.58,0.8492,1934.84
703.71,66.16,540.0,0.9483,1286.59
512.62,188.98,807.59,0.9371,1516.67
65.18,33.59,806.91,0.7415,887.48
667.92,71.61,362.92,0.778,1092.22
684.83,382.99,760.1,0.3379,1767.0
106.49,2.63,375.6,0.0997,475.43
901.9,0.12,754.48,0.508,1683.6
886.93,192.07,104.69,0.0523,1139.52
949.23,187.76,335.65,0.0778,1477.58
327.16,350.07,624.81,0.2785,1307.57
385.0,31.89,630.23,0.7878,1023.82
528.23,0.07,192.83,0.7356,731.07
776.4,2.89,495.93,0.4304,1298.23
654.07,817.93,130.82,0.4558,1588.75
367.86,253.05,460.53,0.9427,1077.73
935.35,64.76,421.19,0.5257,1417.92
963.66,757.27,875.61,0.9472,2556.96
451.69,615.72,21.42,0.801,1061.39
673.22,52.33,331.76,0.0785,1045.11
408.35,11.36,222.59,0.5757,635.54
830.25,1.38,519.88,0.194,1352.89
552.55,264.98,384.68,0.5085,1210.09
463.02,51.91,599.52,0.4413,1122.04
425.99,13.11,246.32,0.0908,689.08
830.88,454.95,394.01,0.2265,1717.32
56.78,63.63,770.95,0.4039,873.37
265.95,216.03,136.83,0.6394,614.2
334.39,13.98,741.0,0.407,1101.19
440.36,0.78,396.46,0.5069,846.05
816.24,755.69,708.1,0.5745,2264.13
644.62,23.85,730.66,0.8212,1393.62
902.82,611.38,382.04,0.8681,1934.46
27.99,42.1,508.89,0.3663,582.11
254.71,22.24,571.34,0.0535,862.72
377.47,934.72,622.28,0.097,1880.2
88.17,864.49,615.65,0.4348,1540.04
873.64,8.19,636.01,0.737,1509.7
504.91,11.09,341.04,0.9186,854.47
846.61,157.99,215.14,0.6916,1220.76
176.85,70.15,571.36,0.7118,842.31
876.0,54.68,244.02,0.2256,1163.8
354.16,112.96,200.54,0.6675,666.11
339.43,844.12,27.55,0.1696,1215.1
701.41,15.75,498.66,0.3365,1211.39
659.33,920.62,410.13,0.6334,1976.5
317.55,16.21,889.08,0.2362,1213.74
146.59,520.4,167.16,0.9204,826.36
90.12,333.07,543.26,0.3538,963.54
718.76,407.46,294.49,0.8386,1421.34
69.86,215.86,96.36,0.299,381.15
286.36,9.94,632.87,0.5423,917.3
581.24,112.99,235.13,0.7629,943.85
242.23,596.07,667.07,0.6016,1492.31
127.26,124.97,671.71,0.4677,920.9
184.27,204.09,624.8,0.0801,1018.73
261.31,0.58,487.75,0.1613,750.36
777.23,914.13,853.57,0.296,2525.75
329.41,355.62,53.82,0.3737,731.35
219.35,352.09,593.19,0.5319,1160.9
103.14,3.35,345.1,0.6403,466.49
74.04,880.39,274.56,0.3731,1247.24
945.17,291.02,859.3,0.2188,2134.86
828.88,131.89,325.96,0.9363,1292.64
410.93,666.19,810.43,0.9323,1883.99
50.96,803.75,385.35,0.6365,1238.48
813.67,191.02,760.99,0.2244,1792.59
440.38,0.0,623.57,0.3164,1071.91
70.0,4.97,560.57,0.3251,642.64
228.85,9.91,560.57,0.2009,799.76
597.28,15.8,839.44,0.4225,1463.5
904.33,281.38,552.55,0.8481,1715.5
837.68,311.48,323.99,0.2807,1484.08
941.07,2.86,233.49,0.672,1168.91
160.77,539.61,459.26,0.8136,1205.91
42.83,258.46,135.02,0.5225,434.93
779.93,727.86,754.99,0.9125,2257.79
444.02,63.21,806.57,0.8842,1285.56
768.32,8.24,850.46,0.9024,1615.35
857.28,176.73,849.71,0.1345,1856.96
55.5,39.0,121.79,0.4812,205.27
952.07,174.98,807.96,0.3003,1944.76
775.66,346.51,490.94,0.7838,1599.58
587.9,901.23,647.74,0.6592,2182.47
2.26,13.99,687.53,0.6889,693.7
625.58,7.45,237.26,0.9027,867.07
244.99,115.58,348.31,0.7066,722.79
591.74,206.58,328.35,0.5582,1123.19
1.09,649.68,386.5,0.4929,1051.51
837.11,4.94,369.56,0.8062,1224.18
931.15,9.17,643.71,0.9302,1577.38
692.18,60.8,676.2,0.868,1453.43
935.93,203.98,519.42,0.3242,1627.69
881.95,269.98,209.74,0.5397,1360.69
939.36,3.84,114.75,0.4216,1057.37
980.43,76.39,480.25,0.2544,1553.09
984.69,116.71,7.94,0.2683,1088.75
989.07,9.33,553.74,0.1192,1564.32
125.92,548.67,845.62,0.2057,1556.08
102.04,39.01,58.59,0.2881,214.68
44.6,633.77,69.71,0.5261,739.9
931.55,7.89,161.71,0.7238,1060.6
699.18,0.02,233.96,0.8059,919.63
602.19,25.91,234.16,0.9019,894.03
126.87,824.52,524.13,0.35,1466.82
725.4,53.27,520.87,0.6894,1334.53
944.24,45.18,377.44,0.6787,1390.29
440.12,274.3,812.55,0.7703,1546.19
258.41,73.77,498.44,0.0898,826.38
323.46,22.57,233.36,0.305,589.33
604.82,198.73,230.14,0.2358,1025.99
92.72,134.87,468.5,0.5667,694.43
623.91,922.97,784.22,0.2433,2379.46
344.77,60.01,497.7,0.2593,922.59
381.39,303.5,619.31,0.9285,1337.66
392.86,897.73,621.01,0.5831,1926.12
75.51,713.02,562.95,0.5645,1359.13
391.91,16.52,679.79,0.5086,1082.27
399.09,800.74,336.51,0.4219,1503.39
801.67,298.7,765.05,0.1526,1875.25
903.92,139.92,562.27,0.2415,1633.85
202.7,0.01,882.81,0.2832,1071.3
300.25,50.91,357.99,0.3515,709.83
960.94,78.75,875.99,0.651,1949.61
237.1,0.25,766.74,0.5666,1015.73
811.97,29.96,705.26,0.3452,1567.49
267.97,2.6,628.29,0.1966,904.33
655.56,12.3,187.94,0.8815,840.32
893.74,1.34,832.85,0.518,1747.64
372.88,0.21,862.18,0.9451,1219.83
943.87,4.72,139.22,0.1158,1089.01
52.3,61.47,124.55,0.7075,249.68
687.82,8.06,690.16,0.2746,1388.71
567.4,49.31,75.14,0.7948,687.05
665.92,897.35,840.7,0.2251,2461.14
349.3,115.87,141.27,0.9273,601.11
266.91,51.26,380.23,0.7228,692.06
321.44,105.49,533.89,0.404,959.29
105.71,4.71,360.99,0.8734,483.37
249.79,409.94,854.22,0.4632,1516.0
688.15,71.5,606.28,0.2999,1364.41
344.5,350.09,353.8,0.2473,1067.91
752.35,1.7,622.58,0.6506,1327.44
970.34,716.21,284.55,0.078,1943.96
204.72,163.89,826.87,0.8333,1173.23
428.6,0.05,489.75,0.107,905.08
866.93,9.83,629.43,0.5612,1525.99
475.65,7.05,575.86,0.1223,1041.03
212.7,321.33,745.24,0.1486,1285.88
733.52,4.39,509.87,0.6547,1267.05
831.98,133.17,564.3,0.1768,1537.69
50.75,738.57,794.38,0.7768,1611.42
525.46,504.58,607.2,0.154,1636.03
171.8,731.45,436.16,0.3856,1352.91
981.4,1.71,681.25,0.3509,1629.46
421.93,165.25,185.37,0.4147,770.85
576.45,378.18,752.76,0.4182,1701.9
496.69,181.66,97.49,0.3314,781.18
385.85,922.17,524.46,0.4364,1850.27
669.08,82.29,402.94,0.6813,1145.72
540.08,163.96,681.08,0.9344,1366.26
503.79,4.87,529.43,0.8009,1027.13
825.31,6.75,641.32,0.8421,1455.18
685.75,125.12,573.28,0.3149,1362.18
827.71,838.95,771.14,0.3505,2467.5
280.14,598.73,590.23,0.92,1510.76
551.47,493.11,210.59,0.9177,1245.02
7.9,0.02,793.99,0.6308,803.63
784.02,74.33,718.75,0.8938,1589.18
764.14,29.16,289.34,0.4215,1106.07
22.06,81.7,612.04,0.1494,703.57
941.9,0.75,137.65,0.9267,1080.17
78.94,863.33,803.36,0.6402,1761.49
919.23,281.68,592.56,0.8093,1802.12
503.68,59.19,452.82,0.5202,1036.19
448.12,515.6,374.86,0.073,1345.25
231.74,499.78,404.36,0.3023,1117.78
19.22,5.29,744.26,0.5456,766.57
838.18,835.8,57.08,0.7693,1706.55
207.03,808.78,363.78,0.8488,1414.08
526.75,4.06,822.89,0.551,1352.53
18.28,470.24,145.74,0.5889,629.11
279.37,184.52,216.23,0.9017,668.11
288.04,147.88,450.57,0.914,890.6
562.23,801.01,146.53,0.5454,1520.9
617.5,48.9,870.87,0.4239,1533.51
834.0,553.12,625.37,0.7239,2006.7
642.05,0.05,177.2,0.8891,807.04
230.67,1.38,854.03,0.151,1082.61
182.63,0.0,282.72,0.9268,476.95
504.3,415.05,495.97,0.7192,1436.71
608.56,274.18,719.25,0.6892,1608.85
145.6,311.22,663.32,0.32,1078.94
243.83,651.93,222.32,0.424,1103.81
898.06,94.34,624.88,0.7646,1618.56
943.69,516.83,360.19,0.9057,1835.48
22.58,17.58,559.56,0.1911,606.13
361.6,152.6,1.69,0.8136,502.09
140.16,83.98,437.56,0.6237,665.73
43.52,661.94,410.86,0.1193,1108.01
660.15,273.91,384.22,0.4194,1310.18
50.59,26.72,889.1,0.646,960.36
222.36,413.84,234.26,0.1961,870.99
729.26,265.61,62.83,0.1535,1054.23
571.12,322.83,160.24,0.7039,1065.77
601.05,7.54,611.59,0.3588,1227.08
302.34,742.66,370.03,0.8282,1415.84
516.98,0.0,573.39,0.147,1107.91
260.32,60.41,483.37,0.063,805.21
989.61,0.19,287.45,0.3393,1274.59
684.78,15.21,414.24,0.6304,1126.86
948.77,940.25,107.71,0.3594,2056.08
186.79,118.36,507.44,0.4331,808.8
278.62,976.57,831.31,0.1183,2096.29
456.88,326.82,537.26,0.8503,1337.23
349.6,957.11,164.06,0.1646,1481.13
777.44,303.84,698.58,0.6743,1786.37
608.22,468.87,778.96,0.2716,1855.52
781.09,16.89,28.74,0.7927,829.52
326.63,0.0,31.79,0.7634,345.47
149.72,46.08,148.77,0.1516,339.18
549.51,9.26,309.3,0.4801,878.44
128.63,0.06,31.91,0.3652,150.78
131.26,487.41,644.11,0.0535,1254.06
195.03,0.18,478.21,0.0857,680.29
492.96,385.76,675.63,0.5061,1563.81
990.24,46.35,113.28,0.3769,1175.88
531.01,54.18,432.4,0.7369,1027.5
537.47,37.65,706.46,0.6256,1284.27
660.05,4.93,652.03,0.5606,1323.37
694.07,628.53,700.87,0.5408,2068.85
413.91,491.22,746.15,0.1736,1694.48
269.99,4.58,353.28,0.2237,638.98
101.62,19.67,598.97,0.4087,714.37
797.93,954.25,508.56,0.1212,2217.48
968.5,313.37,677.22,0.6582,1939.0
448.36,508.32,779.73,0.2636,1686.47
157.1,879.98,226.98,0.704,1297.02
616.05,286.54,295.59,0.787,1197.86
855.07,36.2,669.91,0.5535,1508.95
477.43,216.28,122.09,0.418,813.57
280.11,2.09,191.25,0.7537,472.69
23.64,490.28,818.52,0.8424,1357.72
992.22,201.64,866.33,0.904,2033.25
863.43,497.68,698.22,0.8567,2064.43
400.05,262.21,664.02,0.8418,1328.69
721.34,876.17,160.77,0.9053,1731.66
555.62,0.73,511.2,0.4011,1089.39
648.12,390.94,156.77,0.675,1185.17
137.4,3.2,539.17,0.7509,673.74
809.35,206.93,717.59,0.9289,1749.43
149.94,2.48,537.73,0.5424,687.63
882.1,875.78,227.89,0.2362,1948.57
387.42,621.15,536.36,0.1108,1558.46
90.33,67.03,363.17,0.6335,526.17
874.75,0.0,696.6,0.0704,1559.11
879.66,329.1,154.8,0.4917,1394.35
937.34,255.23,22.21,0.4997,1226.57
47.78,214.4,699.23,0.0825,968.93
706.39,425.24,220.26,0.4042,1324.74
238.89,27.76,287.49,0.2075,549.91
901.47,481.69,310.03,0.9029,1725.24
406.82,538.41,398.6,0.2612,1317.93
500.72,239.07,365.05,0.4382,1100.89
535.35,10.57,780.77,0.7226,1316.65
747.23,0.0,310.04,0.4463,1047.67
748.73,892.52,342.0,0.3655,2050.55
281.25,2.82,865.39,0.7786,1173.74
217.83,0.01,393.54,0.8902,613.51
68.95,447.73,707.33,0.6758,1239.58
723.29,90.29,142.1,0.3156,954.7
329.65,911.97,427.27,0.3849,1703.44
650.55,0.0,556.63,0.2694,1205.75
706.35,173.17,331.79,0.2007,1210.51
319.37,760.87,480.91,0.8294,1564.19
827.44,0.18,268.31,0.1204,1100.79
918.86,368.4,562.6,0.5292,1876.66
638.69,564.75,537.2,0.7237,1758.11
976.76,0.03,347.92,0.8438,1335.49
141.34,48.8,385.38,0.8901,592.01
464.09,921.1,578.05,0.8363,2010.01
488.96,0.03,7.99,0.6849,507.78
547.81,337.16,29.01,0.4539,924.89
889.73,26.79,876.79,0.8101,1775.02
391.93,359.59,734.57,0.323,1527.02
908.62,114.44,650.55,0.5216,1671.51
826.98,0.01,71.22,0.3528,902.99
398.27,699.07,416.19,0.31,1517.03
560.67,46.84,39.97,0.1498,644.24
364.84,224.02,276.83,0.109,865.07
408.68,976.99,353.69,0.1303,1710.1
919.64,486.88,752.6,0.8854,2156.46
994.92,0.04,751.36,0.8213,1760.37
478.17,488.85,175.57,0.5928,1123.48
596.17,308.31,312.36,0.2446,1223.73
663.96,310.12,667.19,0.1639,1673.64
688.15,0.03,302.04,0.47,1011.76
117.42,8.91,22.11,0.1338,148.33
819.97,146.06,382.05,0.6459,1347.51
222.62,11.02,539.96,0.4655,771.53
556.64,913.0,282.77,0.5182,1771.45
716.64,389.48,656.16,0.2314,1784.2
811.17,55.54,885.83,0.3783,1711.68
474.53,81.56,761.07,0.1897,1335.03
618.6,616.78,548.28,0.914,1744.75
348.74,635.85,862.63,0.2815,1861.71
281.8,274.08,84.28,0.7108,647.31
587.31,0.02,625.9,0.4964,1213.18
315.67,3.1,391.89,0.8996,697.94
675.84,0.12,646.29,0.2646,1288.3
367.75,1.44,311.02,0.3651,678.67
972.35,103.83,822.98,0.4654,1835.49
230.15,67.68,292.83,0.8292,601.09
578.31,118.54,357.54,0.601,1022.3
303.12,5.02,609.39,0.0723,919.97
902.61,992.65,438.83,0.4958,2322.32
36.19,77.87,89.85,0.4108,192.72
753.63,955.81,671.44,0.5973,2383.58
659.09,99.94,263.29,0.5182,1025.41
486.68,3.12,508.86,0.2708,987.46
499.03,4.29,866.14,0.4522,1313.37
29.2,599.62,563.25,0.4248,1162.26
745.14,845.18,342.73,0.1714,1898.65
6.36,411.76,883.26,0.9435,1313.48
162.18,934.61,295.03,0.3503,1369.44
49.05,563.09,897.57,0.7476,1502.03
390.31,0.29,713.4,0.5874,1107.59
115.96,28.41,324.59,0.665,474.15
961.02,25.78,444.27,0.0761,1429.3
374.0,209.38,423.76,0.378,1033.05
828.62,14.12,308.59,0.6844,1162.12
825.4,9.17,485.34,0.86,1318.38
429.88,955.16,101.75,0.685,1458.98
150.79,364.69,422.76,0.8176,933.63
872.48,0.27,681.17,0.8794,1576.99
600.88,0.09,770.43,0.0918,1387.83
925.86,856.69,892.71,0.4788,2708.16
487.94,1.07,785.28,0.5545,1266.4
79.53,66.55,779.57,0.6831,916.51
159.91,60.38,91.24,0.8906,316.62
94.82,489.41,331.57,0.2704,897.84
13.37,100.8,759.42,0.8853,858.0
642.44,11.67,504.19,0.2786,1182.25
171.72,833.86,798.23,0.3532,1814.3
95.5,405.82,254.21,0.1721,759.74
469.81,148.99,468.48,0.1035,1070.66
601.17,242.81,42.46,0.3906,874.86
656.68,568.23,378.66,0.5434,1579.06
312.05,0.16,3.8,0.8025,325.44
630.25,192.15,359.67,0.8001,1165.76
22.74,468.54,456.3,0.3623,920.43
686.07,29.96,884.73,0.6338,1627.57
69.88,21.79,402.28,0.6176,496.64
763.03,18.1,631.94,0.7849,1424.77
770.85,701.43,75.76,0.6775,1578.85
573.65,10.26,898.88,0.2072,1517.98
172.06,100.23,376.99,0.4921,658.22
478.32,136.29,798.01,0.786,1464.31
12.93,249.45,760.36,0.5476,1038.48
741.36,300.14,508.53,0.827,1534.01
667.95,293.76,595.98,0.5226,1578.31
709.6,227.53,440.98,0.164,1337.58
646.0,40.09,320.69,0.2721,989.43
401.65,400.03,474.96,0.9283,1270.27
34.29,183.84,182.95,0.5939,398.1
138.11,85.54,619.8,0.8005,827.39
206.15,201.02,409.07,0.7447,811.54
279.42,429.33,465.97,0.2098,1168.86
948.32,351.17,268.92,0.6898,1559.67
542.69,146.03,222.65,0.3631,916.96
250.6,513.97,600.63,0.5294,1368.92
204.57,5.73,528.11,0.926,740.72
25.25,20.51,141.53,0.9281,215.73
201.31,239.34,500.57,0.2533,926.68
97.01,0.01,74.17,0.3784,164.69
547.25,429.9,289.35,0.6974,1312.36
357.76,997.18,574.57,0.7237,1929.73
643.09,133.44,860.76,0.8642,1631.68
946.87,692.71,531.35,0.1239,2163.07
76.87,1.26,879.26,0.241,976.12
636.53,251.41,186.03,0.5714,1074.36
570.41,6.45,650.75,0.1159,1204.68
436.26,15.68,726.65,0.2083,1187.0
884.57,46.88,274.64,0.1737,1192.75
627.53,0.03,459.9,0.1272,1063.94
508.96,0.57,734.27,0.2861,1256.22
639.04,891.12,444.43,0.8756,1905.86
857.44,13.12,636.73,0.1298,1554.13
953.94,86.48,471.54,0.588,1516.04
674.47,340.89,472.57,0.183,1505.43
115.05,249.06,92.78,0.1815,457.41
363.36,261.63,469.39,0.6571,1087.6
140.17,0.19,562.82,0.6379,697.56
245.76,532.95,68.12,0.6191,834.5
654.45,72.89,646.29,0.097,1360.8
144.88,317.75,107.96,0.1162,550.58
63.53,11.32,742.26,0.7787,834.46
326.1,147.24,696.01,0.1733,1182.78
97.49,761.68,573.58,0.494,1438.1
345.92,384.44,486.85,0.5264,1233.75
690.36,60.25,164.48,0.8994,916.57
528.04,945.15,329.77,0.8987,1782.01
633.1,12.88,46.58,0.444,692.04
595.33,380.25,151.15,0.7093,1105.52
743.18,483.21,630.64,0.2523,1812.93
949.27,289.08,710.12,0.9218,2010.62
321.69,268.09,21.92,0.5641,621.82
610.44,25.78,651.69,0.1814,1281.62
100.92,643.83,448.03,0.4358,1192.24
200.21,95.87,764.75,0.7709,1055.86
673.42,629.06,737.79,0.4331,2015.91
931.17,62.05,324.88,0.7336,1317.52
834.75,0.44,666.64,0.9192,1516.3
870.76,21.69,869.98,0.8851,1776.92
402.08,1.3,531.57,0.6805,945.45
406.03,188.44,25.01,0.9121,625.7
140.89,0.0,771.2,0.8269,939.21
152.24,89.86,167.13,0.7122,415.73
549.71,56.09,418.45,0.4323,1019.73
220.28,0.27,103.76,0.9301,324.77
307.03,2.05,679.65,0.8817,998.88
612.62,537.83,363.81,0.8235,1532.75
1.72,116.07,238.15,0.1276,359.26
7.95,389.28,889.37,0.4838,1247.51
605.83,521.07,216.23,0.2756,1360.59
939.88,26.58,339.08,0.944,1314.31
76.97,205.12,21.84,0.2124,279.57
659.51,132.98,345.37,0.5686,1128.46
803.48,498.21,598.32,0.8548,1929.18
133.25,875.59,802.57,0.3388,1816.76
603.98,84.27,674.61,0.5221,1359.41
244.69,687.35,33.92,0.713,973.09
452.64,149.73,225.07,0.6368,821.33
85.06,52.28,669.94,0.6995,802.86
777.67,1.25,106.39,0.6417,880.64
814.53,5.93,465.09,0.6447,1235.87
516.93,260.24,193.0,0.388,951.24
902.94,13.28,108.75,0.0816,1018.66
191.59,224.99,15.88,0.3081,438.95
403.66,0.11,546.79,0.6696,970.61
224.34,655.1,621.26,0.101,1511.21
767.76,30.05,343.4,0.6166,1150.63
966.94,5.31,24.0,0.0548,987.49
884.25,550.89,820.84,0.5304,2198.39
385.86,0.1,818.57,0.4966,1232.41
515.17,500.86,202.02,0.6889,1237.17
849.55,0.0,153.36,0.4739,1014.5
965.12,210.51,190.92,0.2161,1369.53
210.07,169.19,751.33,0.4008,1130.92
36.14,16.4,628.37,0.3744,682.1
105.77,0.86,593.22,0.6014,702.23
500.33,3.59,450.54,0.1039,944.71
58.03,75.97,0.51,0.7575,131.53
820.79,283.12,224.76,0.2322,1301.4
828.4,640.41,157.76,0.3681,1665.28
122.64,270.15,311.28,0.2528,726.38
748.32,463.26,35.28,0.8736,1272.28
503.8,0.0,807.9,0.5395,1301.17
655.51,505.68,623.64,0.8789,1816.53
202.1,361.77,451.26,0.5892,1034.94
547.43,488.73,286.98,0.8231,1352.26
634.0,705.28,227.42,0.3442,1548.03
564.26,70.38,97.16,0.8522,746.95
534.08,210.44,36.68,0.1361,772.12
664.51,0.04,714.78,0.5077,1414.94
680.75,124.51,184.43,0.8399,999.79
284.56,20.3,690.71,0.6855,991.67
229.34,486.26,515.74,0.3278,1242.28
818.95,14.01,568.57,0.544,1402.88
994.34,540.01,437.82,0.6623,1957.26
744.59,2.42,401.72,0.352,1188.09
450.47,2.93,878.84,0.0639,1326.95
373.44,238.76,161.69,0.5299,785.32
94.06,953.99,303.03,0.6282,1313.72
709.49,593.67,94.76,0.1633,1405.22
11.94,958.73,538.55,0.5968,1481.97
832.03,539.84,305.55,0.3514,1689.42
346.7,50.45,126.0,0.3704,529.77
309.35,4.52,336.07,0.4828,631.47
711.24,8.33,32.99,0.3234,749.05
395.79,939.31,162.96,0.337,1455.96
509.18,0.08,145.52,0.8917,675.66
635.09,497.41,238.9,0.7026,1384.46
284.75,30.32,896.79,0.2431,1208.94
925.69,4.25,791.35,0.6354,1689.94
751.34,382.66,99.47,0.9495,1252.67
896.59,240.98,470.51,0.5327,1613.76
499.47,242.7,592.84,0.3489,1300.16
636.31,78.57,865.92,0.6849,1581.63
23.28,328.94,371.38,0.8055,716.26
13.83,58.45,662.46,0.9246,735.9
484.07,537.01,63.3,0.565,1077.45
396.39,885.01,198.62,0.1451,1469.41
907.25,30.16,720.14,0.2023,1612.98
557.03,5.36,646.28,0.6924,1206.41
225.47,2.32,861.53,0.6402,1080.94
696.97,570.7,146.24,0.4973,1423.57
103.39,3.37,570.58,0.8318,680.16
36.2,913.9,125.56,0.2593,1094.82
771.03,821.54,725.96,0.6366,2342.99
326.88,850.01,774.56,0.3735,1890.27
297.69,34.69,774.6,0.0595,1093.74
942.84,159.78,405.4,0.3311,1539.47
224.49,0.74,114.03,0.1972,332.44
11.02,857.76,111.44,0.3948,978.98
106.57,113.1,760.31,0.5513,996.1
735.51,316.3,325.97,0.0917,1374.12
825.39,33.25,123.99,0.5167,972.45
8.48,0.18,375.34,0.6584,371.78
897.55,0.09,306.13,0.3662,1238.9
487.69,494.12,286.09,0.72,1262.48
560.72,52.77,485.29,0.147,1107.29
906.21,564.37,803.5,0.182,2270.62
317.91,698.78,170.49,0.248,1171.26
88.9,392.81,241.31,0.6448,700.77
609.61,9.62,44.25,0.0902,671.4
579.82,42.22,218.8,0.2474,847.35
118.82,28.32,424.33,0.0504,566.41
99.1,317.87,565.98,0.7782,992.33
769.39,74.75,439.83,0.6815,1305.94
511.54,8.69,232.3,0.3726,750.29
417.36,0.0,508.51,0.6836,943.96
693.52,0.0,53.5,0.6786,757.0
717.7,291.45,636.64,0.7156,1601.74
738.01,0.41,56.94,0.375,793.85
762.62,37.5,247.61,0.7533,1063.37
359.47,64.52,269.56,0.053,706.13
337.65,30.85,707.0,0.0926,1069.94
37.52,806.04,711.19,0.9339,1561.77
315.81,330.78,275.9,0.8494,930.37
375.89,763.72,753.07,0.9198,1886.9
243.34,27.23,381.92,0.4758,658.21
790.45,11.13,626.87,0.8166,1407.83
354.16,6.63,120.91,0.7198,495.34
46.32,952.3,604.17,0.8098,1629.97
955.44,7.94,166.62,0.8513,1128.88
499.02,1.99,274.69,0.7287,767.42
347.65,0.23,599.15,0.7155,955.61
583.1,962.59,220.5,0.5657,1742.8
549.11,656.53,544.51,0.5071,1812.08
703.21,2.31,23.91,0.4897,717.09
999.05,361.44,763.73,0.3617,2127.7
974.27,72.71,726.56,0.5234,1758.66
580.42,10.37,2.72,0.2623,583.86
370.92,701.64,349.07,0.8107,1440.06
7.61,6.72,838.15,0.5938,845.83
310.12,367.93,694.82,0.9281,1381.5
952.24,60.05,754.19,0.5402,1782.74
359.38,568.64,237.61,0.493,1150.38
742.52,104.91,612.25,0.4868,1468.71
674.14,357.07,740.97,0.5367,1751.09
679.64,0.46,197.06,0.7629,887.72
498.04,962.67,211.66,0.0676,1689.7
244.5,382.53,698.24,0.5589,1324.33
521.74,0.0,613.62,0.6029,1139.3
817.01,444.94,277.4,0.6218,1600.54
143.18,7.22,614.89,0.8902,776.35
567.81,270.44,396.52,0.0988,1237.61
900.25,521.56,834.68,0.1875,2252.81
584.73,9.25,180.87,0.7538,765.18
647.19,19.03,456.09,0.0708,1118.6
518.25,29.7,869.1,0.4743,1372.17
17.84,381.48,154.36,0.219,547.85
264.06,234.4,437.12,0.1503,926.65
425.86,227.91,3.55,0.6138,654.2
494.37,26.39,896.63,0.2578,1399.65
917.97,74.62,273.6,0.3929,1248.54
618.8,161.68,32.33,0.8131,836.21
46.97,20.76,428.21,0.8558,496.77
197.63,51.51,702.22,0.5244,955.87
396.06,245.24,875.9,0.6456,1521.74
705.01,15.79,775.94,0.3955,1488.75
467.95,16.62,212.24,0.5659,699.95
834.95,62.89,60.12,0.4856,961.71
196.98,719.67,876.73,0.0966,1811.09
645.72,17.87,571.64,0.1658,1254.86
993.49,257.71,227.9,0.455,1493.73
438.73,730.08,781.93,0.3597,1966.7
660.5,458.69,329.34,0.097,1429.82
616.55,465.66,680.44,0.5753,1774.45
17.29,478.47,494.44,0.7544,1001.13
407.42,776.58,154.44,0.1054,1330.44
594.54,862.88,815.82,0.7245,2266.46
480.39,719.57,390.29,0.9159,1582.84
109.46,132.08,626.06,0.1088,861.23
717.08,3.88,313.51,0.6709,1031.43
518.51,876.08,832.8,0.4761,2200.3
772.93,14.37,758.54,0.5784,1532.46
556.38,151.26,832.26,0.2429,1505.74
31.34,455.12,827.7,0.4046,1335.8
804.67,598.79,302.63,0.5167,1723.33
192.04,248.83,387.57,0.207,841.13
324.68,815.9,512.04,0.5131,1633.98
400.67,547.28,609.75,0.7463,1578.75
261.44,0.66,698.99,0.4237,959.44
469.34,80.14,615.51,0.5979,1141.06
138.9,188.64,56.92,0.7771,400.29
428.38,516.3,409.5,0.255,1341.82
70.83,723.81,657.86,0.7343,1476.31
118.64,52.05,840.68,0.9042,1016.0
204.43,7.35,791.79,0.1777,1025.62
378.25,27.55,609.64,0.9136,1008.63
486.16,85.6,816.9,0.5703,1408.06
682.84,13.34,57.36,0.8196,776.91
164.88,26.48,890.94,0.621,1085.65
72.16,909.83,803.5,0.543,1766.99
698.06,578.79,707.51,0.9293,1988.98
321.23,123.45,734.69,0.2888,1152.56
724.83,87.78,734.91,0.1793,1569.5
268.1,339.88,683.4,0.4604,1314.25
132.03,345.69,893.09,0.7501,1324.24
623.12,25.66,27.16,0.2118,684.64
195.93,503.61,263.55,0.7313,973.44
574.27,114.37,675.11,0.1374,1347.86
498.82,573.96,732.8,0.8134,1781.48
530.56,567.42,785.95,0.4824,1847.43
874.82,133.02,62.36,0.252,1065.42
111.15,103.69,544.37,0.8405,751.96
764.28,67.76,128.02,0.6527,974.3
561.31,943.15,495.28,0.631,1985.33
830.39,82.3,447.76,0.2084,1372.94
295.76,130.81,689.9,0.0658,1122.59
173.45,21.81,31.24,0.2025,214.13
998.52,373.01,550.67,0.7493,1932.46
519.31,0.04,638.46,0.9361,1162.4
463.47,47.15,351.42,0.6993,863.82
941.08,492.4,24.88,0.7867,1452.98
516.49,122.63,751.97,0.4323,1385.4
312.9,18.65,612.95,0.211,945.41
465.97,591.99,436.5,0.8868,1507.86
185.29,323.06,193.16,0.791,703.99
294.12,15.46,386.62,0.7707,711.92
33.38,27.62,380.57,0.577,437.65
335.28,694.56,428.89,0.7197,1451.14
464.98,240.56,233.43,0.2748,953.84
868.99,401.55,123.43,0.0772,1377.13
937.73,543.92,470.77,0.9219,1948.65
559.15,6.15,275.79,0.8961,827.14
101.8,15.54,535.06,0.1052,652.72
584.49,24.63,263.81,0.2562,864.23
388.87,200.48,271.42,0.6824,852.61
71.64,412.3,654.0,0.2885,1166.42
957.26,1.14,164.83,0.437,1116.56
649.01,329.37,473.75,0.6001,1464.11
760.39,0.07,281.6,0.666,1034.36
78.54,41.07,640.35,0.1598,746.28
775.46,256.41,219.81,0.7748,1277.5
905.82,352.86,49.25,0.7694,1306.54
452.65,74.36,545.97,0.7021,1077.75
272.94,250.97,617.71,0.6573,1166.52
391.02,443.11,270.01,0.2372,1124.75
267.61,0.04,46.42,0.6755,307.73
454.69,3.18,736.27,0.2853,1212.31
563.26,12.59,446.4,0.3518,1019.03
105.82,629.43,690.6,0.8252,1437.99
229.78,141.43,764.93,0.3896,1122.83
291.63,14.16,783.06,0.4675,1092.71
962.12,26.78,685.08,0.0705,1706.12
161.87,30.49,362.69,0.4793,535.6
66.22,311.01,21.3,0.7785,411.37
710.37,211.67,591.32,0.637,1519.63
964.31,77.7,555.37,0.7725,1599.56
527.02,278.29,645.48,0.3819,1435.15
182.14,173.57,827.37,0.8564,1150.33
257.86,490.78,652.48,0.5048,1393.32
123.8,483.99,555.72,0.3892,1175.4
659.67,802.38,426.97,0.4592,1854.55
959.79,886.86,737.01,0.4662,2642.26
383.44,826.08,327.2,0.731,1555.4
970.39,851.09,499.55,0.4927,2355.61
218.18,6.59,866.86,0.6703,1101.63
132.05,135.2,849.8,0.5926,1123.35
551.1,695.85,821.56,0.4101,2039.18
279.2,91.79,197.89,0.5283,560.82
337.84,20.15,135.92,0.1756,482.97
221.64,1.64,898.98,0.2839,1118.75
609.19,365.63,504.83,0.2127,1445.42
827.97,42.76,687.47,0.5387,1564.34
802.82,0.07,791.35,0.9217,1564.62
119.91,526.29,582.74,0.3549,1226.91
565.57,620.49,603.1,0.3097,1817.25
571.01,137.99,363.16,0.1727,1076.0
430.8,816.38,868.59,0.7409,2146.41
715.98,0.01,743.76,0.4943,1492.46
377.76,18.23,895.55,0.5276,1265.84
911.06,139.37,410.14,0.5476,1492.21
964.66,35.39,664.77,0.3068,1709.62
804.79,696.65,403.84,0.3828,1906.64
133.42,48.59,784.78,0.4269,952.89
739.13,10.02,230.66,0.8923,974.55
414.63,191.85,207.23,0.3029,808.15
345.19,725.38,388.43,0.426,1455.39
964.12,1.61,784.69,0.3444,1721.67
315.23,0.57,468.04,0.2551,782.24
657.31,323.49,174.14,0.6878,1141.34
998.67,391.85,531.37,0.8304,1897.23
552.75,13.37,610.3,0.3872,1187.31
816.06,0.14,605.07,0.191,1414.42
859.09,0.84,600.44,0.6014,1428.51
172.73,511.59,405.11,0.4358,1128.22
385.57,140.58,96.12,0.4326,622.97
498.19,4.56,326.75,0.4487,831.74
900.77,166.72,608.73,0.1195,1646.01
315.21,44.47,200.56,0.1262,553.58
240.49,22.59,163.62,0.9274,426.39
929.9,639.89,815.67,0.4811,2368.48
326.88,25.01,645.42,0.0731,991.24
682.89,1.88,43.46,0.1483,721.96
139.33,3.13,207.27,0.7258,359.83
35.38,743.34,788.69,0.2163,1560.91
188.56,372.52,225.01,0.8883,778.7
588.4,0.0,795.3,0.705,1377.18
71.83,355.74,724.13,0.911,1133.27
508.04,76.98,631.16,0.8787,1231.83
227.28,0.01,557.2,0.8281,793.9
397.57,830.71,451.51,0.2486,1713.11
408.14,1.61,594.71,0.5829,1006.23
610.79,0.0,157.02,0.199,788.84
735.48,1.73,601.37,0.2106,1308.44
162.53,131.41,580.93,0.7807,877.53
616.19,463.4,281.16,0.1217,1345.39
91.56,698.36,339.03,0.521,1130.25
371.5,273.49,69.01,0.4828,730.88
248.28,25.24,645.83,0.6567,947.08
61.76,981.85,48.98,0.7932,1121.54
591.76,84.52,681.42,0.7159,1359.57
792.63,0.48,450.49,0.6306,1226.41
463.11,13.29,441.59,0.2752,920.52
462.51,475.47,216.08,0.23,1160.47
50.5,12.06,318.33,0.4889,378.97
560.64,677.8,489.35,0.3082,1744.04
136.67,176.76,615.34,0.0947,914.6
319.08,32.7,862.57,0.2334,1202.23
353.01,2.43,113.92,0.4167,477.93
91.73,220.68,451.53,0.1194,783.72
284.71,888.56,838.38,0.4407,2053.87
834.85,47.16,147.2,0.5464,1069.85
850.02,387.87,788.53,0.7112,2024.03
500.18,963.12,863.25,0.814,2336.74
577.56,17.53,787.9,0.0597,1403.36
403.73,201.39,504.79,0.2082,1126.88
222.33,42.4,12.65,0.6732,266.78
351.4,37.56,460.65,0.8238,855.43
340.73,331.42,39.81,0.797,736.19
607.64,875.12,371.76,0.4235,1896.96
35.45,14.62,430.32,0.5069,483.17
612.81,5.95,293.59,0.2261,893.87
516.57,398.85,51.52,0.4328,984.26
53.62,73.23,36.36,0.182,148.71
157.51,139.6,830.46,0.2304,1157.07
825.28,97.51,794.35,0.3255,1716.55
923.31,5.06,720.66,0.6184,1669.2
170.69,81.8,115.95,0.9141,364.07
65.48,724.53,270.69,0.5873,1053.2
648.76,7.13,412.98,0.5301,1057.45
251.7,2.76,635.53,0.2015,894.44
336.91,93.8,632.31,0.4352,1041.61
679.79,589.51,644.72,0.1838,1973.33
786.59,187.86,148.71,0.2054,1149.95
416.2,308.72,335.18,0.5116,1037.82
155.2,0.43,737.68,0.5498,898.93
749.49,454.34,458.15,0.7839,1653.07
721.74,1.18,585.92,0.1584,1288.82
692.9,581.73,142.96,0.1167,1420.76
132.21,0.04,648.95,0.8129,786.91
539.93,38.23,214.62,0.7297,801.64
321.24,20.53,241.01,0.0955,583.25
25.65,490.06,230.33,0.6711,740.77
837.46,885.78,330.56,0.1295,2016.12
222.96,0.15,808.33,0.0548,1019.57
424.0,278.12,260.77,0.8363,980.82
432.29,45.89,734.3,0.7314,1219.45
341.37,0.06,73.54,0.0985,414.96
152.87,629.74,718.34,0.811,1468.28
624.06,1.9,629.07,0.302,1247.75
954.72,659.9,209.87,0.713,1834.32
26.74,0.02,153.22,0.6755,174.31
15.94,964.5,480.04,0.4045,1453.28
519.97,103.98,551.65,0.8471,1172.39
486.97,0.0,773.83,0.3253,1251.03
997.54,199.58,110.74,0.289,1290.73
986.06,79.85,207.12,0.5628,1279.72
54.96,638.1,14.12,0.8586,722.31
75.82,378.89,693.85,0.5921,1146.81
59.5,384.7,95.01,0.2677,544.17
789.84,526.3,757.93,0.0946,2067.87
846.92,47.92,626.24,0.5803,1552.03
276.4,278.12,120.26,0.8241,674.96
111.5,348.21,388.0,0.2337,825.4
719.65,208.52,763.98,0.5395,1725.58
189.45,3.61,388.77,0.4604,591.48
442.09,208.7,749.27,0.944,1376.57
901.95,523.71,61.21,0.3507,1507.1
664.38,171.23,445.37,0.7372,1256.7
382.75,648.64,874.99,0.7487,1975.79
112.65,9.16,380.49,0.263,502.49
670.72,72.37,246.43,0.3926,979.11
713.82,0.71,763.95,0.1648,1471.71
993.59,6.88,91.03,0.6246,1096.8
91.84,0.0,71.25,0.5205,166.17
777.55,630.54,130.35,0.3533,1532.69
286.69,13.69,708.18,0.3609,990.26
673.9,555.93,271.09,0.2383,1454.98
320.15,302.2,610.06,0.5126,1205.19
141.46,115.51,459.84,0.746,705.48
912.04,915.1,655.07,0.1189,2466.51
608.8,205.58,163.3,0.5747,1000.1
338.93,580.11,379.74,0.5247,1272.15
563.0,9.68,539.51,0.3512,1104.11
145.7,982.45,694.84,0.4255,1828.71
387.8,375.13,589.87,0.6819,1357.6
456.3,300.12,397.36,0.6243,1148.87
776.66,0.0,194.14,0.3168,985.11
507.05,48.37,363.88,0.4566,906.98
962.34,601.56,757.49,0.2291,2323.95
596.05,282.48,182.43,0.7217,1040.73
263.01,28.88,761.39,0.7089,1046.41
819.75,537.23,350.85,0.7533,1738.8
503.23,1.65,384.12,0.5183,899.61
462.61,276.75,552.68,0.0989,1316.46
351.36,598.41,782.78,0.3287,1679.66
577.39,951.09,85.18,0.5431,1589.77
307.67,0.1,46.89,0.4583,359.05
700.18,5.93,772.17,0.3894,1443.26
118.16,585.23,817.5,0.7904,1494.36
361.31,362.99,521.41,0.432,1276.94
290.45,70.52,812.57,0.3101,1179.45
310.0,437.78,773.87,0.153,1494.88
567.29,299.15,603.95,0.9135,1448.43
299.77,196.35,386.48,0.4764,887.4
148.24,818.38,61.46,0.5811,1027.6
11.86,11.05,339.36,0.5061,366.19
649.0,11.6,22.93,0.0514,699.74
361.66,853.6,40.3,0.5271,1280.39
699.28,260.59,7.33,0.6187,955.06
772.87,6.68,644.59,0.6129,1416.02
175.95,299.65,663.28,0.4905,1160.3
166.55,24.38,687.45,0.4185,870.51
740.09,306.41,606.18,0.5997,1655.7
197.82,598.66,867.84,0.4698,1689.33
997.99,114.93,651.92,0.6294,1779.91
47.09,93.18,708.48,0.3426,845.18
654.8,336.49,257.17,0.473,1269.79
246.58,0.73,114.1,0.2395,370.05
441.21,19.02,775.0,0.5226,1245.93
634.96,0.0,822.13,0.8217,1458.11
534.77,92.91,433.96,0.7423,1066.34
176.02,0.2,113.57,0.2763,281.13
892.42,13.67,287.64,0.2507,1203.67
617.09,150.68,856.67,0.9458,1645.27
805.3,49.05,521.81,0.3663,1357.85
171.83,10.17,34.82,0.598,225.22
3.36,133.27,339.19,0.7631,472.03
48.57,238.57,532.47,0.798,828.5
949.37,31.07,358.13,0.9299,1321.46
795.9,0.0,437.86,0.1881,1223.91
163.77,40.22,230.22,0.3949,423.02
101.21,75.84,411.38,0.3023,585.25
714.75,235.85,731.55,0.4146,1645.27
893.59,617.01,828.02,0.2921,2272.81
816.39,502.1,600.82,0.9349,1898.17
741.54,341.26,658.88,0.7263,1711.27
349.05,60.35,673.2,0.6946,1077.09
788.52,211.74,125.95,0.6219,1130.36
643.17,718.42,899.15,0.3733,2224.95
539.96,94.18,215.88,0.2713,843.3
631.48,2.87,388.25,0.521,1019.13
854.93,87.04,74.55,0.943,1015.28
660.04,432.64,115.37,0.7393,1194.13
488.98,5.64,678.41,0.2713,1172.74
109.22,374.19,266.26,0.5165,770.91
774.7,11.62,846.75,0.3392,1677.6
240.31,0.4,421.86,0.2752,663.42
517.13,12.71,406.14,0.2264,943.98
300.66,1.27,169.78,0.8942,478.59
921.1,16.94,771.31,0.376,1710.44
804.71,0.21,364.37,0.7874,1137.39
518.07,44.22,67.55,0.9419,623.18
255.31,13.13,817.15,0.7373,1064.88
955.42,0.15,804.3,0.1044,1755.35
54.0,996.91,822.95,0.5763,1922.57
276.78,90.85,290.5,0.0692,659.0
613.43,739.53,429.17,0.3602,1786.44
194.69,244.77,693.03,0.1881,1115.27
867.8,129.19,478.65,0.7002,1472.9
69.58,519.64,830.55,0.0979,1396.31
701.98,220.87,344.27,0.5353,1252.4
504.48,2.76,80.49,0.445,582.32
557.78,45.97,817.84,0.3998,1422.15
116.5,400.97,630.27,0.7648,1153.21
436.05,4.77,868.05,0.1275,1316.75
705.26,3.92,328.79,0.0888,1027.99
994.94,79.44,891.01,0.1636,1954.36
901.96,673.82,291.23,0.6607,1859.68
766.88,248.24,137.32,0.1157,1161.63
500.28,13.49,263.49,0.4029,809.66
390.26,58.09,104.16,0.829,544.88
146.1,76.16,375.04,0.5906,609.88
645.22,339.93,93.02,0.3244,1082.53
454.64,79.19,660.89,0.2004,1191.13
306.69,55.71,647.36,0.1144,986.78
391.32,366.68,179.3,0.9027,928.19
818.91,26.92,597.48,0.1248,1409.8
515.99,5.49,294.67,0.7707,806.76
519.71,110.81,675.66,0.7936,1310.24
384.43,264.52,771.62,0.1866,1422.1
56.62,68.36,695.05,0.2273,814.79
36.59,723.3,738.0,0.522,1535.04
103.92,603.8,643.74,0.158,1320.59
22.53,248.28,154.58,0.6973,435.78
81.1,101.38,894.61,0.2989,1062.27
518.6,597.2,259.73,0.5494,1398.68
332.59,84.84,799.93,0.3492,1217.73
304.12,530.52,837.35,0.618,1731.03
390.0,0.0,156.54,0.1827,529.93
654.05,2.53,77.07,0.3943,710.27
145.86,3.12,230.59,0.5332,379.08
852.78,424.27,565.39,0.8669,1852.04
633.36,69.74,294.65,0.3485,992.72
796.6,0.17,607.22,0.828,1391.5
70.2,78.63,308.9,0.937,456.66
721.36,137.25,638.47,0.7003,1510.05
222.61,0.0,458.83,0.8382,699.24
500.21,793.93,155.0,0.1171,1458.44
902.78,318.57,221.38,0.9228,1448.8
673.89,11.08,461.78,0.7903,1124.78
561.43,142.89,627.92,0.5254,1345.37
85.42,2.0,684.25,0.0722,773.0
904.64,348.91,3.79,0.3308,1253.61
417.6,103.03,412.92,0.2319,953.23
103.01,130.52,152.96,0.0919,386.48
869.33,5.47,250.53,0.1743,1104.37
445.45,840.26,597.89,0.5283,1880.13
40.43,859.16,860.79,0.2985,1760.76
201.92,164.09,693.71,0.8958,1039.0
693.51,367.72,199.03,0.6161,1266.53
764.08,999.84,36.21,0.2321,1795.13
154.43,93.73,790.68,0.4539,1042.23
376.5,32.66,750.81,0.64,1175.79
914.16,123.89,169.45,0.4849,1197.84
367.11,600.75,479.83,0.471,1402.27
462.92,71.17,93.34,0.3762,629.1
180.62,203.11,129.46,0.2513,503.23
268.98,261.74,621.46,0.3212,1153.71
92.9,136.78,653.6,0.6083,844.51
880.0,512.25,377.76,0.1876,1761.05
921.81,12.76,786.7,0.503,1697.15
619.51,9.94,385.53,0.8946,1050.0
921.58,982.73,46.72,0.5282,1974.15
621.71,968.95,807.19,0.8824,2458.57
542.32,12.95,809.48,0.222,1353.56
12.16,6.02,170.79,0.1197,173.86
780.0,16.48,704.93,0.4299,1509.74
323.01,180.03,343.45,0.2189,834.95
750.83,427.14,320.66,0.5168,1499.44
54.5,0.37,338.6,0.2511,408.6
592.01,303.11,712.66,0.6355,1615.44
934.93,383.18,474.91,0.2362,1799.19
591.72,319.07,703.01,0.8735,1609.4
630.19,901.31,820.28,0.0524,2352.71
178.47,25.72,267.75,0.4848,470.69
235.8,0.02,585.5,0.8504,798.68
448.56,17.6,767.79,0.1518,1205.98
714.84,127.97,86.99,0.0664,921.53
413.85,598.36,578.07,0.4387,1545.63
480.42,4.33,600.31,0.5952,1098.18
449.53,21.64,752.76,0.6719,1204.69
528.08,672.17,205.01,0.4115,1388.17
132.96,527.73,317.34,0.163,962.05
843.03,472.03,259.24,0.1547,1603.5
212.99,393.92,194.01,0.2445,795.96
596.86,327.05,588.14,0.5617,1523.57
472.74,636.36,581.41,0.1257,1708.67
584.39,279.12,162.2,0.4437,1026.69
215.43,0.0,231.76,0.4888,432.76
643.29,776.31,410.01,0.4017,1806.15
218.06,398.87,72.32,0.2684,689.08
576.92,0.1,633.83,0.506,1201.29
682.43,0.0,185.17,0.2822,858.36
509.31,417.58,461.58,0.3446,1368.1
202.62,64.38,496.31,0.8948,755.05
666.08,3.55,642.38,0.0602,1311.2
163.22,5.86,503.02,0.3879,662.8
308.89,866.8,261.59,0.5378,1424.02
664.18,33.63,497.19,0.1247,1199.05
431.39,435.41,763.11,0.2297,1674.44
390.56,152.4,339.12,0.6157,880.59
936.63,68.61,74.24,0.3217,1094.84
256.03,19.46,305.62,0.7215,593.53
350.38,7.47,378.57,0.3667,750.13
463.87,313.44,822.41,0.6162,1641.94
607.41,64.9,380.11,0.9314,1049.33
468.94,4.09,160.69,0.5931,634.15
636.46,35.7,53.66,0.4732,726.32
770.65,262.5,784.13,0.7547,1862.57
632.22,417.31,861.19,0.4301,1899.02
392.66,401.67,820.79,0.8773,1601.15
204.1,430.25,567.91,0.8646,1187.15
848.02,319.7,175.91,0.1638,1354.68
158.46,501.19,501.39,0.4792,1165.29
983.85,376.63,700.26,0.7418,2079.1
939.7,198.99,468.04,0.2963,1596.08
736.88,37.52,655.84,0.9074,1402.21
97.33,296.14,8.57,0.7583,400.04
489.73,184.65,464.77,0.3414,1143.44
415.3,716.7,121.83,0.3423,1262.28
427.14,2.38,684.72,0.1431,1122.9
267.71,105.28,179.99,0.7072,545.17
221.75,865.94,292.75,0.5521,1367.71
199.27,87.98,61.04,0.6773,356.15
891.64,20.57,831.24,0.1769,1727.71
307.81,6.01,84.54,0.6401,413.55
572.81,939.52,284.37,0.0814,1786.81
119.32,99.44,670.19,0.3168,882.58
640.77,27.32,517.65,0.8904,1198.9
512.49,525.19,622.55,0.7263,1666.68
539.92,154.04,647.0,0.6779,1321.31
382.13,568.78,212.58,0.1902,1186.92
253.83,291.67,207.92,0.6408,755.32
152.45,17.25,469.55,0.7098,643.7
232.83,25.69,85.61,0.0726,348.4
96.41,1.95,783.87,0.6472,874.14
649.02,817.36,89.44,0.2693,1521.56
780.64,982.87,282.52,0.9004,2009.1
715.09,687.86,153.7,0.2351,1534.69
843.82,0.49,765.79,0.3588,1585.67
339.86,757.25,117.71,0.5668,1208.62
928.59,508.04,210.44,0.318,1643.68
405.42,546.03,508.08,0.4352,1448.93
457.86,2.11,96.74,0.3434,554.3
550.13,19.6,625.87,0.0754,1200.94
52.26,36.1,14.02,0.4722,100.43
100.22,397.43,525.78,0.5041,1056.2
335.9,358.42,701.7,0.7504,1400.9
653.91,3.25,445.88,0.0524,1115.22
631.73,668.46,44.13,0.5527,1343.43
932.39,281.2,92.73,0.1821,1307.27
215.62,799.97,828.62,0.9038,1840.92
716.95,291.45,32.04,0.289,1050.37
370.81,865.67,761.04,0.3141,1988.25
192.27,21.35,58.5,0.6283,276.55
838.5,662.03,144.05,0.7187,1648.19
373.72,137.02,44.52,0.1911,557.59
127.54,815.03,259.49,0.5011,1148.99
566.64,69.68,836.81,0.2502,1464.2
535.36,78.02,717.29,0.0878,1368.72
710.68,918.09,131.19,0.2716,1755.12
630.63,0.06,69.61,0.7569,710.81
565.42,681.16,216.99,0.1944,1430.09
882.42,18.66,613.16,0.1871,1521.84
901.51,1.64,21.91,0.7474,948.45
396.66,511.73,161.94,0.6353,1089.58
104.27,324.95,286.8,0.8299,711.38
849.05,33.5,212.92,0.8535,1111.47
707.74,565.95,249.92,0.1572,1517.47
584.71,493.71,315.01,0.2681,1361.95
785.87,869.04,132.83,0.8503,1797.24
701.9,30.68,19.97,0.5068,744.6
289.82,796.96,137.67,0.8908,1225.39
838.28,22.81,570.53,0.5509,1444.55
179.3,8.56,854.07,0.1382,1041.16
60.56,0.46,537.43,0.5462,604.12
473.65,409.11,892.97,0.2982,1762.98
323.05,444.66,313.21,0.6591,1077.62
607.8,569.75,462.65,0.4777,1632.07
515.9,18.07,759.21,0.4,1291.6
239.97,152.77,824.66,0.3205,1212.12
406.56,906.35,760.7,0.1847,2118.3
791.86,453.0,439.96,0.7086,1720.16
201.44,0.18,332.55,0.1057,529.81
828.88,601.84,30.67,0.1126,1448.94
500.0,3.33,724.98,0.2448,1195.9
749.51,224.9,355.0,0.6735,1322.97
34.18,247.29,196.35,0.4767,483.58
389.98,6.9,722.38,0.3916,1116.89
354.67,592.1,490.02,0.3971,1419.85
786.65,112.46,382.88,0.5697,1295.97
425.48,434.94,359.75,0.4577,1249.64
986.85,17.72,208.76,0.2092,1188.81
449.09,58.69,183.68,0.852,684.66
607.69,1.42,97.17,0.1106,684.08
472.89,14.63,314.71,0.0556,822.05
119.17,2.12,4.06,0.6767,124.13
621.55,0.89,890.68,0.928,1480.25
107.87,374.4,865.32,0.7508,1317.44
610.83,935.21,65.81,0.1846,1588.05
145.11,56.31,253.35,0.2691,448.74
566.25,64.6,496.43,0.3241,1115.91
591.35,888.08,315.01,0.0521,1798.33
827.38,0.2,562.83,0.6449,1398.2
552.52,14.38,14.81,0.8302,593.84
781.7,377.77,894.33,0.4442,2075.7
281.76,244.31,437.5,0.7059,977.74
130.84,641.48,745.24,0.3659,1484.55
492.4,440.66,351.12,0.5321,1275.66
174.91,477.78,343.41,0.0816,998.66
411.6,370.01,327.14,0.7207,1134.65
341.14,512.72,114.19,0.4238,948.54
52.53,0.27,94.28,0.8022,146.37
947.39,155.72,565.84,0.216,1677.03
385.3,808.09,840.53,0.2286,1984.66
638.18,178.01,111.9,0.6386,939.84
345.23,136.23,104.7,0.8876,572.04
208.38,26.59,743.21,0.6806,978.49
183.56,422.13,363.45,0.0736,949.49
151.23,133.02,223.48,0.7137,507.6
397.22,285.47,818.17,0.7833,1495.96
441.48,697.58,30.94,0.0705,1189.19
827.62,3.6,256.75,0.6162,1076.26
303.12,101.79,205.3,0.9432,606.86
849.94,103.89,116.21,0.1566,1068.05
353.52,12.91,863.05,0.467,1211.63
164.0,6.18,536.42,0.2929,702.15
94.69,0.44,677.85,0.3039,761.8
183.12,44.53,337.42,0.5001,577.08
834.77,0.0,368.33,0.7951,1204.9
533.64,17.47,371.49,0.4283,919.55
891.95,154.39,813.37,0.7041,1811.54
493.56,59.25,745.72,0.2188,1283.06
580.42,228.95,465.12,0.549,1263.63
655.04,9.82,524.2,0.3692,1185.22
547.83,5.8,661.26,0.4613,1233.93
672.64,278.28,674.04,0.2361,1652.38
669.18,13.14,103.14,0.1681,769.38
991.79,3.89,268.68,0.8787,1283.23
228.84,682.52,125.03,0.7354,1034.51
406.62,15.13,633.61,0.0645,1029.25
696.73,0.1,807.66,0.3751,1515.86
225.46,38.93,178.54,0.5095,441.81
433.43,77.87,703.53,0.3209,1185.67
892.92,10.87,557.91,0.9032,1473.21
976.9,29.8,507.86,0.3299,1512.71
997.31,13.83,875.79,0.6377,1877.75
967.2,183.09,899.72,0.7406,2057.61
654.94,7.33,9.93,0.2811,656.89
228.05,135.83,592.15,0.6402,961.56
966.32,706.62,558.16,0.2352,2265.8
174.86,3.47,285.81,0.5662,470.88
13.29,470.95,157.52,0.3168,650.44
332.45,439.61,36.85,0.2269,809.68
778.3,951.96,593.59,0.5811,2309.42
254.95,0.29,458.97,0.2843,704.14
456.3,32.41,437.69,0.3921,909.48
41.31,1.55,86.86,0.1056,134.19
157.11,609.52,745.41,0.7548,1567.91
723.49,402.73,800.38,0.7091,1979.82
804.08,172.21,191.73,0.1261,1152.05
91.69,4.85,21.46,0.3202,103.61
378.93,13.98,363.1,0.3212,747.71
634.47,0.02,460.19,0.0826,1077.91
935.81,747.35,185.14,0.7184,1862.84
864.37,17.49,405.75,0.2494,1276.99
659.01,80.32,223.31,0.8124,984.7
994.66,499.35,782.29,0.746,2355.33
65.03,766.26,124.38,0.4021,982.39
211.9,11.43,419.62,0.3748,634.53
75.08,116.76,156.83,0.5961,365.36
197.63,519.5,211.65,0.7134,923.66
235.03,26.77,792.84,0.4074,1020.31
536.64,57.35,711.18,0.9414,1311.45
451.75,40.37,876.0,0.485,1385.82
969.22,887.18,392.15,0.3634,2282.1
828.92,123.9,297.73,0.3213,1257.24
118.03,472.04,94.46,0.4085,685.49
294.76,852.66,113.89,0.8464,1275.03
413.53,252.1,333.03,0.5311,977.22
569.03,2.44,716.49,0.5754,1323.01
54.67,124.83,507.21,0.2891,675.81
76.77,9.09,663.79,0.1825,767.09
650.86,387.17,46.34,0.1639,1095.44
592.79,93.44,582.36,0.7304,1293.74
349.88,4.34,237.68,0.1833,590.75
872.57,41.8,133.94,0.5204,1073.16
188.18,470.68,741.02,0.4112,1440.8
432.37,18.05,383.51,0.1358,819.21
829.19,29.05,509.83,0.2589,1366.44
663.62,2.41,703.78,0.2946,1387.11
368.5,50.18,675.52,0.5092,1082.88
850.41,39.36,92.5,0.4244,967.65
609.89,583.46,487.27,0.2513,1675.87
100.84,398.57,95.35,0.5952,587.69
785.5,0.42,182.62,0.8686,993.69
457.69,417.97,812.28,0.2867,1678.92
108.69,934.53,148.37,0.2896,1213.65
803.68,953.44,267.28,0.3431,2017.51
154.83,488.27,54.65,0.921,706.03
118.44,148.48,893.57,0.8174,1137.97
22.46,0.32,714.62,0.3888,730.88
739.18,75.25,129.04,0.398,960.12
331.09,0.25,863.22,0.6626,1201.86
829.11,69.51,886.6,0.8218,1801.33
371.05,20.97,593.41,0.6254,983.16
965.84,105.34,705.35,0.6423,1780.19
42.1,284.23,578.34,0.1624,899.08
466.99,34.06,741.56,0.359,1188.45
617.91,0.15,380.55,0.2505,979.81
654.96,0.0,872.17,0.4059,1548.72
919.97,115.27,552.89,0.6763,1580.51
81.65,981.25,8.0,0.6874,1040.62
552.55,485.27,893.23,0.0922,1989.58
716.78,28.64,803.58,0.4613,1543.52
854.41,838.36,89.56,0.7265,1752.28
6.72,17.7,769.42,0.1771,790.75
739.05,67.1,133.64,0.257,941.43
623.27,440.59,88.0,0.4623,1140.25
265.79,4.84,343.61,0.35,621.94
953.94,112.75,547.27,0.159,1568.14
555.32,809.37,371.09,0.7539,1747.27
578.94,796.52,562.56,0.69,1938.43
925.42,9.03,176.25,0.5454,1091.87
490.15,36.23,483.54,0.108,989.26
148.92,0.02,649.99,0.3429,799.93
512.24,33.84,353.72,0.334,900.1
688.33,1.36,197.23,0.2213,897.37
160.2,41.76,218.94,0.1051,427.05
305.58,0.87,469.37,0.1609,778.22
61.58,100.31,849.44,0.1931,1032.28
600.46,940.77,347.25,0.6338,1878.97
641.4,16.13,551.96,0.1298,1211.6
237.4,316.81,672.9,0.8133,1196.39
459.35,301.56,16.58,0.8646,764.34
421.34,81.92,682.2,0.8001,1204.43
510.58,51.13,850.99,0.6208,1396.97
598.32,249.89,641.77,0.5479,1490.2
859.71,86.5,151.68,0.569,1120.71
523.38,706.34,83.72,0.3087,1268.57
939.41,77.27,173.38,0.4283,1158.56
519.57,20.65,281.36,0.64,840.86
662.1,53.7,302.81,0.3664,1031.8
395.25,222.69,470.56,0.8386,1125.88
434.14,598.64,144.86,0.5849,1174.83
985.79,375.4,9.5,0.8055,1402.77
560.96,13.17,134.38,0.6156,716.68
861.62,18.06,573.77,0.274,1454.87
48.34,60.1,155.42,0.5953,257.65
771.53,1.5,500.59,0.5843,1270.38
35.99,29.29,548.17,0.9164,624.63
703.16,332.4,602.53,0.5145,1646.98
501.78,589.11,236.27,0.7757,1288.48
910.09,28.11,761.54,0.1357,1688.69
342.15,285.76,371.02,0.0581,1021.51
42.39,78.0,756.06,0.7142,870.08
807.2,51.45,455.42,0.5076,1289.47
598.14,373.53,549.87,0.7214,1558.44
761.41,9.02,789.14,0.2704,1547.52
487.27,19.43,325.54,0.217,824.11
913.03,31.74,457.26,0.8257,1393.09
831.26,88.95,396.22,0.1915,1334.68
135.41,753.8,322.99,0.4327,1217.02
896.3,144.59,249.09,0.2047,1283.52
780.63,34.2,625.11,0.2257,1482.27
352.11,127.73,512.95,0.9418,991.91
695.87,3.63,827.13,0.8533,1525.91
479.02,4.97,678.96,0.3997,1194.38
390.78,174.74,300.17,0.6709,860.65
508.86,0.16,842.89,0.4205,1332.89
456.03,48.64,607.13,0.0625,1077.41
102.44,999.14,565.27,0.1096,1692.89
331.31,865.64,679.92,0.5063,1854.81
995.87,297.25,462.54,0.4081,1766.7
705.42,203.18,763.37,0.5482,1686.04
477.36,443.53,373.49,0.8167,1314.82
692.63,712.05,692.17,0.3583,2045.32
206.98,0.2,712.24,0.7772,914.17
947.8,88.66,814.74,0.7594,1858.19
833.38,924.0,566.19,0.2545,2314.01
751.88,3.87,836.86,0.2348,1591.34
483.72,594.02,862.47,0.4299,1970.3
226.72,513.51,737.93,0.3157,1473.2
431.21,4.91,736.7,0.285,1191.11
971.81,750.68,539.65,0.2907,2242.94
701.6,933.06,339.53,0.1029,1916.42
838.26,10.87,653.07,0.0506,1524.62
362.84,55.45,220.07,0.2974,633.47
248.15,101.48,519.61,0.69,877.38
241.99,0.06,749.41,0.8351,985.85
959.71,254.62,804.84,0.4532,2041.29
955.33,504.89,374.19,0.39,1840.6
367.06,552.53,631.35,0.2749,1559.01
379.4,173.53,333.33,0.5195,910.9
731.13,427.27,351.93,0.6714,1489.55
477.43,198.26,617.83,0.8708,1286.06
845.29,30.12,496.72,0.7953,1394.8
862.87,541.11,248.71,0.9436,1636.47
430.17,0.11,273.15,0.8025,696.31
831.67,62.45,50.88,0.5158,944.78
122.97,1.19,137.73,0.2352,260.54
381.7,83.42,538.54,0.9141,1007.32
645.71,411.55,647.36,0.6712,1750.15
566.85,98.29,355.46,0.2937,1047.71
428.53,194.49,449.89,0.1472,1076.92
376.19,353.28,299.6,0.0572,1047.71
497.0,6.7,445.16,0.5668,942.91
655.58,0.03,342.66,0.7641,1003.75
924.97,148.04,83.2,0.2675,1164.24
991.46,642.77,288.61,0.7419,1952.85
384.52,338.85,872.01,0.4453,1650.83
220.17,65.56,56.72,0.8227,346.4
683.52,20.4,428.5,0.3034,1125.66
546.78,263.24,846.26,0.349,1614.17
901.72,24.45,778.54,0.9118,1747.4
569.86,376.55,432.96,0.5875,1334.43
251.12,497.82,455.61,0.2092,1197.93
792.43,183.98,753.69,0.3793,1716.74
648.32,518.09,245.69,0.4515,1392.33
50.9,65.93,702.29,0.7194,836.94
739.39,849.53,448.43,0.6119,2101.47
701.69,1.06,330.3,0.5473,1032.27
543.57,470.09,753.85,0.2886,1822.19
557.11,11.75,440.89,0.5437,1001.89
460.99,0.53,438.57,0.8042,888.24
318.87,781.16,140.09,0.3442,1252.5
737.98,583.75,52.7,0.7628,1383.69
894.65,730.08,699.77,0.2212,2276.31
936.32,214.03,484.88,0.8741,1634.79
113.83,434.73,869.08,0.0941,1380.46
793.97,140.65,77.96,0.2912,1000.55
321.06,676.08,595.83,0.7114,1599.14
427.51,32.1,766.73,0.9085,1223.23
973.06,0.0,293.15,0.7474,1202.27
920.96,10.43,716.1,0.2315,1661.4
445.75,843.75,526.91,0.6215,1812.86
56.62,0.3,737.68,0.2632,801.8
609.95,199.13,369.48,0.0539,1167.08
738.88,13.02,637.52,0.0636,1398.11
950.04,0.0,412.04,0.4224,1349.23
540.72,228.51,182.26,0.1194,936.87
620.68,576.61,760.22,0.6179,1973.23
914.01,514.43,794.18,0.9463,2241.77
716.93,325.76,156.73,0.6229,1228.08
450.64,5.85,670.27,0.6781,1133.79
156.72,172.68,90.12,0.3554,408.26
883.43,71.76,538.62,0.8373,1485.33
883.7,2.54,328.36,0.1353,1220.73
957.28,283.53,563.47,0.3003,1779.76
471.53,19.03,888.93,0.4308,1416.86
34.96,5.67,728.27,0.4844,762.23
83.89,233.68,647.99,0.6091,971.54
578.3,327.87,776.94,0.3527,1714.47
635.91,31.02,160.9,0.9196,833.57
232.73,236.82,69.63,0.0806,528.27
123.26,79.06,746.33,0.3578,942.31
600.25,27.58,389.28,0.3977,1020.71
388.39,0.0,797.63,0.9296,1228.25
5.74,423.37,515.79,0.1348,953.55
776.22,3.07,867.64,0.1636,1620.94
158.98,3.39,871.03,0.5649,1032.09
776.4,670.48,825.84,0.8897,2285.34
638.93,40.17,833.01,0.1602,1527.38
433.83,22.83,554.16,0.8648,990.33
553.87,75.76,636.81,0.1406,1274.48
641.34,153.03,366.62,0.3506,1168.53
680.56,74.87,400.74,0.8541,1146.07
219.44,283.81,119.03,0.2247,610.95
125.89,22.0,808.25,0.7145,967.54
881.83,30.54,569.14,0.3908,1509.67
348.46,0.0,84.54,0.7439,431.51
599.42,631.14,666.99,0.4221,1880.46
922.54,181.71,364.88,0.8979,1440.36
442.28,1.28,112.39,0.4087,563.93
338.89,327.94,724.67,0.8398,1387.31
773.73,3.19,628.44,0.3845,1435.22
213.82,268.32,112.96,0.2028,577.91
336.77,348.58,616.64,0.6095,1281.1
793.94,757.11,72.46,0.5644,1581.42
216.94,18.32,240.27,0.5651,487.64
666.09,227.25,591.4,0.2771,1492.36
664.04,2.23,180.16,0.3209,828.57
326.35,0.01,127.46,0.079,448.38
797.15,91.39,755.09,0.0928,1626.57
787.08,307.17,767.54,0.2965,1860.97
676.88,4.78,734.23,0.3303,1431.28
765.7,350.43,795.31,0.8529,1903.82
641.36,997.37,219.43,0.4756,1865.88
103.08,799.82,439.34,0.8537,1383.79
671.44,461.86,60.42,0.615,1190.56
956.12,907.94,581.25,0.62,2433.34
607.55,229.35,38.17,0.13,859.11
314.22,27.39,174.1,0.771,512.12
627.76,845.03,795.5,0.2461,2284.41
211.59,0.89,524.59,0.3044,728.44
613.41,46.5,886.18,0.9079,1543.25
791.68,933.35,540.41,0.842,2290.53
554.06,126.9,33.95,0.1283,717.91
294.02,0.15,380.84,0.7815,661.79
673.79,0.03,755.57,0.1816,1423.53
516.79,804.34,898.33,0.7544,2169.93
527.68,294.91,129.98,0.2923,974.17
979.62,33.69,216.94,0.2566,1191.09
223.77,272.72,67.34,0.1433,558.0
777.44,33.79,423.74,0.641,1220.64
307.11,390.57,257.46,0.63,946.71
926.63,947.24,696.71,0.8739,2566.07
654.46,7.81,249.27,0.5205,887.21
721.49,657.28,503.35,0.8837,1890.86
849.06,12.09,478.3,0.7126,1324.16
11.65,35.0,308.12,0.3097,362.36
45.07,46.44,640.52,0.4161,735.79
610.85,142.74,883.65,0.7237,1709.02
186.35,441.75,496.47,0.6913,1112.31
212.39,0.1,754.46,0.7833,961.17
645.18,401.51,501.86,0.3355,1546.21
642.44,373.59,586.9,0.6992,1607.46
922.59,23.35,752.9,0.854,1708.88
598.3,1.3,392.6,0.6005,966.42
111.46,980.57,299.01,0.3648,1390.45
646.02,105.87,711.39,0.5112,1458.2
482.69,0.17,744.11,0.1523,1274.35
459.97,7.44,485.3,0.4646,964.19
88.37,191.83,648.36,0.1649,924.95
864.24,488.48,841.65,0.6985,2193.24
920.45,11.44,525.33,0.7391,1483.04
916.54,0.61,653.45,0.2337,1565.71
700.69,5.96,749.55,0.4656,1462.9
971.4,283.11,529.71,0.0651,1803.34
26.57,37.03,310.06,0.5273,381.88
179.35,217.79,825.28,0.2165,1229.34
45.59,149.85,667.39,0.0806,867.36
877.96,11.46,650.59,0.601,1548.13
741.71,150.64,100.82,0.9044,954.07
745.08,10.32,123.46,0.7172,870.41
274.11,415.63,454.49,0.3637,1128.94
616.78,130.53,695.8,0.5403,1417.63
818.06,45.95,418.43,0.9116,1287.53
191.19,20.64,327.98,0.8419,532.03
802.34,20.96,798.36,0.0796,1635.94
377.63,153.34,504.58,0.2529,1052.71
803.57,0.44,443.96,0.2225,1267.41
277.29,355.68,410.42,0.3195,1058.86
85.8,450.09,223.48,0.8762,761.14
556.66,240.95,519.57,0.7835,1301.24
415.56,644.38,799.86,0.4985,1837.95
763.91,473.84,799.27,0.8095,2042.12
649.75,112.84,106.17,0.7895,843.45
58.01,310.11,254.79,0.1123,638.29
732.21,138.42,5.08,0.5692,877.89
926.41,19.1,783.91,0.0609,1699.59
451.41,436.57,848.31,0.519,1694.22
44.55,198.88,342.04,0.8682,602.77
765.45,610.25,88.45,0.4468,1459.25
424.46,180.51,785.79,0.2593,1382.47
397.03,208.56,295.24,0.5244,890.92
65.26,71.33,301.46,0.6042,443.04
167.67,9.21,396.44,0.2722,574.69
597.57,411.62,616.74,0.2986,1601.2
611.82,232.23,191.56,0.268,1038.39
237.82,325.77,277.7,0.1867,834.54
127.23,85.04,2.74,0.5381,210.59
552.48,818.52,782.14,0.5688,2123.44
698.36,786.69,440.59,0.1394,1918.82
10.48,447.06,76.42,0.146,535.48
689.52,177.41,738.53,0.8162,1639.41
996.3,45.72,154.36,0.8114,1210.99
874.5,0.23,99.95,0.0862,962.24
831.86,65.29,81.63,0.3861,989.74
643.47,277.36,92.72,0.4282,1018.33
258.86,67.46,552.33,0.4126,870.64
222.62,467.43,223.65,0.7859,898.33
472.92,457.45,344.96,0.2646,1285.97
671.91,103.78,728.47,0.4619,1512.83
298.85,7.93,747.39,0.1357,1057.1
26.91,142.44,52.5,0.7516,228.54
565.92,769.7,584.33,0.2105,1903.8
441.48,0.0,438.09,0.7812,892.3
758.43,351.19,411.22,0.341,1557.08
368.92,4.92,288.78,0.8392,671.27
234.96,2.37,49.66,0.929,291.53
729.64,461.84,317.09,0.769,1533.17
741.76,360.54,389.01,0.8072,1460.65
749.68,47.44,509.38,0.8537,1296.48
25.58,377.31,836.12,0.6278,1258.07
825.3,638.93,309.69,0.4767,1820.42
910.4,3.17,163.38,0.3621,1080.96
874.98,195.35,101.94,0.3234,1182.83
347.55,1.09,271.86,0.776,638.66
171.57,30.56,858.22,0.4388,1072.14
153.07,28.25,733.22,0.7576,905.52
893.65,54.98,777.9,0.0784,1668.95
855.07,732.19,680.78,0.6529,2236.74
707.56,16.43,419.61,0.6446,1165.16
885.1,106.39,160.19,0.2431,1176.42
8.72,656.53,50.03,0.4025,709.88
407.62,556.12,90.27,0.5104,1061.63
890.87,0.82,304.74,0.6434,1218.2
848.27,606.56,465.46,0.5579,1974.86
869.63,516.38,736.71,0.8417,2158.02
292.64,930.04,490.3,0.2088,1710.71
645.78,568.12,730.96,0.0943,1915.53
20.57,700.6,156.52,0.6124,889.57
625.53,178.85,644.03,0.6135,1425.21
366.77,163.3,292.68,0.7343,834.81
828.68,3.16,692.45,0.2151,1532.21
320.52,258.88,191.47,0.7659,776.87
957.27,360.59,546.66,0.7962,1927.61
632.74,59.5,669.41,0.072,1336.96
651.7,97.74,214.17,0.4679,996.38
206.84,49.5,891.3,0.8715,1139.0
530.33,0.28,831.51,0.4474,1352.77
272.95,184.04,130.5,0.7691,576.08
566.46,594.41,166.63,0.2077,1344.35
786.13,0.2,715.65,0.5007,1490.21
564.39,0.18,224.79,0.7298,786.05
560.52,843.56,41.64,0.4547,1432.17
106.45,859.53,865.31,0.3303,1857.22
35.17,943.78,752.34,0.2429,1771.07
798.3,32.55,318.38,0.6161,1147.57
118.21,15.59,667.13,0.3799,801.06
195.45,7.31,585.41,0.1475,795.59
400.7,302.48,343.56,0.8114,1060.39
893.3,19.39,38.29,0.5562,929.65
459.2,516.46,712.39,0.5903,1720.45
463.75,0.06,737.48,0.2492,1194.17
70.01,35.26,293.54,0.3225,393.49
751.54,824.68,84.65,0.1853,1720.74
98.14,50.97,562.1,0.7525,727.56
667.99,269.42,773.65,0.3324,1710.04
752.0,13.69,559.04,0.6576,1326.98
451.8,82.76,696.16,0.0506,1227.75
184.34,270.64,612.33,0.501,1071.02
315.06,30.76,670.61,0.1686,1012.02
655.01,691.92,234.13,0.5056,1567.84
912.51,308.08,560.59,0.7094,1800.24
603.86,513.77,81.27,0.9129,1207.35
963.02,528.2,264.88,0.5734,1731.96
754.17,3.63,780.14,0.2665,1555.45
70.9,359.98,167.58,0.2279,598.96
305.8,833.8,437.96,0.2848,1565.38
18.9,48.62,99.06,0.0743,155.64
318.52,423.33,60.29,0.6608,816.5
881.99,6.23,714.84,0.8284,1571.65
808.55,1.9,852.42,0.7835,1688.63
165.2,821.11,140.13,0.7494,1132.75
723.81,0.77,652.55,0.5107,1384.55
188.4,1.31,176.6,0.1207,361.5
122.86,8.1,728.72,0.2721,879.32
672.31,63.41,751.93,0.6244,1483.37
597.92,650.5,328.03,0.7128,1553.42
543.07,394.96,54.47,0.4595,974.24
725.01,224.54,294.24,0.1187,1254.35
315.0,20.88,90.9,0.5696,425.97
842.85,318.29,3.52,0.5591,1143.6
15.37,237.6,184.42,0.8597,429.05
209.19,938.68,491.8,0.1989,1632.3
959.35,76.34,382.81,0.465,1410.73
161.78,194.03,804.78,0.7122,1177.34
400.85,0.0,277.15,0.6524,672.63
840.56,108.79,602.25,0.8455,1578.0
897.33,527.64,510.36,0.3175,1946.4
875.33,0.16,847.29,0.3444,1745.84
330.03,866.34,32.83,0.368,1262.56
274.06,20.94,808.88,0.7975,1082.4
580.18,11.15,193.62,0.6039,760.04
469.78,16.74,768.53,0.549,1282.46
926.47,557.23,238.76,0.9149,1719.37
292.64,57.5,148.32,0.6683,496.34
894.46,13.98,153.21,0.3728,1051.06
946.15,369.29,716.57,0.7232,2077.66
140.66,79.19,746.12,0.3475,965.47
660.06,8.01,488.55,0.0634,1156.76
393.61,682.43,649.63,0.0824,1728.21
791.23,291.97,836.37,0.7729,1891.19
381.55,42.85,454.42,0.9083,898.1
312.94,834.61,630.24,0.2895,1765.18
344.21,137.56,431.3,0.8813,917.33
333.31,287.71,797.95,0.1534,1449.37
948.03,469.64,311.46,0.3719,1751.01
673.8,176.6,698.51,0.0988,1535.92
58.05,683.74,38.93,0.165,770.49
223.05,64.85,589.93,0.8533,876.81
532.49,32.55,720.61,0.1494,1298.17
96.98,9.83,527.94,0.1634,640.89
825.91,1.66,547.25,0.3668,1380.93
707.55,0.21,805.92,0.4225,1535.9
672.78,370.11,272.93,0.3665,1327.82
593.44,876.22,374.96,0.9466,1834.74
796.1,799.46,619.25,0.1484,2249.3
85.67,217.89,898.33,0.3873,1190.08
268.64,185.98,512.07,0.2568,965.39
88.01,241.85,383.13,0.1645,709.87
673.05,85.2,718.19,0.5084,1484.42
953.6,841.35,86.06,0.9015,1890.62
106.64,140.06,31.46,0.58,270.27
368.21,131.58,204.8,0.5369,694.23
215.26,169.56,319.18,0.7231,695.3
698.79,53.93,539.35,0.636,1281.63
575.26,651.27,223.92,0.1002,1473.98
60.73,736.21,551.06,0.8769,1377.04
821.01,375.26,472.6,0.377,1667.11
250.91,862.17,247.92,0.7267,1363.85
308.51,973.52,42.28,0.5739,1351.98
76.53,9.81,624.82,0.1475,719.41
625.06,1.03,258.13,0.1735,879.4
532.96,0.0,488.61,0.4845,1017.8
34.84,0.04,314.43,0.6697,353.21
278.26,10.09,614.81,0.0744,888.9
424.1,13.67,468.27,0.2455,893.0
148.97,66.77,459.38,0.0785,690.13
750.32,873.92,182.81,0.2378,1811.78
890.76,67.35,271.61,0.7171,1241.42
548.81,91.24,562.37,0.708,1190.5
636.42,144.15,120.57,0.8436,903.7
921.65,373.88,220.33,0.4375,1511.56
35.82,69.2,311.01,0.0535,417.19
143.87,125.72,706.21,0.594,970.22
618.21,434.83,769.29,0.3368,1839.12
607.95,11.51,702.81,0.6619,1317.93
967.53,199.74,813.88,0.6277,1967.33
799.31,333.82,880.15,0.2691,2048.33
821.49,0.25,569.88,0.5319,1380.87
165.12,531.83,13.9,0.7222,724.68
649.68,68.68,25.49,0.7716,745.39
280.79,848.69,271.67,0.2796,1385.55
85.93,4.15,394.49,0.7589,487.18
755.64,930.21,15.16,0.6076,1646.78
910.36,818.21,272.73,0.7949,2001.66
100.49,219.0,878.45,0.3273,1197.22
976.79,70.95,387.84,0.6914,1478.05
301.99,1.0,744.63,0.485,1030.47
860.5,0.01,773.45,0.7266,1613.31
233.59,33.52,595.33,0.8832,898.36
416.74,156.79,153.5,0.6746,719.77
798.65,41.37,866.94,0.1583,1675.05
554.6,154.43,682.1,0.5986,1375.51
179.85,150.77,625.09,0.5128,952.33
785.88,122.91,484.91,0.4721,1390.07
276.37,0.26,636.84,0.2947,903.29
993.5,57.43,459.63,0.3978,1517.6
5.85,624.78,425.84,0.6979,1079.44
2.83,307.6,106.78,0.4622,424.31
71.5,969.16,522.75,0.4055,1557.81
586.82,121.21,193.79,0.4914,904.06
999.48,36.63,432.2,0.7563,1444.83
888.56,834.1,170.26,0.4014,1915.05
45.02,368.52,4.4,0.8727,431.87
565.5,78.9,889.22,0.7129,1512.05
825.38,0.01,49.22,0.2285,876.19
623.95,34.38,875.7,0.1338,1539.79
480.88,73.47,23.01,0.705,577.09
318.96,138.16,545.8,0.3809,986.95
434.13,677.0,646.66,0.1494,1726.48
337.51,818.89,543.03,0.0748,1739.88
130.73,675.14,853.5,0.6757,1671.02
602.06,78.87,75.22,0.886,774.71
312.85,7.0,893.17,0.8983,1203.05
260.01,522.38,380.35,0.921,1172.25
759.45,0.73,631.91,0.9385,1359.66
881.57,67.99,874.19,0.6382,1864.76
479.05,0.12,355.57,0.8738,853.91
950.57,1.0,598.33,0.9191,1544.16
899.0,973.33,577.66,0.754,2459.55
427.31,23.95,741.77,0.6598,1211.82
931.56,0.7,858.46,0.1407,1821.28
630.27,39.82,614.28,0.7479,1295.71
179.34,6.04,47.08,0.4918,231.33
318.6,593.62,853.79,0.7899,1768.02
568.02,4.63,338.17,0.4351,930.53
633.74,19.17,578.52,0.9067,1241.08
815.99,10.2,137.8,0.859,965.76
741.09,0.66,556.2,0.6088,1264.43
822.61,321.65,342.49,0.1998,1482.42
496.97,0.47,860.01,0.333,1355.9
901.69,192.15,659.75,0.1874,1766.46
645.06,15.81,631.35,0.2603,1264.59
11.62,22.4,222.06,0.7379,250.52
177.82,183.37,202.9,0.433,562.27
719.26,276.02,253.34,0.1621,1246.15
567.89,241.53,877.6,0.3635,1705.58
558.96,13.02,47.6,0.6044,616.6
695.48,344.07,409.91,0.5328,1449.01
468.6,675.38,68.34,0.9318,1212.93
208.1,355.36,76.46,0.286,635.41
723.57,194.04,58.03,0.4641,963.11
967.7,1.26,538.25,0.4837,1536.53
956.49,39.75,673.89,0.4527,1658.99
365.66,11.72,75.25,0.1416,443.2
788.46,14.7,476.23,0.6928,1255.3
439.99,370.74,204.71,0.5237,1019.06
3.08,328.89,636.54,0.9462,953.89
739.58,851.88,580.12,0.9168,2129.02
801.62,997.86,563.24,0.4974,2344.8
830.96,1.34,272.45,0.2846,1138.25
233.25,28.11,466.91,0.1185,716.43
491.06,6.91,243.74,0.7683,744.83
464.63,36.46,810.62,0.7453,1330.93
446.0,944.54,639.06,0.4313,2053.1
895.72,405.17,690.3,0.4313,1989.69
191.55,211.07,332.92,0.3627,742.94
164.78,571.73,253.32,0.0758,992.91
429.18,93.86,288.23,0.6519,800.09
74.11,42.17,91.77,0.1066,198.4
700.58,337.16,775.25,0.7308,1795.11
312.61,0.0,582.42,0.3107,893.88
974.83,5.29,29.19,0.9045,1021.92
393.42,0.53,363.66,0.925,740.41
473.82,29.07,329.44,0.6001,833.56
151.95,337.49,782.52,0.8614,1291.79
530.6,490.85,833.72,0.071,1838.05
204.13,990.34,836.61,0.772,2035.9
952.1,0.03,169.24,0.6052,1136.75
883.63,27.14,351.72,0.4593,1252.2
863.97,38.6,179.35,0.4183,1106.53
870.92,9.99,155.35,0.8994,1031.08
365.77,7.92,895.72,0.6973,1246.81
91.26,7.91,222.97,0.15,324.28
116.78,53.9,437.58,0.4598,599.79
254.0,698.09,817.31,0.9138,1782.14
245.75,242.77,126.8,0.1271,605.14
606.15,521.03,233.0,0.8902,1370.43
77.46,67.57,61.21,0.8737,200.33
686.55,318.19,256.66,0.8902,1273.78
739.49,103.12,42.4,0.0755,885.37
595.76,508.36,853.62,0.2078,1932.54
54.1,967.5,702.82,0.4826,1697.7
562.17,16.46,166.85,0.3173,733.69
557.53,29.28,656.05,0.5611,1234.18
951.29,33.51,571.74,0.05,1511.5
502.54,9.05,1.36,0.6862,517.77
665.41,83.71,575.37,0.5642,1334.1
518.77,136.27,741.26,0.4401,1410.76
984.4,715.63,218.06,0.8693,1913.6
853.39,6.16,383.04,0.9355,1285.6
839.79,121.09,99.89,0.9072,1073.66
880.64,656.48,13.17,0.2884,1567.22
534.86,0.37,350.07,0.7832,895.39
701.28,97.55,63.63,0.2096,864.35
619.72,0.67,740.74,0.776,1385.14
888.2,882.42,39.12,0.9053,1806.46
664.76,5.34,735.71,0.8077,1362.52
992.53,0.44,592.17,0.2957,1583.83
148.8,821.18,615.28,0.0954,1545.91
807.81,29.56,423.78,0.7039,1244.31
463.08,134.52,38.89,0.5006,637.98
269.62,273.29,386.33,0.4332,927.29
961.86,11.23,365.5,0.2212,1361.55
436.13,70.78,787.59,0.7335,1291.15
468.59,884.46,860.82,0.6843,2211.09
899.09,896.7,74.05,0.9476,1868.76
413.17,38.07,723.79,0.639,1150.6
609.91,2.81,447.19,0.5751,1057.61
145.26,0.87,232.84,0.5963,376.09
779.12,414.68,297.21,0.1505,1482.83
500.85,1.02,481.47,0.6579,997.52
9.25,240.19,36.09,0.4395,281.41
998.85,50.78,18.11,0.4936,1061.06
892.78,360.19,363.89,0.7358,1591.58
521.76,785.78,180.14,0.3318,1494.07
461.88,32.12,33.57,0.4271,527.09
406.33,21.36,332.22,0.6282,759.57
649.68,269.79,735.19,0.1986,1664.49
50.59,42.74,898.94,0.3464,1017.59
85.78,97.15,316.32,0.2314,480.02
651.28,117.87,759.9,0.8645,1486.67
981.73,0.37,248.71,0.425,1195.87
545.93,183.23,806.63,0.2998,1541.35
558.0,118.0,269.47,0.3237,950.01
763.51,108.35,138.45,0.7339,1004.44
949.24,148.38,588.98,0.4814,1714.45
436.12,2.62,888.01,0.6983,1360.01
481.42,360.08,114.1,0.3435,983.62
21.35,431.9,204.58,0.7988,654.08
168.57,356.2,414.28,0.8771,951.59
378.87,25.56,813.26,0.2536,1231.52
194.19,266.34,405.96,0.1441,864.23
281.51,450.6,656.05,0.2346,1378.75
96.99,366.98,713.97,0.8542,1182.54
337.89,16.49,806.93,0.1814,1167.15
314.24,439.5,624.78,0.9383,1408.6
275.85,54.1,704.03,0.2429,1011.58
512.55,480.32,744.54,0.4809,1719.4
364.69,533.27,741.51,0.5596,1670.38
970.22,849.22,557.84,0.9355,2379.01
375.48,97.66,41.32,0.5442,511.31
109.52,16.7,649.07,0.7642,766.03
253.22,595.76,154.89,0.1678,1035.85
445.87,500.42,254.31,0.2419,1212.79
115.31,21.66,149.61,0.338,284.05
120.74,229.07,526.29,0.5343,844.6
663.86,618.06,145.83,0.7827,1451.93
482.12,133.8,177.83,0.1307,774.22
37.23,188.72,139.93,0.7778,371.65
292.41,4.45,368.65,0.8434,663.16
108.34,954.71,449.71,0.3581,1520.58
927.4,122.62,276.04,0.4844,1343.72
478.24,12.08,559.98,0.7339,1026.67
842.57,0.64,190.37,0.5285,1034.99
14.37,430.01,321.99,0.1095,761.89
977.21,312.41,142.89,0.5129,1429.9
54.24,259.56,649.15,0.6836,969.18
907.28,33.47,46.57,0.1249,959.52
39.98,473.74,779.24,0.062,1302.12
981.21,0.03,652.47,0.9492,1620.06
505.36,692.74,637.14,0.3132,1845.26
512.54,51.89,296.52,0.2101,866.81
705.01,36.37,213.9,0.1653,976.09
625.48,1.29,864.19,0.3012,1481.35
855.33,49.67,308.67,0.1568,1203.76
358.79,557.43,567.56,0.8419,1457.31
779.28,337.94,416.33,0.6698,1524.9
6.7,341.0,235.94,0.5376,607.92
23.02,0.0,142.38,0.0679,163.43
559.17,64.13,882.67,0.7778,1512.36
416.79,80.05,325.91,0.496,816.39
640.89,45.54,634.54,0.3105,1364.81
964.37,25.6,706.22,0.7821,1754.34
87.75,485.92,366.73,0.2373,938.54
436.94,0.67,885.31,0.2702,1317.42
667.29,1.52,665.47,0.6335,1375.47
528.33,870.42,819.81,0.1508,2131.72
516.77,778.63,734.91,0.3978,2025.54
378.16,19.95,548.9,0.3703,936.42
954.31,19.75,459.01,0.702,1426.24
795.91,198.13,134.77,0.8314,1119.36
176.62,7.46,706.96,0.8921,892.89
78.83,1.02,589.03,0.3837,663.91
337.05,100.89,579.19,0.537,1010.81
491.29,97.73,491.16,0.1496,1084.76
530.24,20.9,566.13,0.3855,1137.26
656.39,61.12,141.85,0.7779,855.71
915.07,7.23,788.72,0.7843,1754.97
531.68,279.32,445.93,0.4012,1235.78
700.82,901.06,761.61,0.7854,2404.43
646.08,697.54,552.07,0.1178,1851.63
102.84,855.48,582.0,0.5501,1513.85
515.77,40.19,607.85,0.594,1143.58
525.74,98.42,766.14,0.8549,1391.31
319.64,0.06,832.8,0.9428,1154.73
685.62,76.85,133.67,0.9483,890.89
982.61,2.98,442.73,0.8562,1422.95
434.6,137.94,34.74,0.6004,614.56
2.79,4.09,466.19,0.5549,460.65
27.93,411.17,218.63,0.6301,665.37
430.84,205.68,625.53,0.565,1228.37
436.08,79.53,441.87,0.4569,968.76
210.37,380.82,119.66,0.8678,730.96
659.0,47.25,836.79,0.8925,1596.8
567.85,776.6,584.83,0.8376,1951.54
904.18,289.58,272.95,0.948,1451.32
908.42,0.0,497.1,0.6913,1412.67
762.56,276.46,247.28,0.6701,1288.23
824.04,649.97,436.93,0.5067,1922.78
345.33,665.11,274.39,0.4126,1273.21
656.71,539.79,147.9,0.2793,1328.73
160.18,67.36,698.29,0.5375,937.13
625.09,503.04,354.12,0.2705,1476.07
23.91,542.52,723.83,0.8492,1270.42
107.76,664.77,427.74,0.4031,1178.69
58.58,266.74,850.57,0.6581,1200.68
960.88,326.39,51.26,0.653,1348.84
307.23,233.38,194.05,0.0844,761.2
285.86,151.39,235.03,0.6678,673.97
86.56,486.18,140.49,0.3465,724.19
206.31,0.43,691.64,0.7643,878.16
934.6,82.11,120.05,0.0596,1137.99
860.57,19.23,179.05,0.4451,1056.52
451.67,377.48,416.27,0.3857,1255.54
768.4,429.35,388.58,0.2909,1589.78
1.37,1.45,148.19,0.6709,144.15
736.95,378.3,894.89,0.9163,2004.62
145.1,3.6,806.05,0.1421,923.45
530.35,230.85,536.16,0.7578,1310.46
851.05,0.61,773.07,0.581,1587.74
977.74,829.88,761.15,0.8704,2572.21
227.8,6.12,786.38,0.794,1048.47
848.25,252.87,128.05,0.1984,1261.61
767.8,5.2,823.97,0.6654,1575.04
885.76,214.52,659.84,0.3969,1766.68
12.62,155.64,684.72,0.9219,858.34
86.99,942.69,134.53,0.087,1150.05
824.98,8.6,138.6,0.1031,958.83
487.22,1.31,418.34,0.5606,920.95
414.2,32.26,599.11,0.6658,1052.91
19.82,845.76,679.76,0.231,1558.64
594.95,2.0,172.49,0.911,770.09
191.44,507.36,423.52,0.6246,1112.98
57.9,4.49,875.73,0.6112,951.83
21.52,448.51,436.46,0.6488,876.39
620.87,0.05,41.03,0.769,678.8
912.46,18.72,524.14,0.805,1468.34
560.95,159.04,315.07,0.7282,1020.13
147.19,3.06,661.26,0.459,805.1
141.08,0.06,628.14,0.9452,755.23
864.34,57.2,15.11,0.509,942.58
693.4,23.85,433.53,0.2305,1155.82
925.43,65.61,403.99,0.9344,1402.89
808.62,182.55,792.66,0.3132,1791.88
325.82,0.0,152.9,0.9451,494.57
19.92,21.61,367.55,0.543,401.44
790.43,562.54,191.84,0.7686,1470.94
423.11,821.05,802.71,0.3876,2100.48
286.52,136.94,613.72,0.1334,1042.05
718.87,0.91,782.09,0.7193,1539.0
521.43,636.35,871.31,0.303,2044.16
860.25,964.92,63.65,0.5033,1828.71
3.16,83.59,525.78,0.5238,623.13
65.52,484.51,254.85,0.7918,811.08
42.92,895.6,702.49,0.363,1649.77
588.96,962.37,261.15,0.9034,1854.63
704.1,55.63,76.55,0.8926,833.76
944.69,1.1,240.25,0.8788,1193.15
189.48,207.57,162.35,0.837,569.96
529.78,0.26,625.52,0.8922,1177.21
371.73,13.3,108.92,0.8363,507.7
628.83,49.54,896.2,0.5079,1603.64
917.89,911.65,525.27,0.7666,2352.93
427.4,0.19,645.97,0.6802,1094.39
230.07,392.43,134.74,0.6718,779.05
353.34,17.21,335.74,0.3733,712.22
743.85,639.95,26.99,0.7039,1425.4
838.64,0.43,496.06,0.5438,1355.23
970.31,1.22,122.76,0.6298,1090.38
264.47,28.17,141.32,0.831,428.9
244.83,60.89,816.02,0.8482,1098.66
654.1,3.58,189.8,0.8278,846.23
82.69,667.45,655.64,0.7481,1388.7
507.23,849.03,180.32,0.5045,1567.49
822.43,0.57,390.31,0.7461,1208.54
240.48,18.1,642.23,0.3081,906.01
545.67,832.6,714.91,0.2168,2089.6
844.77,413.87,465.22,0.1128,1685.44
518.34,29.73,8.94,0.2579,535.62
112.31,281.55,737.7,0.3364,1140.71
139.7,45.85,732.09,0.6209,944.54
994.43,8.31,625.34,0.4699,1677.8
325.58,40.18,608.65,0.6087,950.82
118.58,193.34,665.46,0.5528,976.58
282.32,471.96,668.29,0.0594,1450.35
437.32,277.53,112.48,0.6093,820.54
371.75,38.39,25.45,0.1017,426.57
975.5,0.0,810.61,0.2066,1755.27
678.14,46.29,476.09,0.6148,1191.49
994.26,8.47,9.3,0.8999,1022.94
398.62,20.95,23.25,0.2881,443.53
520.33,95.85,791.13,0.8702,1379.92
959.55,647.07,834.87,0.6857,2468.16
195.23,750.23,456.34,0.8514,1420.29
212.51,56.96,871.04,0.0676,1114.07
978.78,1.13,244.79,0.5423,1237.5
506.51,0.21,114.47,0.3883,615.14
219.68,592.98,24.19,0.7964,848.44
630.11,244.55,134.12,0.5615,1009.18
229.05,198.49,1.07,0.2988,431.92
455.04,3.09,1.19,0.2934,460.88
534.55,2.25,552.33,0.949,1117.45
527.64,241.38,791.7,0.9014,1546.13
204.99,1.55,695.12,0.091,905.32
20.56,218.76,248.02,0.4735,490.92
748.89,122.5,379.1,0.7072,1262.11
793.92,399.85,438.95,0.8602,1665.74
930.29,517.63,135.23,0.0923,1547.21
685.84,218.26,878.62,0.5409,1834.12
564.97,0.02,521.34,0.8622,1088.01
845.3,515.71,95.49,0.8121,1453.94
491.05,14.74,259.29,0.601,786.88
325.36,806.53,656.4,0.7125,1815.17
5.79,14.61,592.18,0.4444,627.43
781.23,0.1,489.47,0.5562,1273.25
315.63,0.01,800.08,0.8863,1122.85
580.87,31.53,164.24,0.2021,786.61
330.84,22.1,752.78,0.4958,1126.85
145.83,671.97,49.34,0.2656,884.12
702.31,514.22,369.26,0.3621,1600.04
568.09,42.38,295.28,0.0652,895.48
60.59,19.87,829.28,0.7118,893.24
660.81,0.91,727.78,0.2751,1380.73
231.37,244.57,490.79,0.1788,993.19
781.29,9.61,866.57,0.3159,1655.8
618.87,104.34,589.82,0.7192,1260.08
559.99,223.24,361.76,0.1138,1136.7
606.7,797.05,23.17,0.5396,1426.93
561.74,421.3,661.91,0.7024,1633.79
72.61,132.32,235.6,0.8791,439.39
107.54,14.39,409.7,0.9166,522.63
567.97,39.75,581.71,0.6338,1164.11
785.81,0.76,736.32,0.2408,1549.69
347.31,226.74,240.68,0.5621,815.64
374.45,564.36,416.71,0.4993,1320.53
434.21,651.89,362.99,0.8983,1451.28
421.09,48.95,608.97,0.7298,1065.38
241.05,3.13,684.62,0.693,922.85
536.87,446.36,852.33,0.2107,1812.84
348.34,244.11,122.78,0.2241,707.28
542.05,4.13,349.59,0.171,925.42
400.2,1.41,53.85,0.8434,459.71
2.58,263.63,84.31,0.7791,352.33
616.62,230.52,334.33,0.2745,1205.98
133.72,303.77,423.08,0.2098,870.81
795.33,204.13,476.7,0.8129,1474.08
616.75,68.77,174.21,0.9316,867.53
335.26,4.83,897.99,0.8204,1230.92
565.75,3.2,644.2,0.4857,1168.22
557.04,755.25,307.08,0.0957,1631.59
141.8,107.21,490.21,0.2634,731.25
113.14,0.34,457.31,0.8078,572.37
700.62,70.25,31.7,0.5324,802.01
605.25,42.63,599.81,0.8767,1266.55
939.84,8.53,63.63,0.2234,1027.08
677.56,915.03,638.84,0.4214,2222.52
958.13,496.14,500.98,0.7932,1930.07
900.35,998.68,598.63,0.2263,2483.93
959.41,661.58,673.81,0.9042,2295.83
887.75,4.32,164.53,0.5111,1045.11
432.52,508.55,48.07,0.6988,973.53
847.5,8.23,661.45,0.5827,1512.92
267.54,0.19,318.04,0.2305,586.27
738.5,9.6,200.84,0.3564,936.48
513.71,293.48,529.67,0.4835,1341.14
265.79,357.82,285.75,0.8146,896.94
633.94,131.71,835.7,0.4294,1592.12
893.01,221.34,404.23,0.2859,1527.22
5.74,0.01,880.56,0.5539,905.44
795.0,376.07,429.39,0.7472,1630.63
200.61,0.01,739.31,0.4132,929.75
222.46,596.5,649.09,0.908,1453.36
976.57,133.32,559.28,0.6567,1727.43
562.78,11.14,326.13,0.6818,898.67
700.41,28.03,244.65,0.6741,937.91
961.68,972.3,412.29,0.4113,2312.02
778.22,4.31,839.74,0.9415,1701.76
465.99,158.47,161.62,0.7012,793.13
885.3,93.56,571.38,0.8796,1569.41
540.85,65.29,415.92,0.3575,1008.98
252.86,68.59,700.4,0.3779,1018.84
243.07,0.03,565.88,0.5074,815.77
423.13,2.49,296.77,0.4039,715.07
274.5,166.66,817.24,0.4314,1250.74
228.9,514.55,242.7,0.5718,976.59
67.4,32.66,190.83,0.8534,291.92
974.42,119.35,198.96,0.4022,1283.81
833.68,1.73,786.17,0.0913,1647.46
139.89,321.79,461.09,0.8954,906.86
40.75,441.86,521.55,0.7947,1014.19
738.18,5.01,899.57,0.2063,1655.03
212.44,479.14,775.13,0.839,1504.16
428.81,579.66,521.54,0.6091,1594.86
446.16,50.43,598.79,0.2268,1090.66
848.73,163.17,806.44,0.2593,1790.98
500.42,64.27,616.04,0.1838,1184.67
138.77,249.09,747.22,0.068,1155.64
492.7,373.64,67.25,0.4154,929.04
532.14,421.62,327.61,0.8781,1304.68
91.16,147.6,423.74,0.6246,677.71
226.03,420.37,262.59,0.7046,914.66
83.33,359.62,791.56,0.785,1238.75
539.71,761.89,538.85,0.3113,1872.78
684.95,458.77,821.33,0.8651,1987.31
603.88,1.05,85.02,0.1143,685.25
152.43,112.21,389.77,0.3423,646.94
2.79,54.94,431.41,0.773,495.65
849.76,53.28,126.81,0.411,1021.56
214.33,5.34,849.9,0.9049,1065.19
769.45,79.36,442.99,0.4988,1299.75
184.66,462.0,5.11,0.6157,654.86
753.71,793.93,678.45,0.7089,2228.82
992.84,102.77,375.71,0.5017,1465.6
593.64,42.74,215.95,0.8852,866.98
496.25,890.69,374.15,0.3986,1774.67
632.92,443.35,371.47,0.4163,1421.31
966.74,11.85,444.84,0.1531,1413.92
390.88,452.39,475.54,0.1665,1314.53
212.45,380.05,745.66,0.3572,1347.42
240.01,682.5,868.69,0.7276,1764.01
437.12,971.79,206.45,0.6534,1590.6
773.2,225.71,456.03,0.8859,1452.14
901.27,80.09,680.89,0.8741,1677.15
309.88,0.13,728.33,0.6098,1038.34
877.41,779.46,798.45,0.5914,2499.6
874.81,1.13,883.0,0.5439,1751.56
760.34,271.55,294.01,0.0743,1332.96
685.82,642.99,2.11,0.2372,1317.77
283.64,2.85,73.74,0.6241,373.38
858.61,31.21,123.05,0.7692,1044.14
360.39,648.0,686.29,0.8704,1708.13
101.3,1.66,686.88,0.827,802.9
59.57,0.3,538.74,0.8768,597.19
650.62,159.23,800.78,0.7991,1640.5
677.54,608.73,837.22,0.5809,2144.08
558.23,295.17,245.24,0.9257,1142.16
911.35,76.86,0.5,0.539,989.57
869.36,157.96,84.72,0.8841,1129.7
271.53,726.23,108.82,0.1377,1111.39
624.88,133.4,836.09,0.2865,1553.76
19.35,1.67,167.11,0.1216,193.39
865.37,552.9,670.28,0.0567,2041.57
396.5,391.64,654.23,0.2098,1436.7
926.18,18.2,643.53,0.9122,1552.61
387.63,92.69,728.14,0.4454,1185.96
222.32,965.44,803.12,0.5902,2010.38
687.0,882.27,145.38,0.2529,1720.39
419.87,51.13,678.9,0.6173,1132.94
397.86,68.11,113.7,0.2566,575.83
781.83,73.59,345.02,0.6355,1193.13
380.75,9.02,586.48,0.1511,990.75
596.18,579.42,652.1,0.8986,1847.84
349.19,12.44,50.92,0.2998,411.96
369.22,346.8,622.83,0.3363,1340.78
216.77,127.25,459.07,0.3212,800.62
979.57,154.96,505.87,0.057,1656.0
356.62,901.37,157.72,0.323,1430.58
481.11,32.28,570.92,0.4967,1090.91
83.2,494.07,251.18,0.776,817.46
849.22,651.03,646.31,0.1782,2153.28
340.77,121.34,272.36,0.718,753.49
971.92,64.28,707.15,0.7171,1765.66
773.62,22.8,13.75,0.9213,799.4
812.61,499.14,662.18,0.7263,2003.67
914.11,54.54,27.87,0.0848,968.89
834.98,608.96,363.95,0.3215,1804.78
832.54,257.86,125.83,0.376,1228.4
538.26,573.1,838.95,0.1404,1916.34
392.16,26.04,367.46,0.0866,774.08
838.36,1.08,741.67,0.3259,1571.03
100.75,0.0,319.76,0.8018,427.56
61.59,0.03,142.92,0.7397,203.37
230.81,702.46,787.45,0.6533,1735.13
381.15,13.17,604.66,0.7519,1002.49
897.96,99.14,715.51,0.0965,1655.74
14.78,370.9,71.51,0.3545,459.64
748.97,262.5,624.62,0.6361,1632.13
349.65,0.02,397.64,0.0909,726.44
464.08,5.71,705.84,0.6838,1164.68
925.91,23.69,235.83,0.2151,1172.04
205.36,656.0,273.88,0.4918,1125.9
307.65,402.63,622.87,0.7347,1363.53
460.18,90.47,644.88,0.3893,1182.83
163.67,313.92,69.23,0.9415,552.11
382.98,13.44,261.59,0.3402,671.27
176.75,18.37,91.09,0.3483,276.86
380.11,469.71,415.53,0.4546,1243.04
26.82,646.96,436.69,0.366,1105.27
339.86,934.57,842.72,0.2911,2089.32
812.17,7.48,658.76,0.1662,1457.81
500.51,414.96,665.49,0.598,1573.01
415.38,14.93,249.32,0.3409,697.63
207.59,0.08,623.21,0.0696,815.75
350.29,0.0,796.13,0.5898,1169.16
435.02,44.43,589.67,0.4154,1074.1
277.82,36.81,73.97,0.7532,402.48
975.0,17.53,427.55,0.325,1433.08
808.37,115.51,330.23,0.7203,1233.98
599.47,394.84,242.34,0.6401,1270.47
117.42,33.98,365.68,0.7484,523.98
449.56,32.39,3.66,0.0682,468.77
116.69,1.71,542.47,0.5949,668.7
593.94,3.1,339.5,0.9407,947.39
34.19,42.02,603.81,0.2521,687.72
425.29,0.01,486.51,0.6586,901.72
928.17,733.71,125.06,0.122,1797.75
608.13,217.73,244.48,0.906,1058.64
804.2,575.89,88.59,0.2593,1482.66
919.65,43.28,752.82,0.4802,1687.78
903.42,85.71,670.37,0.4319,1705.7
53.09,9.03,650.04,0.3863,706.27
101.88,241.85,723.1,0.6122,1062.24
16.34,0.0,450.01,0.2898,471.11
793.21,1.07,825.6,0.0769,1603.03
384.5,297.33,87.87,0.8934,785.46
519.4,132.33,571.33,0.5721,1229.69
589.19,633.02,549.96,0.2263,1756.26
215.96,4.51,897.35,0.2421,1104.8
562.01,566.01,54.68,0.4911,1196.0
428.69,40.69,123.42,0.8879,596.58
843.06,743.54,837.17,0.7233,2400.79
828.93,140.76,244.49,0.3972,1224.57
466.2,476.99,436.38,0.2911,1413.67
855.76,72.7,397.73,0.7373,1348.47
511.14,252.88,215.24,0.8916,993.65
719.6,1.49,573.23,0.3821,1277.51
682.16,504.98,314.43,0.8359,1479.18
562.9,3.46,260.32,0.8559,827.05
915.61,35.42,626.22,0.1325,1570.25
909.46,171.14,325.91,0.7642,1368.03
117.69,295.01,598.19,0.7267,1020.06
401.28,884.84,516.11,0.5077,1833.24
229.56,63.01,683.9,0.6918,952.5
654.3,30.69,357.89,0.1307,1052.58
128.67,162.51,361.26,0.1708,658.23
633.57,0.03,869.39,0.8682,1533.01
868.35,35.47,60.75,0.3255,970.32
665.83,13.58,647.26,0.687,1364.61
540.66,549.24,577.23,0.1629,1682.56
323.77,350.45,607.62,0.3523,1296.08
694.96,612.01,754.41,0.6139,2108.42
316.21,429.73,369.77,0.7092,1144.42
6.32,219.79,540.82,0.6148,769.12
811.07,115.83,686.15,0.6,1601.56
679.63,190.09,459.64,0.6337,1365.1
910.26,37.62,202.22,0.7446,1133.51
995.77,74.35,266.96,0.1059,1342.51
95.14,0.0,294.38,0.3294,386.07
232.92,0.25,64.05,0.2139,286.91
147.99,48.67,830.0,0.2854,1020.37
664.78,118.28,42.53,0.759,836.82
977.3,826.1,525.82,0.6674,2318.28
888.47,168.94,293.0,0.0585,1317.09
525.43,535.14,168.3,0.7839,1227.05
587.31,62.5,298.37,0.44,928.4
183.43,521.87,204.98,0.7133,891.81
33.4,683.97,710.42,0.7665,1409.3
582.55,980.27,161.24,0.1151,1739.58
293.94,225.01,352.53,0.3502,866.12
142.04,6.75,601.06,0.7543,742.68
231.15,686.39,548.6,0.7909,1497.53
356.89,144.59,519.26,0.1392,1010.35
665.49,47.28,450.67,0.3133,1146.85
599.21,167.53,849.92,0.6484,1623.45
641.75,889.23,21.2,0.6139,1542.2
816.46,262.99,843.29,0.6526,1927.3
510.35,737.95,209.07,0.1246,1425.27
502.51,0.11,251.92,0.3441,749.04
471.6,115.64,725.94,0.3006,1306.04
367.56,73.23,500.31,0.6761,950.9
269.01,1.12,385.91,0.542,666.51
890.5,509.79,444.3,0.4551,1839.04
536.89,211.44,802.47,0.501,1566.54
180.06,4.09,844.68,0.7641,1038.97
840.43,0.87,631.96,0.6839,1444.83
490.67,290.68,807.6,0.1494,1590.08
922.41,787.89,4.35,0.2489,1679.4
321.74,0.23,686.65,0.0757,1021.54
947.58,85.32,820.7,0.4181,1890.35
107.38,45.92,303.29,0.8119,453.54
21.93,0.95,578.91,0.4863,603.99
259.91,11.34,472.91,0.0657,730.48
300.39,77.76,474.35,0.2402,849.54
682.09,659.18,427.91,0.4392,1803.44
544.84,208.7,377.93,0.1808,1123.51
14.25,32.5,522.68,0.9101,577.62
55.46,26.02,141.12,0.676,223.26
980.87,626.49,441.6,0.8788,2052.44
993.76,21.56,897.22,0.2122,1882.73
935.32,50.88,188.85,0.1035,1178.55
355.22,74.74,488.21,0.7822,921.77
841.12,192.35,680.83,0.7313,1726.72
93.38,186.67,818.13,0.6973,1086.7
613.96,511.77,247.38,0.6192,1412.1
523.87,7.32,494.71,0.5792,1020.86
679.62,81.37,789.66,0.7625,1528.94
526.08,7.57,651.98,0.112,1179.13
52.98,147.55,617.33,0.4273,809.31
122.79,27.5,399.85,0.8272,555.02
953.58,1.01,266.59,0.4666,1216.2
702.8,485.62,446.29,0.5509,1605.06
240.03,519.25,640.64,0.1761,1415.91
855.36,473.65,114.1,0.1757,1452.79
107.27,1.46,360.25,0.0548,453.56
540.21,0.48,489.22,0.0987,1009.88
485.47,124.87,305.1,0.6096,915.0
586.96,42.8,643.47,0.5714,1283.58
686.27,481.77,59.29,0.599,1231.3
114.65,733.02,373.32,0.7141,1229.52
989.64,199.1,633.85,0.2765,1811.38
850.77,63.16,740.19,0.0955,1675.64
170.09,146.42,72.48,0.3595,370.27
794.22,440.0,121.6,0.3781,1375.75
21.63,81.73,835.73,0.1241,941.1
194.52,6.76,175.89,0.8881,365.61
750.79,49.19,785.93,0.5737,1563.74
752.32,463.04,613.68,0.157,1766.36
260.9,988.63,346.96,0.158,1624.03
573.53,59.98,745.81,0.664,1399.25
538.85,488.43,802.11,0.4054,1850.23
35.97,309.86,703.79,0.4326,1051.92
687.04,40.2,136.63,0.1914,864.79
187.39,113.45,873.35,0.7329,1184.77
528.28,4.68,401.78,0.1804,955.88
109.14,223.22,174.2,0.1844,501.18
122.01,351.35,375.3,0.5712,841.6
0.02,545.84,427.9,0.1142,956.65
506.35,2.49,491.7,0.5259,966.61
810.26,70.33,799.7,0.4772,1648.37
655.69,235.48,10.29,0.9342,922.32
281.29,174.29,693.44,0.8784,1130.77
18.94,315.37,83.77,0.6541,432.01
640.67,6.78,444.25,0.6062,1103.18
181.62,11.04,772.22,0.4681,953.78
514.89,580.36,457.65,0.134,1518.71
13.27,574.94,596.95,0.7333,1174.68
824.48,961.42,588.12,0.277,2412.77
589.75,457.88,505.41,0.3232,1523.05
447.97,23.54,756.98,0.5689,1238.8
328.6,186.82,380.63,0.1945,907.07
689.11,0.0,483.18,0.5694,1195.67
338.73,32.05,400.8,0.7807,789.2
993.65,53.22,629.34,0.5441,1680.22
888.36,133.97,445.03,0.8984,1454.32
997.0,3.83,3.21,0.4436,1022.69
72.86,52.15,523.31,0.2413,655.82
229.54,594.13,313.45,0.5888,1143.88
296.45,84.65,761.38,0.5435,1132.67
713.03,6.07,437.46,0.4717,1126.82
31.01,20.21,45.66,0.4235,79.93
654.07,0.27,107.0,0.6454,767.39
833.41,8.63,108.31,0.3758,947.6
485.97,0.96,64.16,0.6599,549.03
669.48,25.65,283.31,0.2388,994.51
16.07,2.06,752.66,0.1743,771.5
262.78,338.59,370.08,0.8065,990.68
531.1,15.45,713.18,0.8294,1283.91
51.71,340.01,633.54,0.8988,1029.86
786.35,327.22,790.85,0.674,1877.6
359.58,3.92,327.02,0.7835,691.33
637.95,963.13,805.51,0.6541,2393.75
116.48,124.13,478.72,0.7544,725.27
106.49,340.23,443.33,0.8081,881.55
846.27,130.97,704.43,0.6987,1684.86
309.4,727.05,207.91,0.6778,1248.93
755.16,11.13,534.66,0.5578,1315.97
491.4,679.73,612.48,0.9434,1774.2
643.46,178.65,843.69,0.5243,1670.76
834.49,831.23,431.03,0.1735,2141.81
740.88,52.16,673.09,0.5279,1484.61
629.52,58.84,708.14,0.0528,1405.47
306.58,883.7,683.25,0.2669,1918.34
499.58,142.99,818.57,0.8766,1472.54
978.45,35.57,209.1,0.0763,1242.29
602.63,28.48,521.66,0.0935,1116.05
748.0,1.14,643.35,0.737,1372.89
886.09,869.79,31.21,0.6612,1765.74
408.18,241.98,641.05,0.8062,1281.49
777.4,215.0,105.35,0.0693,1087.14
715.54,1.29,386.37,0.2806,1118.56
390.5,8.18,3.95,0.3394,400.2
929.21,11.77,461.03,0.5598,1409.43
328.57,0.98,829.22,0.9075,1174.36
580.57,0.02,42.49,0.119,640.03
227.23,6.28,7.5,0.0706,236.33
541.68,194.16,412.12,0.4636,1148.25
289.57,13.43,768.89,0.6703,1106.07
275.4,2.55,33.68,0.8171,296.0
45.83,3.99,251.61,0.2868,298.02
399.44,686.63,647.47,0.8697,1754.39
921.37,941.22,280.53,0.2387,2168.29
628.09,315.77,79.05,0.789,1015.9
628.47,82.66,138.29,0.505,842.23
604.98,29.78,222.58,0.4469,844.88
367.46,894.74,5.31,0.8716,1269.54
216.71,989.09,655.29,0.63,1837.98
408.3,482.28,139.38,0.7645,1026.27
857.69,404.67,586.24,0.519,1836.99
865.65,271.42,391.41,0.7563,1550.79
813.12,532.82,205.68,0.0839,1574.71
199.87,988.11,8.26,0.2568,1198.94
782.66,193.8,763.59,0.9164,1784.81
231.75,0.8,779.63,0.2706,1014.22
878.29,247.45,543.6,0.9057,1668.97
683.28,82.73,435.6,0.4,1206.03
638.12,475.22,33.48,0.8172,1156.35
737.16,0.06,804.49,0.6439,1554.35
303.56,30.09,273.06,0.1679,585.13
453.49,69.9,632.78,0.4278,1166.98
852.06,76.82,589.76,0.8869,1513.98
538.8,161.9,764.58,0.7913,1484.97
626.5,648.82,722.98,0.1622,2036.46
518.23,17.14,611.55,0.4786,1157.73
336.86,628.69,779.58,0.7811,1757.3
952.31,118.97,87.03,0.7701,1161.08
380.52,928.38,304.82,0.8669,1636.1
36.64,636.8,685.99,0.6282,1287.1
218.84,9.87,26.26,0.1887,246.82
540.72,2.24,501.81,0.287,1042.98
947.94,977.21,730.29,0.099,2627.56
178.43,184.44,804.34,0.3922,1162.88
708.37,27.27,85.43,0.7838,803.64
72.69,1.1,870.27,0.2687,965.86
681.16,27.13,345.36,0.7493,1043.78
74.75,12.14,774.31,0.6766,862.14
245.5,106.9,709.96,0.1234,1035.71
859.76,32.15,783.52,0.6635,1660.99
139.71,743.42,405.31,0.7729,1296.83
308.0,897.76,446.99,0.1039,1625.77
227.23,678.58,824.8,0.1155,1749.39
981.52,806.75,472.72,0.6624,2353.18
203.25,278.44,299.83,0.3542,789.4
852.18,13.54,225.71,0.0566,1094.99
978.68,81.67,175.65,0.9191,1242.49
484.17,520.89,695.54,0.2203,1655.85
622.29,307.92,239.49,0.7797,1156.1
725.08,829.45,769.95,0.7541,2340.16
54.08,189.76,31.06,0.6928,285.51
562.91,4.75,788.15,0.5863,1350.29
567.59,0.57,666.39,0.1047,1220.16
169.26,8.96,209.93,0.0629,385.05
804.24,0.03,51.29,0.7546,855.78
469.0,1.24,532.47,0.9485,1009.94
956.68,648.29,887.27,0.7396,2581.12
594.6,652.36,100.36,0.7175,1349.25
59.85,24.79,194.5,0.4147,284.28
274.83,25.94,539.83,0.1714,824.61
317.15,90.56,34.28,0.9493,442.23
287.34,170.83,768.63,0.4611,1244.87
565.88,112.64,380.77,0.9355,1079.76
561.94,0.31,510.23,0.9072,1070.71
215.5,6.87,137.03,0.7878,372.39
338.05,34.27,247.87,0.8444,627.79
244.02,358.52,571.91,0.6938,1189.89
101.23,0.0,45.51,0.6861,150.84
331.11,476.73,656.27,0.9303,1485.63
166.07,448.1,736.94,0.6866,1376.84
371.18,328.96,237.46,0.4518,885.28
671.42,670.55,282.98,0.4363,1625.58
412.85,22.26,516.78,0.8677,953.28
675.53,351.12,137.19,0.3619,1148.64
440.75,698.54,432.84,0.4605,1555.42
310.22,821.6,272.7,0.7082,1417.06
128.31,30.22,811.28,0.2474,946.25
167.52,230.17,528.15,0.6098,930.24
162.1,696.65,512.5,0.2408,1357.21
67.09,107.43,381.5,0.1695,550.68
639.53,800.45,632.87,0.5022,2079.58
279.94,299.13,4.56,0.1153,594.2
192.55,326.7,573.08,0.1073,1095.86
613.0,363.2,734.48,0.3474,1695.09
354.25,0.0,549.01,0.2675,922.93
258.36,567.49,822.6,0.9155,1662.7
455.93,516.87,286.11,0.3966,1221.9
572.37,286.54,286.6,0.0718,1116.42
616.6,10.5,283.18,0.9114,913.76
595.48,261.76,859.0,0.3559,1730.09
376.74,513.82,108.86,0.2361,974.69
636.38,264.09,334.7,0.2986,1234.51
31.73,403.15,189.25,0.8625,619.93
642.3,1.77,228.5,0.6805,881.53
770.48,178.84,512.4,0.8224,1473.46
895.04,51.57,295.73,0.7515,1246.7
172.19,0.37,460.89,0.6153,633.62
161.46,27.69,264.8,0.1374,446.3
847.05,343.85,266.48,0.2871,1420.08
348.91,63.08,813.76,0.7188,1254.63
134.86,282.51,842.41,0.1202,1227.58
180.11,344.89,165.47,0.59,702.38
541.7,216.17,556.67,0.6645,1350.64
703.39,3.69,609.33,0.1616,1334.13
386.77,905.2,567.73,0.1294,1831.36
194.14,23.43,340.6,0.7486,547.77
924.34,4.97,54.37,0.7957,979.62
582.83,937.24,167.78,0.3874,1739.31
649.98,824.11,568.55,0.3232,2010.89
759.26,813.78,428.55,0.5026,2038.04
268.76,989.62,879.53,0.5267,2097.38
356.16,614.11,571.38,0.6954,1512.71
635.83,619.18,352.81,0.8143,1628.66
199.96,369.13,675.12,0.8621,1244.23
56.07,130.69,787.81,0.9243,985.78
489.96,643.59,192.57,0.8791,1358.08
389.36,196.77,705.61,0.2661,1263.34
733.12,864.08,573.28,0.1783,2160.36
116.63,27.96,28.44,0.4888,180.54
97.52,29.51,582.81,0.3102,710.65
544.8,427.34,747.13,0.4749,1770.51
833.33,304.67,474.54,0.1039,1593.03
319.82,61.64,855.8,0.238,1238.0
991.22,236.94,188.02,0.9142,1455.23
47.87,80.26,216.59,0.787,360.57
819.85,0.05,836.24,0.088,1685.62
73.69,664.39,748.2,0.585,1481.0
621.14,235.85,501.48,0.6184,1371.54
995.51,141.01,82.62,0.1706,1240.12
981.96,82.91,88.23,0.3677,1153.25
996.6,323.65,106.08,0.3534,1413.02
653.06,304.47,51.75,0.352,1010.03
826.82,189.33,436.16,0.9436,1400.35
952.64,0.37,190.94,0.078,1155.23
694.23,5.61,876.77,0.9102,1607.24
647.01,298.22,3.62,0.6699,931.96
901.32,589.55,814.76,0.7318,2284.45
360.55,356.3,290.99,0.689,1023.02
177.73,139.12,617.6,0.5155,936.57
438.05,471.51,584.97,0.5671,1503.64
535.73,0.13,600.05,0.234,1111.87
812.34,147.16,762.42,0.6537,1728.56
740.77,987.47,36.88,0.2704,1817.8
415.19,259.15,527.76,0.7592,1221.3
440.62,636.18,326.49,0.5034,1400.8
224.17,99.67,359.07,0.6932,691.55
880.28,624.52,217.1,0.0659,1775.66
329.12,41.82,142.56,0.6737,511.62
176.74,127.56,675.37,0.2926,944.45
461.98,65.83,323.57,0.181,867.39
879.25,1.07,862.47,0.1467,1780.73
606.31,588.15,129.22,0.177,1322.25
292.75,267.72,738.52,0.1192,1323.32
37.59,726.15,878.06,0.6507,1700.4
821.99,0.09,3.43,0.0687,840.04
623.38,111.61,609.42,0.4546,1361.03
226.17,978.04,311.28,0.3423,1522.78
987.14,12.24,582.14,0.0878,1591.81
716.75,256.25,612.15,0.2579,1574.55
558.38,911.4,147.75,0.4146,1647.98
755.07,417.79,437.89,0.0645,1596.52
50.27,607.68,260.79,0.1561,924.86
77.29,937.9,283.51,0.8898,1314.67
566.11,107.51,618.64,0.6676,1294.63
907.78,49.82,317.95,0.4159,1292.38
376.02,52.24,57.12,0.425,488.49
855.59,37.43,864.78,0.6661,1760.26
947.75,13.64,510.56,0.0867,1435.31
366.59,317.92,748.52,0.2808,1391.81
224.29,0.0,48.97,0.577,290.01
270.43,0.0,511.21,0.7858,775.25
736.47,255.49,431.42,0.0935,1443.86
477.44,63.81,775.33,0.811,1329.77
829.36,1.92,684.82,0.3452,1555.85
370.23,0.16,372.94,0.7311,744.88
763.63,0.04,159.45,0.5572,921.01
680.18,891.82,593.88,0.4256,2196.15
912.83,304.81,722.86,0.3214,1972.49
139.43,421.5,793.4,0.8602,1370.69
829.88,1.33,430.56,0.6643,1294.93
339.91,319.76,594.79,0.5746,1267.3
705.74,65.47,61.89,0.5337,822.01
299.16,2.79,820.66,0.8274,1104.91
786.61,909.3,512.33,0.2698,2199.68
914.59,328.72,23.62,0.8754,1268.37
401.83,962.94,649.51,0.7929,1993.84
39.58,464.44,347.71,0.8322,852.63
828.62,473.09,714.85,0.3169,2000.36
115.05,573.01,581.41,0.6014,1239.86
615.04,93.92,895.74,0.8268,1617.18
808.46,4.45,91.26,0.6176,923.44
53.06,8.12,483.54,0.1065,536.61
482.08,783.29,284.11,0.2018,1545.59
121.61,423.34,400.43,0.2289,955.59
787.54,1.5,242.06,0.8145,1039.86
945.55,0.44,697.87,0.1188,1670.68
750.67,359.44,1.91,0.2317,1103.31
126.15,34.77,165.5,0.1503,318.58
61.34,154.03,623.4,0.1018,838.92
334.07,579.15,717.89,0.7645,1650.81
822.55,250.03,340.82,0.1226,1428.91
251.4,26.89,834.78,0.9499,1120.16
942.77,352.7,448.75,0.9092,1711.66
593.65,9.2,220.0,0.8704,798.59
32.31,18.87,432.5,0.3938,474.43
418.57,702.72,535.2,0.5217,1667.32
271.03,652.09,701.96,0.4527,1639.47
819.18,1.41,545.34,0.769,1384.82
91.34,11.33,371.74,0.2765,484.2
628.8,130.69,139.49,0.5777,890.75
383.04,497.77,801.04,0.2707,1706.78
891.76,223.52,883.96,0.2716,1984.06
843.44,118.32,311.81,0.0997,1265.75
90.72,6.19,873.36,0.3033,955.4
19.41,33.33,815.57,0.2165,873.67
826.51,1.79,47.86,0.9194,884.02
657.87,2.05,198.16,0.464,848.89
293.25,692.29,703.03,0.5464,1715.51
619.54,391.68,121.46,0.8174,1182.53
935.34,872.47,27.65,0.396,1839.93
539.6,556.21,126.99,0.6102,1243.1
996.69,0.0,875.31,0.16,1880.36
246.37,222.98,33.32,0.2645,505.73
915.61,198.8,637.39,0.6584,1743.75
14.02,1.23,412.93,0.8972,436.76
826.6,745.61,264.14,0.8882,1885.17
508.41,471.62,214.84,0.7813,1202.3
799.37,626.61,555.61,0.0831,1994.54
878.02,246.44,801.05,0.3961,1923.71
862.59,442.51,339.75,0.0704,1640.36
786.36,90.62,491.62,0.2339,1377.15
163.2,9.34,761.73,0.3762,937.37
473.9,0.35,325.37,0.1924,802.13
911.39,444.33,700.59,0.8257,2067.0
568.57,364.42,374.36,0.1137,1344.01
721.66,11.2,858.55,0.0973,1648.81
968.48,29.55,821.22,0.7938,1794.3
953.79,279.8,445.39,0.6581,1700.42
324.89,0.56,340.21,0.7729,659.93
975.15,8.81,514.29,0.5682,1510.59
581.63,47.74,848.17,0.2797,1462.91
896.86,398.48,193.21,0.2843,1461.82
75.83,1.61,880.71,0.7492,998.18
160.21,116.89,756.69,0.346,1045.2
10.95,241.27,264.43,0.8273,514.83
151.58,885.97,868.3,0.6665,1882.23
161.83,97.55,183.74,0.4809,440.09
844.93,0.0,350.55,0.9447,1176.05
296.2,58.86,290.31,0.4528,653.02
506.86,100.22,464.5,0.0752,1085.31
371.14,693.02,711.75,0.1491,1813.01
604.59,111.42,627.81,0.9475,1314.39
515.53,134.51,506.14,0.2003,1159.01
44.34,407.07,596.84,0.3474,1024.44
828.78,157.06,891.46,0.7971,1883.12
591.06,195.98,587.65,0.8967,1350.15
77.38,110.13,709.01,0.3727,903.73
303.24,317.42,77.41,0.3884,695.76
475.93,2.83,98.13,0.678,575.75
154.8,208.02,39.23,0.0797,405.05
365.1,161.54,894.14,0.4412,1404.44
919.24,112.8,703.01,0.5438,1730.02
932.5,0.0,810.85,0.4979,1713.84
450.06,17.76,59.41,0.9006,517.94
873.47,24.59,250.2,0.3522,1117.91
497.97,820.66,788.46,0.4956,2139.37
611.69,229.51,615.39,0.532,1465.84
76.05,923.37,671.61,0.9034,1696.91
534.95,33.37,818.04,0.309,1363.53
175.06,1.17,140.07,0.5265,310.38
999.28,241.44,480.24,0.7582,1677.1
809.4,436.17,476.59,0.0707,1742.04
369.71,833.83,574.64,0.5091,1845.06
779.98,33.9,85.07,0.6593,890.81
325.59,94.02,218.46,0.8795,652.16
991.09,897.37,283.01,0.3925,2215.46
15.85,981.78,9.76,0.5283,1002.25
914.15,267.26,537.27,0.3203,1685.81
749.7,137.06,701.67,0.1127,1610.22
959.81,33.84,559.67,0.5179,1522.04
162.77,26.84,776.14,0.6496,984.87
394.9,69.59,841.43,0.654,1296.57
972.19,163.67,548.9,0.6407,1652.89
659.07,1.51,848.19,0.6448,1536.83
424.74,106.98,619.97,0.7488,1166.84
407.34,456.28,893.01,0.0605,1758.92
464.85,11.08,24.23,0.5356,505.29
416.06,50.6,887.05,0.4798,1338.06
287.17,572.18,741.33,0.2909,1603.17
682.01,86.71,696.4,0.3262,1493.32
990.15,5.7,133.0,0.178,1102.22
159.91,6.88,625.31,0.7335,800.61
982.67,0.06,558.74,0.5958,1556.29
899.44,169.0,221.71,0.1295,1240.55
897.33,15.68,816.3,0.1581,1774.59
833.35,1.57,77.45,0.7731,901.12
262.18,514.4,816.82,0.7409,1602.42
559.89,473.84,309.77,0.7567,1326.74
574.83,977.08,422.8,0.6073,1966.78
260.51,36.06,880.91,0.4029,1163.64
567.1,704.51,681.92,0.1226,2001.8
711.91,4.2,453.1,0.336,1154.83
997.15,802.71,672.77,0.2309,2555.01
630.79,901.64,38.32,0.2061,1556.05
907.18,5.43,285.39,0.5794,1185.86
675.01,675.38,456.34,0.1617,1830.39
601.47,114.33,247.49,0.7558,940.59
364.19,798.58,332.77,0.1468,1498.44
494.52,0.51,646.57,0.7656,1134.56
893.35,869.03,402.82,0.1302,2098.43
657.62,66.82,616.51,0.6501,1370.96
157.83,23.37,340.08,0.792,526.94
644.93,303.65,452.88,0.0857,1377.82
140.3,0.26,287.53,0.759,442.68
111.42,1.92,242.84,0.232,353.11
276.5,988.92,302.84,0.2401,1537.16
229.37,175.28,360.59,0.8572,771.49
713.06,10.03,426.51,0.3249,1140.86
29.17,290.76,290.9,0.4829,599.8
364.79,306.68,535.94,0.2697,1219.39
856.02,119.32,556.86,0.4896,1502.67
626.97,0.0,479.93,0.5019,1132.94
745.88,13.12,49.07,0.7728,796.66
240.69,325.02,4.46,0.699,555.31
792.48,60.71,315.97,0.8067,1166.82
187.16,70.0,536.7,0.0546,803.65
378.49,250.05,816.28,0.4468,1424.5
462.79,1.66,713.8,0.8467,1185.56
947.6,102.52,587.09,0.2015,1697.09
580.55,17.92,724.84,0.5778,1296.37
769.98,675.14,491.99,0.5156,1934.33
105.01,0.16,885.33,0.8747,965.36
62.36,19.53,811.39,0.1305,906.13
341.29,681.12,466.27,0.3113,1501.55
112.45,390.94,556.5,0.5906,1047.89
294.24,0.28,852.33,0.4249,1172.63
375.77,964.07,716.55,0.1362,2118.57
484.63,499.34,897.58,0.7199,1831.95
502.64,52.15,578.95,0.7245,1157.55
503.39,1.47,194.72,0.8437,699.4
811.35,51.73,597.17,0.8693,1465.63
825.94,17.81,325.51,0.7095,1164.06
790.05,405.4,208.46,0.3102,1418.98
553.86,429.43,539.28,0.8821,1502.06
261.37,692.47,270.04,0.4469,1176.76
324.02,24.58,601.79,0.9497,954.44
701.06,146.33,369.56,0.7249,1240.64
797.81,411.59,886.61,0.7798,2074.14
779.58,274.25,80.81,0.5949,1135.06
197.19,82.26,488.24,0.4218,767.36
168.9,459.31,700.28,0.4532,1333.14
153.56,7.43,478.5,0.2522,631.68
616.22,0.18,322.09,0.8226,934.1
719.72,0.83,837.48,0.4544,1591.36
569.83,48.0,652.76,0.0631,1263.72
188.82,256.46,801.54,0.1073,1213.27
819.51,0.45,128.91,0.365,941.69
758.29,128.08,369.69,0.7025,1244.69
871.53,279.68,311.85,0.5359,1462.93
435.6,721.19,880.22,0.5322,2083.98
572.25,0.77,857.18,0.461,1434.63
655.61,1.16,375.35,0.2263,1041.09
715.09,0.03,869.53,0.4549,1578.13
85.62,203.55,310.28,0.6117,607.55
216.91,98.39,277.26,0.2658,589.28
11.91,19.44,477.98,0.4785,504.62
843.66,424.59,462.67,0.436,1719.94
821.67,79.9,288.87,0.596,1192.06
523.05,3.35,829.48,0.1516,1385.85
442.48,848.26,823.18,0.4156,2130.26
89.77,0.57,320.36,0.5988,412.55
515.18,928.71,772.6,0.2592,2203.37
171.41,18.25,830.7,0.948,1002.39
212.07,56.56,401.27,0.1303,664.8
424.83,13.05,760.44,0.7264,1192.49
432.63,573.83,149.4,0.8486,1150.74
923.39,2.67,730.89,0.0662,1674.75
584.07,0.01,696.79,0.1414,1273.08
332.0,437.54,767.9,0.4678,1535.13
916.62,327.37,289.79,0.467,1491.5
458.41,14.87,726.52,0.5989,1201.65
110.26,0.0,710.27,0.5381,808.93
537.24,9.89,628.63,0.6809,1169.71
693.65,9.6,229.07,0.0783,929.47
731.73,12.25,713.29,0.7358,1453.54
68.23,22.0,148.89,0.9129,247.37
78.38,135.37,240.2,0.0789,464.64
127.59,11.05,293.89,0.418,414.94
520.2,50.65,448.51,0.4261,1028.16
67.64,201.18,174.28,0.3879,447.16
759.81,934.67,444.26,0.2813,2146.54
221.57,130.97,762.04,0.4134,1138.06
119.55,0.18,887.65,0.211,996.81
504.68,52.51,87.61,0.2272,664.85
438.8,508.54,280.61,0.8963,1242.3
331.3,855.52,756.44,0.3353,1939.5
842.26,0.64,265.21,0.5284,1093.65
564.62,117.49,865.91,0.1548,1535.59
127.03,393.55,488.78,0.2882,1001.78
879.42,105.28,5.92,0.1009,990.27
677.93,64.86,218.5,0.6944,956.61
74.01,68.72,485.22,0.9191,615.42
208.32,576.33,262.33,0.9134,1036.15
909.52,679.04,777.59,0.0854,2441.96
721.3,37.36,441.09,0.6259,1188.9
780.08,78.68,580.88,0.2173,1423.67
791.3,223.2,704.92,0.5088,1720.77
742.54,0.82,880.75,0.9035,1627.11
884.28,133.48,448.15,0.7881,1479.6
849.91,8.11,791.2,0.537,1665.2
493.14,225.24,834.11,0.4264,1515.92
90.98,205.36,549.98,0.6086,854.44
27.42,717.92,625.95,0.152,1347.38
161.86,525.4,650.78,0.6248,1336.64
858.87,37.08,290.01,0.4329,1194.21
554.9,163.58,728.63,0.2103,1453.51
641.36,964.48,139.02,0.4568,1732.42
725.53,231.23,231.4,0.2185,1169.88
808.48,374.34,751.68,0.204,1940.86
768.55,4.37,131.04,0.3948,914.64
78.9,30.6,788.04,0.1009,903.0
563.0,149.59,454.96,0.0655,1158.22
511.21,907.91,367.18,0.4751,1801.93
779.11,456.73,454.26,0.8581,1721.25
656.7,488.48,365.93,0.9079,1537.06
587.14,10.95,697.41,0.3399,1326.1
86.7,526.32,863.18,0.1348,1440.61
860.84,1.31,222.12,0.4027,1066.05
493.43,2.57,230.73,0.4706,718.78
631.0,0.02,702.78,0.7105,1378.01
157.71,218.8,702.92,0.5142,1078.66
98.93,222.43,447.85,0.8866,789.31
723.75,948.11,625.15,0.1331,2360.74
815.87,46.93,831.86,0.1564,1656.64
773.17,608.67,780.48,0.1392,2161.31
646.39,775.63,215.11,0.5903,1630.72
747.28,2.07,899.98,0.133,1661.52
777.04,17.17,229.35,0.5865,1024.91
720.53,195.41,157.02,0.8817,1085.48
565.24,778.7,821.67,0.2011,2208.54
601.85,38.33,657.79,0.5202,1293.41
411.04,330.1,706.63,0.3826,1409.24
353.28,250.61,683.85,0.8417,1273.79
529.36,681.95,235.87,0.5537,1457.92
768.69,462.11,256.81,0.8473,1485.93
948.24,95.85,888.67,0.7564,1916.06
432.26,597.87,687.72,0.577,1768.17
249.46,264.31,289.01,0.4621,794.83
334.56,53.51,51.01,0.0859,423.75
310.91,0.01,73.33,0.2263,376.71
946.15,183.6,354.62,0.5294,1439.14
701.85,911.52,117.59,0.1873,1728.08
151.93,2.0,603.44,0.6068,771.29
823.18,1.17,299.32,0.715,1113.63
600.07,323.22,581.82,0.8368,1481.61
401.28,449.61,233.32,0.7336,1091.45
480.38,403.9,564.89,0.1271,1480.29
811.86,990.33,420.12,0.1273,2242.91
489.92,0.4,777.83,0.5349,1255.51
397.18,0.02,466.99,0.478,875.54
658.68,69.44,514.59,0.8465,1269.6
397.92,649.25,322.28,0.4454,1360.95
591.87,814.48,423.6,0.4811,1849.47
197.3,157.46,168.4,0.4582,520.22
20.81,107.25,581.64,0.3544,711.37
146.05,0.76,841.36,0.8795,997.07
419.93,616.37,477.47,0.1554,1489.3
131.13,475.95,541.71,0.3198,1141.41
123.46,407.51,797.28,0.528,1323.44
283.13,200.88,394.23,0.1289,895.84
846.79,0.14,429.4,0.8359,1272.38
493.45,5.03,763.67,0.1878,1267.02
124.28,96.71,566.28,0.7944,757.13
970.72,211.56,543.97,0.2078,1735.34
576.63,374.62,184.24,0.4856,1129.96
438.76,10.96,126.65,0.3385,583.11
805.23,1.05,79.03,0.4937,889.65
823.43,114.92,767.44,0.1474,1679.96
767.1,392.02,846.19,0.4733,2011.88
496.9,541.79,773.59,0.4897,1850.78
246.95,12.25,527.63,0.4296,792.44
761.36,150.69,468.35,0.2204,1423.98
692.71,618.26,159.49,0.7811,1463.82
814.91,196.88,316.66,0.7439,1342.63
221.86,65.15,411.95,0.5048,695.36
411.17,23.1,866.11,0.2678,1295.41
849.82,869.47,613.92,0.4169,2307.19
832.0,693.95,92.27,0.8312,1644.51
32.28,1.28,40.98,0.9037,71.56
715.62,0.0,713.85,0.4838,1419.75
520.9,490.8,566.52,0.5185,1549.0
495.6,710.66,32.47,0.6417,1223.81
899.28,114.12,424.89,0.7795,1417.83
937.16,15.75,66.96,0.7447,1027.28
355.78,33.05,882.4,0.5645,1246.98
343.58,70.94,190.59,0.4373,618.14
0.56,93.0,671.42,0.4434,765.69
445.62,146.2,698.04,0.7734,1264.02
212.43,95.97,747.91,0.8977,1050.7
493.0,446.99,892.52,0.4333,1854.26
834.31,358.55,130.57,0.3412,1338.01
731.47,475.73,140.16,0.2451,1362.28
116.11,123.63,491.39,0.3554,739.45
55.42,469.9,581.43,0.5065,1123.86
202.25,513.49,169.0,0.9414,882.79
553.2,4.74,367.18,0.1832,934.48
60.98,0.0,647.38,0.4581,703.69
938.97,294.89,237.85,0.4448,1491.13
569.93,630.42,530.91,0.9309,1778.76
988.52,167.06,610.6,0.7141,1767.75
24.43,2.07,204.95,0.2943,235.38
722.6,2.94,383.72,0.2688,1136.37
917.8,4.43,374.91,0.9076,1310.05
868.1,45.77,188.73,0.6722,1099.74
839.9,430.09,274.42,0.4988,1553.1
934.91,43.67,710.99,0.225,1682.46
686.25,3.56,665.85,0.7017,1323.54
344.88,404.9,743.91,0.3624,1457.68
887.88,239.13,414.35,0.8418,1541.32
810.58,118.24,38.27,0.9254,975.29
214.76,788.11,841.81,0.7704,1846.89
186.38,428.72,822.43,0.2435,1474.32
154.79,109.22,578.28,0.0667,842.24
639.75,94.2,805.86,0.1713,1519.88
495.83,151.45,240.02,0.9155,889.2
270.16,533.39,830.54,0.5325,1628.75
355.43,11.23,459.92,0.6643,830.13
537.36,438.73,221.53,0.2264,1200.66
37.02,3.42,11.12,0.5498,39.45
531.03,71.1,476.13,0.2245,1064.93
980.77,158.01,336.92,0.7626,1460.63
320.77,830.53,167.66,0.1509,1327.45
587.42,212.94,148.03,0.699,941.78
948.1,11.85,15.58,0.5611,968.38
628.57,12.04,385.28,0.2116,1030.25
136.52,38.61,179.04,0.7845,347.88
166.82,0.57,23.17,0.254,197.28
399.88,916.91,713.02,0.1204,2048.15
26.6,2.64,476.48,0.1191,514.67
118.16,299.97,17.42,0.9227,438.54
336.59,107.05,466.08,0.428,895.78
339.73,33.39,24.58,0.6546,407.25
668.82,833.38,425.78,0.8436,1910.95
477.61,253.58,194.31,0.2456,926.5
68.61,13.25,714.07,0.4674,792.79
60.74,777.46,861.05,0.627,1711.77
368.09,28.5,706.64,0.5334,1106.55
360.51,657.39,386.25,0.4256,1438.74
591.81,714.79,411.98,0.8871,1713.88
324.57,25.68,19.04,0.8142,375.79
334.33,15.71,669.99,0.8893,1001.05
320.0,94.67,222.33,0.8816,647.22
951.95,538.67,640.42,0.7466,2162.39
295.89,55.49,163.45,0.7217,502.69
885.81,677.72,140.27,0.2469,1708.84
118.81,327.7,663.84,0.6992,1098.12
843.22,222.38,894.25,0.7839,1928.58
123.3,577.18,275.01,0.427,958.37
331.31,1.28,179.43,0.7731,515.4
942.84,553.53,362.0,0.7576,1887.72
286.3,927.11,835.64,0.151,2069.55
77.69,801.3,561.75,0.1999,1459.59
515.78,0.21,718.58,0.7595,1264.43
731.11,0.06,286.3,0.6559,1033.39
450.41,809.42,744.08,0.5522,2043.4
887.01,642.87,79.47,0.469,1584.53
83.22,25.0,549.58,0.7649,655.4
422.96,75.32,137.93,0.2254,646.73
975.9,2.08,680.98,0.336,1668.88
872.71,820.47,216.21,0.8701,1912.65
804.8,0.0,481.71,0.7032,1313.08
841.13,26.7,767.83,0.3413,1671.52
1.47,13.1,106.59,0.6574,123.48
585.38,2.02,633.98,0.307,1207.77
640.39,827.79,892.44,0.3715,2341.28
612.32,744.83,25.07,0.0799,1356.16
804.39,2.63,158.93,0.5769,975.02
567.11,393.18,168.96,0.8728,1154.05
282.82,93.41,203.55,0.6474,584.51
211.86,0.0,66.89,0.0504,279.01
621.67,2.65,83.26,0.7858,707.35
927.38,4.04,470.05,0.1593,1406.2
412.48,336.9,27.28,0.7501,768.56
842.8,6.42,711.09,0.1707,1570.53
779.26,57.62,219.9,0.3601,1065.21
633.07,0.09,37.29,0.309,667.07
177.07,368.32,21.39,0.8818,570.24
402.96,633.69,556.34,0.5632,1585.76
663.1,2.73,472.41,0.1545,1147.97
616.27,3.76,199.91,0.7819,822.68
95.56,36.16,841.63,0.6744,993.11
840.42,287.74,730.03,0.6414,1817.47
624.01,18.58,37.01,0.1448,676.62
971.77,438.04,697.9,0.6474,2119.46
735.46,17.25,449.53,0.4139,1213.47
222.38,23.19,156.28,0.2456,397.88
343.24,566.67,57.95,0.9336,967.4
906.72,145.46,571.08,0.3747,1645.01
750.74,0.12,32.9,0.8374,776.1
721.03,7.95,329.59,0.3142,1013.81
826.66,671.15,199.84,0.3539,1707.97
89.64,1.6,431.62,0.7611,520.3
69.43,906.67,845.02,0.6367,1832.68
933.7,266.92,709.57,0.4672,1936.57
832.53,320.55,260.61,0.6109,1388.29
270.35,453.25,65.11,0.6125,805.66
866.37,671.43,612.32,0.4651,2177.34
321.19,168.9,485.71,0.5394,970.15
352.8,36.05,202.26,0.4447,576.13
901.57,0.34,753.68,0.2671,1598.7
720.27,781.17,783.21,0.681,2295.19
549.05,39.24,797.2,0.835,1374.45
671.7,38.71,610.37,0.6025,1322.98
878.41,14.9,717.72,0.6706,1625.93
421.69,0.33,537.82,0.8491,947.78
132.0,106.88,253.11,0.2992,489.99
410.26,602.6,386.02,0.6037,1405.92
256.02,104.71,648.43,0.9075,1022.96
531.83,257.22,77.15,0.7963,871.86
874.91,168.75,136.87,0.7153,1190.71
720.38,527.9,517.98,0.294,1793.22
528.02,295.12,570.53,0.4104,1394.51
771.42,337.64,244.94,0.4725,1365.52
816.79,527.87,779.47,0.2581,2070.45
870.4,4.61,35.94,0.145,921.02
421.65,7.42,475.47,0.757,879.84
751.72,694.36,543.77,0.8034,1972.58
852.48,718.87,617.77,0.4379,2203.78
325.18,2.32,42.45,0.423,364.95
880.59,274.57,759.3,0.45,1927.83
290.28,624.44,109.7,0.6784,1054.78
353.17,0.0,431.18,0.1655,798.19
97.73,15.69,13.32,0.9436,126.85
643.58,139.69,781.25,0.1798,1577.38
807.12,0.05,119.41,0.5424,940.28
282.37,65.78,141.5,0.6837,482.67
639.82,106.7,371.24,0.4932,1120.45
396.04,264.93,750.57,0.609,1430.83
121.96,206.3,654.66,0.7419,1001.43
3.45,463.4,544.16,0.9394,1019.22
430.21,309.12,554.34,0.3537,1304.13
204.38,0.68,659.72,0.3957,863.71
488.34,531.03,665.65,0.7377,1699.74
961.18,66.56,713.83,0.4906,1776.05
628.91,103.23,237.66,0.3943,976.71
987.05,266.08,156.19,0.7381,1404.28
722.55,199.67,54.42,0.2329,971.75
754.35,428.45,13.69,0.7746,1190.46
693.66,20.14,692.58,0.9341,1411.04
784.2,221.39,245.79,0.3149,1274.2
284.35,0.11,786.56,0.5801,1070.74
603.22,137.75,692.98,0.0789,1446.21
627.47,841.16,354.29,0.9278,1828.55
484.9,79.04,116.5,0.6037,676.03
429.07,13.43,860.66,0.3769,1340.56
375.49,2.58,317.32,0.7511,714.8
437.42,552.52,3.73,0.7939,985.25
870.27,850.82,737.25,0.0676,2444.4
828.8,161.89,323.94,0.4736,1332.23
496.31,0.02,579.7,0.4014,1087.16
17.38,784.08,500.69,0.6323,1308.85
626.59,70.5,564.83,0.2773,1245.81
205.59,772.16,458.61,0.2605,1430.29
90.32,81.76,779.37,0.7411,970.39
470.6,89.24,10.18,0.59,577.8
5.28,2.57,11.19,0.2779,17.36
417.37,108.12,393.37,0.2295,912.16
814.09,24.7,281.32,0.5385,1091.26
337.79,92.61,347.67,0.7864,764.19
402.88,89.79,861.2,0.5028,1323.79
762.8,18.45,206.18,0.1932,992.53
306.86,308.63,486.12,0.7934,1103.17
63.75,38.76,468.09,0.7733,564.9
549.4,528.25,391.44,0.1001,1413.7
526.59,528.3,352.87,0.5797,1384.92
409.57,3.2,667.44,0.3023,1071.78
354.19,80.69,518.55,0.6645,969.43
423.68,111.9,126.29,0.5194,661.77
460.45,825.33,140.21,0.7132,1452.07
681.53,291.25,20.08,0.7179,992.43
188.38,756.08,283.98,0.4045,1250.25
632.19,406.38,829.14,0.5559,1855.9
70.96,18.84,556.53,0.9267,663.71
388.37,297.06,517.11,0.6365,1184.07
267.04,112.51,343.38,0.6884,729.99
496.15,882.15,478.61,0.2635,1828.64
244.16,423.87,98.58,0.8169,777.36
394.18,900.37,521.46,0.2876,1814.91
6.79,20.7,474.17,0.4864,497.22
764.09,790.77,460.6,0.452,1978.86
372.15,9.37,752.99,0.6625,1125.07
446.28,11.46,506.56,0.3725,963.47
528.36,69.8,674.66,0.8646,1292.24
494.92,45.29,595.92,0.7852,1128.3
457.25,298.4,263.79,0.1287,1017.78
14.49,132.2,335.84,0.6604,500.65
167.87,305.94,168.66,0.0554,620.13
26.99,39.91,573.76,0.3833,640.49
722.73,218.33,466.54,0.8477,1443.99
469.77,13.66,33.13,0.9311,511.98
216.19,65.18,203.42,0.6664,496.96
919.86,8.94,314.84,0.8886,1243.24
293.17,112.73,795.33,0.6536,1195.68
660.56,781.18,465.46,0.2136,1870.99
728.89,119.19,281.94,0.6497,1120.04
962.82,43.67,645.74,0.5496,1670.72
469.76,0.02,710.85,0.7111,1183.44
961.54,23.06,813.87,0.186,1798.55
530.52,13.69,791.3,0.6565,1357.12
673.28,312.99,672.4,0.6529,1645.93
558.12,43.13,420.16,0.4462,999.72
415.47,57.06,100.03,0.7975,574.86
337.54,844.26,854.43,0.821,2045.86
371.22,95.66,646.84,0.6213,1110.81
767.21,853.15,496.36,0.8636,2139.75
337.92,538.7,105.61,0.1929,956.83
428.69,97.73,855.93,0.3757,1351.55
77.82,142.74,179.72,0.1083,393.3
328.6,194.5,94.18,0.505,618.08
449.86,38.44,279.86,0.1484,779.48
495.7,2.68,201.11,0.1983,702.09
449.72,168.74,524.66,0.4067,1157.82
382.45,152.98,322.72,0.173,853.99
732.41,0.29,815.13,0.2034,1573.43
173.22,812.25,199.16,0.7583,1191.4
518.22,48.86,83.64,0.6896,651.05
534.99,0.14,698.34,0.673,1239.42
496.31,38.28,308.16,0.1116,854.37
44.97,0.0,27.88,0.2331,67.42
681.16,74.48,367.77,0.5691,1111.27
845.0,549.53,741.17,0.8098,2140.82
555.32,210.82,654.5,0.2291,1390.74
912.65,142.86,46.61,0.415,1111.92
356.29,161.86,454.62,0.4914,975.09
445.1,0.02,364.37,0.6323,810.33
916.77,250.66,195.84,0.4047,1343.94
22.06,768.23,607.67,0.7517,1433.05
906.77,719.13,52.34,0.2205,1669.76
341.09,145.18,239.88,0.7677,726.46
791.51,60.87,4.62,0.8124,842.02
724.73,677.87,30.88,0.2859,1395.08
98.01,845.63,725.01,0.3783,1646.5
919.45,10.77,12.74,0.7917,922.1
160.26,117.39,144.39,0.5924,419.16
276.68,476.08,426.24,0.6857,1183.38
450.76,25.08,183.87,0.7213,662.93
280.94,904.51,729.31,0.1641,1923.01
544.05,1.07,867.9,0.6242,1445.83
443.49,10.94,441.41,0.2723,881.67
721.1,745.1,178.16,0.3969,1616.83
373.85,54.48,887.43,0.7438,1259.13
406.97,201.15,405.5,0.4553,1013.05
842.13,59.57,523.64,0.8214,1422.38
198.24,236.62,446.16,0.2841,886.67
629.79,474.29,847.55,0.3695,1942.78
163.01,954.55,764.63,0.9118,1936.38
209.78,188.31,334.88,0.3631,739.99
73.15,54.35,833.58,0.7007,960.67
234.29,396.3,365.69,0.1035,986.85
131.25,622.18,756.26,0.3087,1497.8
363.76,3.67,584.47,0.7341,957.05
149.22,134.67,21.51,0.1312,298.29
57.19,37.18,321.91,0.6781,409.81
140.4,848.94,787.93,0.1618,1805.2
168.08,882.28,320.38,0.1383,1412.31
711.72,14.0,289.32,0.4235,1015.8
288.89,515.06,676.67,0.6734,1509.02
521.88,43.21,648.49,0.1547,1205.87
126.27,393.38,532.39,0.4551,1046.97
827.56,1.8,344.92,0.7341,1173.23
435.15,11.29,851.8,0.4171,1297.01
777.83,639.46,15.23,0.4797,1435.51
274.02,19.65,350.38,0.4196,644.6
300.36,20.3,324.55,0.6679,646.23
746.93,38.95,518.62,0.7354,1310.19
647.15,778.54,26.88,0.3646,1442.69
837.43,234.69,206.37,0.3475,1257.4
698.27,23.31,119.02,0.7527,838.49
349.03,24.58,433.69,0.3405,816.42
312.13,10.49,733.85,0.262,1032.78
672.74,3.32,478.15,0.8125,1140.79
482.39,590.33,852.53,0.7889,1912.61
611.69,146.06,272.98,0.4418,1019.14
300.48,703.92,892.29,0.3261,1811.06
957.17,5.01,694.32,0.0852,1618.61
260.16,26.26,827.37,0.2078,1128.61
691.67,863.66,350.36,0.7458,1897.89
824.06,378.56,806.95,0.6237,2032.41
389.86,393.08,653.01,0.2917,1449.44
779.18,650.25,326.33,0.8071,1771.23
964.4,0.01,557.27,0.151,1550.65
363.69,659.96,785.43,0.3813,1818.7
681.14,77.62,308.91,0.2393,1048.47
517.36,157.5,399.62,0.9055,1078.45
850.3,513.58,682.88,0.5224,2015.67
862.88,412.82,749.54,0.2622,2002.53
415.96,261.74,677.35,0.2063,1333.11
43.61,3.88,216.16,0.1153,251.0
675.17,498.82,311.23,0.1254,1480.31
391.18,15.89,423.62,0.9229,853.88
959.45,16.23,94.99,0.1915,1073.41
537.61,197.06,870.94,0.5044,1621.99
718.52,8.98,523.38,0.8189,1212.45
314.29,190.65,114.26,0.3268,618.67
254.15,0.06,526.63,0.4111,781.76
996.81,1.4,138.76,0.8386,1139.2
917.62,303.41,475.35,0.3006,1726.85
825.95,0.19,691.69,0.795,1546.6
54.5,409.6,650.85,0.0618,1108.27
132.2,886.9,63.69,0.2642,1065.59
137.24,6.33,10.05,0.7938,151.95
632.57,197.45,460.12,0.3876,1301.77
956.95,484.4,830.46,0.7105,2294.5
964.18,93.36,816.21,0.0888,1913.1
490.37,93.56,394.39,0.5335,975.68
870.56,41.39,284.62,0.6817,1191.49
829.85,29.58,5.75,0.8997,871.46
680.01,33.33,381.18,0.8042,1104.71
144.37,429.4,18.19,0.2973,593.79
437.76,238.59,343.21,0.4015,1050.49
887.27,0.01,845.68,0.3724,1711.1
725.89,58.54,554.98,0.8633,1316.9
515.37,368.07,353.19,0.7484,1251.45
45.63,158.11,193.8,0.7059,389.0
8.5,308.51,450.72,0.9068,758.66
123.26,0.01,399.82,0.1407,524.03
71.99,780.61,486.77,0.6767,1341.47
89.51,44.24,468.39,0.568,608.99
272.66,945.26,245.4,0.1741,1451.57
303.87,75.01,561.34,0.5928,917.7
156.69,0.1,711.73,0.2454,860.06
455.68,367.53,147.23,0.8622,955.34
982.66,23.25,653.09,0.389,1619.38
462.41,659.71,678.54,0.5774,1783.19
925.39,2.65,183.66,0.1461,1125.77
290.24,587.69,85.66,0.8439,948.3
281.74,94.96,476.4,0.2351,827.63
580.0,1.41,806.38,0.322,1394.19
981.85,1.09,53.73,0.2638,1018.04
433.8,321.66,329.14,0.5534,1086.23
384.9,843.82,697.36,0.7167,1937.78
488.18,602.33,792.14,0.6895,1866.37
73.17,1.7,0.26,0.3733,75.57
435.02,213.36,536.29,0.5498,1207.64
519.19,940.72,400.16,0.837,1859.91
623.04,111.87,619.76,0.8576,1367.3
757.4,687.39,710.59,0.0721,2152.75
882.96,387.92,862.32,0.3132,2138.76
801.52,630.14,622.83,0.1745,2071.68
604.48,37.15,187.75,0.8466,837.28
422.2,241.57,874.62,0.6539,1523.06
60.66,32.07,263.51,0.7872,358.17
98.45,658.45,16.25,0.0527,798.03
69.22,5.55,886.76,0.8099,965.12
670.79,0.11,752.32,0.4741,1396.02
300.75,126.48,12.33,0.2772,449.31
463.79,0.0,508.9,0.2279,956.84
239.15,65.31,561.27,0.6409,871.83
535.07,544.62,185.78,0.5288,1246.14
849.93,84.47,849.46,0.6372,1805.48
291.92,212.27,118.12,0.4246,614.31
670.28,445.94,835.77,0.2499,1947.59
845.95,641.47,666.43,0.2909,2151.17
599.55,406.23,184.73,0.1917,1178.47
511.37,72.32,798.85,0.0617,1399.76
325.41,4.72,366.08,0.6958,713.94
202.07,18.82,691.86,0.2948,922.09
583.49,624.79,30.0,0.9318,1260.52
22.39,124.63,361.28,0.2787,519.44
174.6,18.31,7.4,0.5722,197.64
621.91,276.67,59.69,0.6933,948.74
473.71,200.22,877.83,0.7234,1573.44
431.89,0.04,484.82,0.6448,910.01
607.88,27.1,198.93,0.1311,816.48
970.79,144.72,605.86,0.6733,1734.33
191.8,9.02,839.56,0.064,1028.44
377.18,286.65,198.44,0.9151,874.46
925.93,204.55,373.01,0.7105,1479.32
138.58,349.64,521.54,0.5591,996.82
653.48,49.13,286.64,0.2757,995.52
299.89,1.75,704.43,0.2382,996.57
849.0,346.14,689.54,0.3653,1849.7
932.19,22.59,62.07,0.2038,1017.39
281.53,118.55,481.11,0.914,890.01
521.39,879.56,181.21,0.5881,1574.71
262.98,0.33,297.14,0.2358,564.45
463.4,66.43,623.09,0.9025,1139.48
66.75,1.32,771.49,0.8113,817.06
147.64,145.94,601.58,0.349,907.98
321.94,329.33,880.53,0.2211,1540.12
456.62,291.72,777.33,0.5517,1511.89
265.78,517.6,497.6,0.3462,1294.56
268.57,14.0,745.55,0.4101,1025.47
409.18,780.3,162.71,0.2167,1306.52
60.44,0.42,9.88,0.1816,71.05
196.43,53.92,635.03,0.0786,895.84
995.89,212.74,593.98,0.5144,1854.92
144.3,0.31,734.55,0.0537,885.92
1.41,42.23,585.8,0.5426,636.0
157.35,25.6,639.03,0.071,832.57
517.07,40.69,301.3,0.7691,861.33
79.86,890.39,117.33,0.7677,1094.02
364.4,136.73,26.8,0.7107,527.02
541.17,497.41,532.0,0.4601,1547.38
45.11,761.1,532.74,0.6184,1353.27
372.71,0.1,152.09,0.433,540.07
44.44,162.78,417.7,0.4292,621.99
599.53,0.0,685.72,0.4843,1288.79
889.57,1.3,539.46,0.3039,1437.23
437.38,22.81,1.34,0.4937,465.61
434.12,0.0,361.6,0.4734,817.56
716.93,974.09,25.08,0.4064,1684.59
625.7,951.61,642.07,0.7018,2199.14
275.25,198.98,470.15,0.7363,977.63
206.8,78.62,780.16,0.8043,1074.04
620.39,979.72,322.11,0.1547,1922.95
435.69,521.56,407.56,0.6002,1393.06
714.83,3.59,468.1,0.2166,1149.74
430.49,220.96,458.59,0.9282,1114.34
294.08,1.78,58.28,0.2282,340.31
888.68,791.04,207.42,0.7329,1910.27
377.51,662.13,889.79,0.921,1996.0
371.66,11.7,893.58,0.2986,1253.67
264.12,122.11,99.34,0.7782,487.36
419.5,47.89,521.81,0.7519,993.2
841.52,88.43,750.59,0.5258,1682.2
674.56,63.85,437.45,0.6733,1169.91
746.91,44.4,526.94,0.8039,1315.84
240.34,176.72,95.49,0.235,520.69
25.82,227.02,30.74,0.1543,283.44
964.77,162.64,281.0,0.4202,1388.3
619.42,19.23,177.56,0.4958,811.74
816.58,208.31,623.19,0.4856,1625.34
635.45,13.2,840.67,0.3608,1457.16
560.95,621.4,102.24,0.8458,1286.06
144.53,641.07,231.39,0.6006,1038.18
934.27,478.37,301.49,0.7821,1706.21
615.57,424.55,632.84,0.641,1636.05
556.21,800.08,130.33,0.3701,1493.33
308.06,86.91,695.59,0.5347,1078.9
174.84,27.33,272.71,0.173,481.65
282.63,516.33,876.11,0.3488,1631.36
191.2,271.41,892.06,0.7775,1393.22
257.33,18.07,848.69,0.2709,1120.19
349.89,47.15,367.4,0.3605,782.88
425.47,85.77,455.39,0.3706,965.37
503.48,132.04,188.86,0.0778,828.05
855.48,14.04,324.03,0.3722,1189.07
187.24,937.49,55.68,0.9264,1169.24
317.51,15.76,233.67,0.9452,577.33
119.51,947.78,218.4,0.1153,1270.51
463.23,774.46,15.26,0.7027,1251.1
219.06,348.6,673.09,0.5531,1251.32
6.31,400.77,539.65,0.4303,925.64
761.93,0.36,578.43,0.6696,1317.68
483.32,140.77,532.15,0.8611,1170.46
67.32,41.05,565.49,0.3498,674.84
189.91,2.92,207.93,0.8385,415.87
520.05,27.09,826.73,0.8499,1370.31
752.72,762.46,282.02,0.3458,1783.16
408.37,441.54,483.24,0.2407,1385.17
671.24,0.15,307.95,0.0645,962.12
117.19,0.46,707.93,0.1306,832.91
379.86,554.8,164.57,0.126,1108.24
932.14,569.97,257.21,0.2355,1763.54
221.2,8.62,799.37,0.068,1026.36
41.42,565.27,383.17,0.1195,979.62
256.44,676.9,677.03,0.9336,1628.97
240.96,68.53,626.97,0.3345,927.58
237.65,291.37,307.92,0.0997,809.32
843.9,28.02,116.66,0.7117,1007.59
605.45,472.87,245.18,0.3062,1329.32
319.85,213.26,140.22,0.9078,686.17
203.9,149.4,352.3,0.3941,709.3
108.15,9.98,134.71,0.2066,254.2
996.16,276.03,886.25,0.5693,2164.91
872.3,0.3,92.19,0.9029,963.58
928.96,2.35,691.43,0.2613,1594.75
898.99,69.56,603.48,0.8485,1517.26
8.91,3.96,826.76,0.5562,843.0
25.05,866.65,426.47,0.7578,1362.14
237.07,175.86,788.42,0.3097,1155.78
550.63,0.06,340.89,0.5507,892.45
638.0,0.13,647.96,0.7715,1266.69
673.39,177.1,276.81,0.4322,1105.69
707.1,0.02,372.09,0.5056,1073.99
343.2,86.81,528.64,0.8809,972.53
254.43,608.21,49.56,0.2951,930.04
447.04,258.39,477.9,0.7801,1159.55
232.67,154.35,661.94,0.5027,1040.32
529.1,164.62,279.5,0.8188,948.47
32.83,407.68,758.08,0.6285,1193.1
975.21,50.97,365.31,0.582,1410.13
555.3,903.01,213.75,0.1837,1698.74
504.0,362.77,859.66,0.6698,1671.05
246.34,9.11,275.88,0.7584,540.03
196.19,69.8,285.79,0.6318,554.59
138.66,163.45,79.56,0.2493,373.03
579.1,170.84,578.76,0.787,1336.98
743.38,296.77,71.74,0.3602,1118.21
90.18,22.85,218.8,0.8602,332.2
577.87,397.12,899.64,0.4192,1876.72
651.15,780.11,717.31,0.108,2110.94
251.94,16.56,492.51,0.6767,757.61
314.51,367.25,136.8,0.8147,836.8
585.99,0.52,859.05,0.8668,1469.15
663.1,498.9,109.77,0.5697,1238.46
506.71,788.34,43.02,0.8773,1325.26
155.94,80.04,558.69,0.8539,788.69
334.03,508.04,369.0,0.5944,1220.24
973.17,2.84,853.6,0.5577,1836.57
117.94,264.0,756.1,0.7582,1138.01
452.21,1.53,137.54,0.6857,597.23
634.1,1.07,219.6,0.391,854.04
847.97,7.36,116.6,0.7031,973.54
410.32,137.0,72.21,0.5502,609.24
668.42,10.52,320.97,0.6437,994.04
115.79,22.8,95.72,0.0856,244.13
455.76,152.0,229.41,0.0569,834.65
723.75,919.86,18.99,0.1733,1617.6
330.07,0.26,270.86,0.1289,584.69
876.93,258.34,347.04,0.7419,1482.05
791.98,133.36,862.51,0.311,1847.2
808.05,714.21,852.07,0.4055,2423.0
290.2,273.84,165.8,0.4293,723.22
810.91,122.4,132.16,0.4087,1060.9
68.53,744.94,442.29,0.1304,1282.04
74.18,62.18,207.26,0.1982,335.75
719.69,115.64,738.72,0.8756,1585.1
956.49,801.86,749.27,0.3134,2531.99
727.01,604.49,740.81,0.6293,2032.29
707.17,294.57,41.92,0.4644,1033.53
92.37,158.34,42.73,0.8719,299.98
699.97,3.23,762.84,0.4803,1471.59
648.48,157.38,506.87,0.7201,1325.98
306.17,783.9,318.51,0.2951,1390.4
358.52,31.83,759.38,0.555,1200.04
83.96,231.45,86.42,0.463,402.39
680.77,414.23,214.28,0.2243,1305.29
241.99,309.77,465.93,0.7943,987.09
378.11,758.54,699.46,0.1842,1813.6
481.51,356.64,632.35,0.8474,1471.72
824.62,33.05,875.82,0.6454,1730.16
858.88,1.9,302.77,0.8023,1170.77
756.09,112.2,226.01,0.5225,1088.91
885.63,182.54,352.86,0.4986,1431.97
613.26,12.01,450.07,0.4691,1059.85
736.3,19.31,443.29,0.4469,1169.36
566.78,319.03,128.7,0.3095,1018.2
907.75,0.09,66.03,0.8904,981.26
979.29,568.12,108.63,0.1423,1632.7
254.82,156.3,212.61,0.5906,605.87
656.91,0.1,535.67,0.6449,1199.9
762.12,246.37,8.59,0.9055,1000.75
232.38,0.64,336.99,0.327,562.7
793.2,269.49,119.75,0.6873,1157.31
514.27,987.35,255.13,0.1026,1751.55
320.55,123.44,70.41,0.5592,511.98
796.86,304.1,595.56,0.7073,1733.23
401.8,28.84,89.66,0.5559,505.38
118.9,19.31,708.48,0.28,851.32
161.31,4.9,680.71,0.11,850.07
980.84,107.78,545.59,0.6267,1625.02
369.34,64.34,207.61,0.2606,625.3
108.48,2.15,515.97,0.4544,616.43
26.96,350.28,764.9,0.5217,1161.47
399.66,0.49,339.79,0.4517,729.96
334.72,31.29,799.22,0.2759,1161.0
326.63,861.32,170.66,0.7015,1345.33
978.71,982.28,714.33,0.1431,2642.89
854.51,260.28,791.07,0.7694,1921.7
195.07,33.56,626.35,0.483,847.97
742.48,0.09,368.37,0.4661,1110.43
139.09,418.16,764.44,0.6781,1310.08
257.5,4.15,60.57,0.6994,320.46
938.18,214.22,723.72,0.4412,1904.68
443.65,156.39,696.22,0.2643,1296.8
716.3,416.06,214.35,0.1311,1348.45
647.02,3.38,899.27,0.9149,1556.94
725.06,17.73,306.81,0.2663,1064.26
893.75,0.07,243.03,0.4538,1140.93
87.65,571.85,840.58,0.4126,1465.11
676.35,207.21,737.15,0.4757,1613.72
274.67,361.23,143.16,0.2688,811.49
385.31,13.75,172.7,0.8248,566.79
377.39,605.02,742.64,0.1498,1700.53
305.61,158.2,646.2,0.0577,1105.37
291.73,152.28,98.86,0.7858,541.24
211.06,455.97,34.0,0.5835,701.24
39.65,15.57,69.43,0.7091,114.52
89.3,1.3,792.25,0.2308,883.73
684.28,0.22,852.89,0.0707,1483.19
360.91,3.38,339.74,0.9256,703.43
59.28,834.68,129.21,0.0992,1013.54
826.33,3.58,161.08,0.8997,986.64
285.42,201.7,218.78,0.4948,712.06
622.63,436.91,313.66,0.1795,1362.78
758.15,487.6,707.0,0.9271,1937.59
968.57,246.25,206.41,0.5974,1411.33
85.33,27.36,326.5,0.688,458.49
3.15,770.95,530.46,0.2397,1302.22
124.14,745.02,207.19,0.8966,1083.05
799.25,0.0,434.95,0.3823,1220.82
992.16,374.6,230.2,0.7272,1597.1
925.93,77.52,171.6,0.2955,1164.05
930.56,28.62,128.57,0.7816,1075.4
94.15,298.61,6.67,0.7992,407.96
246.82,106.22,236.17,0.5296,601.45
771.68,101.25,707.97,0.1123,1571.33
185.51,585.49,445.17,0.1442,1234.98
918.33,581.58,650.08,0.3919,2187.05
232.12,271.9,234.85,0.7961,753.77
386.09,286.82,292.62,0.1901,980.96
271.69,11.64,610.52,0.7157,906.6
987.79,707.4,78.35,0.4644,1784.02
220.26,54.18,852.25,0.7485,1114.02
879.48,5.02,629.35,0.7725,1551.34
43.36,5.67,667.26,0.6749,720.3
316.95,240.34,24.11,0.8916,587.99
748.39,22.86,73.76,0.1065,837.66
151.95,559.48,238.74,0.5371,947.56
50.08,159.47,330.41,0.4416,549.4
313.66,179.22,592.0,0.1306,1063.62
89.95,0.0,46.11,0.583,130.13
868.5,438.01,7.94,0.5659,1318.32
109.19,965.16,411.32,0.0745,1507.22
917.34,164.91,635.35,0.7521,1663.9
494.52,577.35,474.6,0.2836,1546.27
358.59,0.56,56.95,0.4723,404.36
105.51,20.51,747.07,0.4116,873.64
542.33,220.27,145.03,0.3671,889.51
26.77,6.68,347.85,0.6571,380.83
718.73,384.02,27.95,0.8615,1151.54
271.07,113.75,277.33,0.866,663.48
396.05,758.33,540.62,0.1741,1692.86
794.45,38.56,474.3,0.6142,1306.29
999.12,130.16,579.04,0.7642,1705.53
43.91,921.14,659.03,0.404,1617.86
166.4,0.0,356.81,0.5494,519.36
639.86,868.91,891.41,0.7998,2380.22
547.41,127.5,140.1,0.819,804.53
637.94,10.7,137.84,0.8357,796.83
73.72,244.85,633.91,0.1577,934.22
788.76,803.28,428.84,0.7628,2060.49
703.23,173.01,758.89,0.7483,1623.12
149.46,526.84,29.51,0.6611,717.01
75.3,326.46,434.59,0.8241,848.34
2.3,2.22,242.65,0.637,230.5
118.25,945.73,97.4,0.3696,1160.47
652.62,32.71,873.31,0.501,1560.5
6.16,833.26,253.06,0.7809,1100.85
146.92,628.94,894.68,0.0967,1674.21
722.91,148.46,365.37,0.225,1215.46
172.27,18.66,291.87,0.1747,479.19
341.33,224.59,331.07,0.1548,911.17
509.65,33.34,14.73,0.5881,557.19
650.06,488.78,139.49,0.9245,1249.73
266.78,134.48,4.68,0.4482,401.34
749.02,435.09,554.16,0.4295,1730.3
827.46,130.4,446.82,0.1521,1364.64
360.49,341.32,760.74,0.9436,1476.74
453.2,449.56,289.1,0.5365,1168.67
236.25,21.86,320.57,0.5699,582.23
208.17,3.34,728.38,0.8474,950.88
821.63,2.59,87.98,0.4992,917.41
732.82,11.07,837.85,0.3289,1604.1
864.21,143.42,678.2,0.7241,1668.99
811.05,60.45,327.2,0.7731,1207.04
607.71,69.89,181.45,0.4612,837.79
290.87,20.13,117.71,0.4831,433.83
687.12,2.47,222.58,0.1057,904.47
814.14,743.38,687.5,0.8286,2209.74
898.13,101.22,691.78,0.6042,1674.45
264.8,1.65,371.39,0.4947,627.84
37.29,205.53,472.5,0.0706,729.69
422.93,120.75,210.11,0.0807,757.12
836.36,527.24,162.68,0.6317,1552.52
172.11,2.13,19.93,0.2052,198.82
813.99,157.86,300.21,0.7761,1281.06
139.85,0.71,766.19,0.6934,930.23
143.48,56.97,732.7,0.8751,932.68
122.06,936.93,355.53,0.3371,1452.46
12.63,219.99,551.19,0.2608,788.58
528.01,82.54,273.29,0.2464,918.07
983.83,44.96,628.32,0.829,1651.57
908.06,124.36,501.07,0.5359,1510.59
782.24,392.77,86.21,0.5565,1238.94
871.16,245.2,178.82,0.3625,1290.34
821.93,472.13,819.32,0.1071,2127.53
966.43,306.74,793.57,0.4446,2074.42
154.37,0.03,37.8,0.6724,197.96
54.06,1.41,598.76,0.8948,662.55
777.66,922.82,637.47,0.7007,2359.7
977.68,26.95,704.69,0.4236,1713.94
739.37,570.55,777.24,0.8797,2143.94
527.62,827.13,188.61,0.1196,1564.64
582.22,314.42,733.88,0.0741,1619.67
600.13,865.38,313.11,0.6053,1782.79
516.4,3.79,44.82,0.1503,574.24
639.61,185.7,641.62,0.0851,1467.92
761.14,476.71,632.06,0.7209,1854.68
944.22,267.69,287.4,0.0627,1498.97
431.3,3.18,193.73,0.8929,619.92
787.47,733.99,619.51,0.1052,2205.9
653.29,21.26,566.69,0.1729,1231.68
903.0,141.98,856.9,0.4443,1849.13
773.65,0.69,821.39,0.8694,1645.07
793.44,11.34,27.35,0.2371,820.17
57.77,4.1,855.39,0.4945,929.04
206.62,0.69,702.49,0.364,897.52
992.13,31.71,425.83,0.6213,1477.24
716.43,92.18,157.51,0.4375,976.86
640.74,823.01,688.56,0.3942,2197.39
790.83,0.02,104.93,0.2462,885.62
485.43,39.55,875.63,0.4755,1426.38
970.73,135.7,65.75,0.1228,1158.73
494.8,243.24,764.69,0.6632,1553.63
742.69,306.73,121.23,0.4845,1156.72
540.7,59.84,558.39,0.4032,1164.53
394.88,733.3,336.07,0.7078,1421.53
385.52,526.79,834.81,0.7344,1716.54
436.31,762.9,788.6,0.7361,1947.67
730.13,134.46,497.18,0.4259,1353.91
324.79,404.66,454.6,0.3679,1179.57
255.53,262.39,332.86,0.0799,858.79
366.36,12.86,257.68,0.6844,654.47
958.9,1.65,280.55,0.1193,1206.42
16.39,8.66,528.28,0.3729,555.35
640.24,590.46,353.59,0.301,1599.67
69.68,0.07,407.01,0.2463,475.38
679.37,543.65,133.09,0.5575,1318.41
268.76,390.32,145.89,0.8889,807.22
294.73,930.95,603.62,0.2407,1818.0
898.09,115.69,140.42,0.2827,1174.7
161.1,30.34,130.98,0.145,318.5
396.71,0.1,130.68,0.0839,522.4
178.47,411.25,13.29,0.324,611.72
743.7,311.52,889.58,0.2981,1943.51
38.22,0.93,877.71,0.563,926.22
985.08,601.78,366.85,0.8383,1940.34
113.97,164.68,824.17,0.7561,1101.91
854.87,100.02,616.12,0.3498,1606.38
313.47,670.3,890.79,0.2875,1894.52
71.08,428.35,475.2,0.5505,981.53
81.06,765.11,519.06,0.2473,1348.31
240.9,0.26,44.79,0.698,289.15
384.46,155.17,288.06,0.4809,803.89
244.1,495.4,237.55,0.2183,952.74
684.2,69.75,693.38,0.1694,1455.53
12.99,12.78,548.68,0.1004,572.45
561.66,385.17,635.09,0.1834,1542.45
376.36,13.96,275.12,0.3582,666.22
518.6,0.0,268.2,0.2879,799.47
788.62,15.87,135.87,0.8166,943.35
184.03,423.92,591.46,0.9008,1201.01
694.32,4.17,434.86,0.1569,1112.54
916.78,0.0,788.41,0.5354,1696.61
855.87,154.76,403.35,0.4997,1410.97
112.74,289.53,792.37,0.675,1181.62
844.77,0.03,693.86,0.7449,1501.3
409.85,414.31,887.9,0.939,1658.63
789.55,101.23,779.36,0.6348,1701.55
997.24,36.0,881.39,0.6733,1870.29
3.11,319.79,200.14,0.2582,515.07
30.93,72.18,719.44,0.0745,805.87
158.38,642.38,351.62,0.7809,1165.99
877.84,138.08,437.5,0.0837,1442.89
521.98,222.98,117.92,0.536,838.31
595.98,288.22,325.28,0.5036,1212.8
765.49,505.16,263.65,0.2836,1509.91
774.02,0.0,384.69,0.327,1157.01
143.54,471.36,595.27,0.8086,1221.51
476.56,342.14,638.96,0.8101,1464.06
107.65,939.36,51.15,0.9161,1102.05
492.48,859.17,608.99,0.577,1935.49
292.41,0.04,527.7,0.4371,838.61
384.21,833.08,763.56,0.4374,1942.35
462.12,42.56,349.13,0.8372,858.48
222.1,886.25,660.84,0.7374,1837.51
682.91,0.76,678.31,0.274,1357.93
983.0,0.02,28.47,0.3289,1020.56
977.94,1.67,355.9,0.7109,1339.79
233.38,35.68,534.94,0.0819,800.76
275.4,568.38,615.3,0.6309,1451.29
75.13,17.57,469.56,0.7494,579.21
382.1,499.9,198.25,0.1242,1097.19
903.15,161.02,433.21,0.719,1500.43
118.3,0.99,109.5,0.4581,225.84
785.73,590.67,832.45,0.2265,2205.61
48.7,13.81,553.57,0.4302,622.2
839.23,0.21,844.75,0.0882,1693.95
637.63,0.08,354.27,0.2824,1003.26
225.46,564.0,281.11,0.9402,1068.05
684.96,512.37,194.81,0.1182,1372.75
677.08,545.89,245.49,0.8351,1484.89
779.19,0.0,78.49,0.948,880.46
626.79,732.31,35.68,0.7316,1383.51
848.22,470.74,436.44,0.1139,1740.42
763.5,45.27,885.54,0.33,1774.67
974.68,298.23,791.28,0.849,2083.08
266.97,608.61,451.7,0.5579,1336.81
9.59,0.1,554.75,0.765,572.48
190.41,67.24,691.49,0.1478,936.82
702.21,71.9,541.14,0.8451,1344.89
135.08,0.23,653.59,0.8605,774.31
976.45,355.06,259.65,0.28,1579.6
675.81,143.72,474.2,0.425,1261.86
634.05,417.7,732.07,0.3271,1764.73
302.74,28.34,725.4,0.9224,1066.92
111.08,24.01,683.91,0.7756,821.07
16.1,126.39,28.03,0.3033,172.11
134.6,361.69,559.25,0.4367,1033.27
914.67,169.27,800.01,0.4212,1945.39
954.61,1.91,236.5,0.875,1205.79
272.04,992.04,91.99,0.6004,1351.69
786.74,86.26,39.56,0.8069,924.79
237.38,39.49,461.33,0.1527,742.18
922.1,29.27,831.63,0.7708,1730.52
969.15,34.22,824.08,0.1386,1840.52
552.01,1.85,663.62,0.4777,1190.46
581.44,2.44,180.02,0.2126,757.94
773.19,148.2,593.51,0.635,1519.45
86.61,170.9,236.74,0.8361,501.74
572.86,74.14,668.61,0.9057,1304.12
44.35,289.37,116.27,0.1441,449.88
102.81,2.14,395.17,0.4571,503.63
276.13,64.45,636.77,0.7943,1007.52
631.08,243.19,272.89,0.1568,1153.23
268.07,32.24,515.12,0.1947,829.88
446.08,677.95,695.03,0.3358,1837.85
987.34,278.94,616.98,0.0996,1893.89
294.45,596.97,819.6,0.2219,1679.22
874.14,678.92,412.93,0.2829,2020.95
276.58,16.14,185.11,0.5293,468.49
570.69,840.4,454.47,0.9188,1854.09
792.3,224.82,792.61,0.5495,1835.4
925.18,126.65,816.97,0.4038,1914.58
765.99,255.38,395.75,0.8407,1423.97
12.79,333.11,56.84,0.483,406.47
241.98,940.66,102.13,0.7319,1288.12
195.04,818.29,181.27,0.514,1207.74
763.57,32.68,755.35,0.9159,1585.88
652.32,48.43,318.67,0.4727,1009.92
689.4,4.54,4.66,0.4455,691.85
562.44,140.91,123.54,0.2714,821.33
593.95,25.12,641.69,0.6168,1293.16
21.72,32.82,292.38,0.3494,351.05
164.56,19.7,749.16,0.8826,915.02
540.05,0.15,727.23,0.5851,1303.88
302.58,87.39,661.78,0.1227,1048.05
34.64,460.55,189.92,0.863,666.85
457.26,46.79,464.72,0.3542,989.21
195.61,41.14,730.54,0.2711,986.0
861.31,295.85,27.62,0.5549,1174.46
365.78,22.62,289.24,0.4308,669.89
237.69,270.76,425.24,0.2726,951.62
295.54,2.16,179.41,0.3169,472.49
66.32,624.9,789.73,0.3365,1481.81
599.69,604.3,249.27,0.5992,1433.62
9.45,669.23,265.09,0.4509,925.4
876.81,56.86,161.21,0.5972,1125.66
260.69,304.54,863.3,0.7293,1393.52
312.56,505.05,247.63,0.7161,1097.84
884.41,46.33,841.11,0.4167,1790.15
195.19,149.54,279.12,0.0615,614.66
172.5,880.83,727.73,0.7156,1746.79
259.1,34.13,183.93,0.5467,473.84
187.41,0.0,113.05,0.4648,296.41
403.27,1.37,96.99,0.6913,514.53
229.59,26.04,706.6,0.5053,971.21
546.51,823.64,31.37,0.1921,1401.32
488.03,1.48,803.85,0.6601,1286.08
940.8,134.64,767.71,0.7131,1769.06
657.35,864.84,687.61,0.6885,2265.75
831.13,59.17,561.67,0.66,1450.41
165.59,339.27,222.52,0.2888,726.46
619.94,1.62,310.7,0.8506,947.95
894.5,119.62,160.95,0.733,1181.94
966.41,18.01,739.93,0.4945,1705.82
183.04,254.44,101.87,0.775,523.38
427.58,282.27,430.39,0.751,1127.03
130.41,462.72,381.13,0.588,958.35
423.09,545.66,833.64,0.8948,1784.75
78.91,86.72,173.76,0.6779,345.56
977.58,7.36,47.44,0.8092,1043.68
24.01,164.64,872.31,0.2907,1051.28
237.17,173.73,290.51,0.5822,693.27
928.92,300.79,614.33,0.4878,1852.35
313.96,128.02,172.72,0.1692,626.64
130.48,12.29,481.52,0.7611,617.12
791.66,0.0,897.32,0.5152,1681.41
650.56,107.29,367.22,0.3839,1149.46
861.5,126.82,752.81,0.1842,1733.0
450.17,34.29,826.6,0.7992,1302.86
635.22,53.25,681.13,0.1477,1341.01
28.78,547.77,633.55,0.1296,1201.63
452.39,26.97,780.56,0.2236,1267.39
260.47,2.06,233.77,0.824,506.55
914.24,66.57,216.37,0.0737,1165.6
39.73,0.0,544.24,0.1983,586.46
573.52,379.25,344.82,0.6846,1340.19
97.79,29.79,6.81,0.4662,150.01
784.75,12.5,95.08,0.2169,908.35
312.1,79.11,68.06,0.7604,465.82
87.4,105.78,641.95,0.4757,842.82
871.66,136.44,846.46,0.7802,1827.59
771.41,129.44,485.2,0.5186,1403.3
918.57,32.62,577.73,0.6156,1535.42
447.21,6.88,182.78,0.0961,645.23
301.22,1.08,783.98,0.3758,1061.19
757.51,27.36,643.66,0.7902,1448.76
477.81,33.46,380.85,0.5727,878.75
464.13,122.19,22.05,0.1973,604.7
2.65,349.2,814.92,0.7291,1184.51
449.84,275.53,612.39,0.9297,1374.43
249.53,47.51,830.2,0.6194,1141.75
724.09,899.83,451.11,0.9049,2073.44
843.09,828.18,472.98,0.7185,2124.48
776.26,445.51,682.56,0.4356,1888.7
876.49,257.57,409.19,0.8179,1534.12
469.6,194.98,617.24,0.6695,1269.75
292.69,698.68,843.31,0.4119,1816.12
470.69,4.67,659.59,0.0913,1181.35
941.01,138.69,239.74,0.4824,1297.34
638.92,42.23,348.66,0.5448,1029.73
921.36,60.36,787.22,0.9439,1796.3
27.28,220.76,813.28,0.0981,1079.67
676.15,530.76,77.98,0.3774,1319.35
964.88,317.87,428.07,0.8261,1694.48
911.33,13.62,24.6,0.4359,965.78
835.73,151.35,259.8,0.7462,1242.05
502.79,5.91,895.69,0.6431,1457.88
759.73,127.21,8.76,0.65,874.97
961.47,15.49,330.6,0.5464,1308.45
655.15,480.87,681.88,0.8673,1792.06
534.17,667.8,254.1,0.2713,1451.41
738.48,325.07,249.05,0.1669,1323.99
487.86,7.24,714.06,0.905,1203.63
851.6,972.63,666.73,0.5606,2511.51
563.85,80.91,29.25,0.6287,672.56
693.15,66.01,555.21,0.7817,1312.84
491.18,47.31,357.18,0.8671,893.66
862.98,7.45,882.8,0.4535,1719.77
729.37,461.05,710.46,0.0852,1903.51
229.71,340.94,614.99,0.3173,1193.17
311.62,40.33,358.97,0.7201,713.08
906.47,331.45,527.94,0.2636,1752.42
872.79,126.16,263.21,0.3925,1267.99
305.92,361.23,307.96,0.7891,984.11
628.96,851.84,401.45,0.2033,1865.13
496.68,479.28,774.18,0.6914,1779.8
269.19,13.69,262.16,0.6538,543.09
88.42,934.64,283.15,0.2502,1275.07
158.43,0.05,274.85,0.3541,425.93
435.64,399.91,662.14,0.7601,1508.45
498.63,1.12,34.8,0.2182,540.42
574.35,2.75,119.37,0.8524,696.41
171.9,721.13,648.65,0.48,1561.5
672.65,38.72,899.92,0.7561,1621.76
687.45,988.3,9.7,0.0705,1676.69
209.39,321.65,453.01,0.3368,961.14
776.75,5.0,142.85,0.4477,914.07
641.51,976.11,673.12,0.5929,2284.87
987.99,681.34,738.53,0.257,2341.88
177.94,17.31,73.53,0.8496,275.86
226.61,700.6,862.33,0.2496,1793.58
800.1,913.42,584.71,0.4483,2271.32
780.28,1.43,391.77,0.8216,1198.04
153.77,430.73,600.7,0.2882,1170.96
314.41,979.88,165.35,0.7965,1453.61
880.52,946.56,864.97,0.8188,2712.43
271.27,32.61,587.82,0.3577,882.74
79.74,458.33,100.32,0.3533,623.8
531.17,712.43,592.82,0.7601,1803.9
132.26,410.72,138.22,0.8007,700.93
282.93,440.72,393.6,0.3191,1125.75
646.77,964.63,270.04,0.6853,1911.19
251.39,252.25,685.16,0.6956,1180.3
107.37,158.05,261.76,0.7853,518.04
175.8,460.15,319.18,0.6636,979.31
459.85,151.41,877.8,0.7218,1452.19
804.3,137.28,708.63,0.5887,1682.54
814.44,0.0,799.23,0.7867,1594.65
35.54,83.82,152.22,0.3866,273.25
437.43,900.23,250.0,0.4269,1610.74
276.54,379.21,637.84,0.691,1272.79
817.46,984.87,49.8,0.4974,1833.13
0.05,162.02,593.82,0.2226,757.81
789.45,0.3,121.38,0.7863,922.26
590.4,72.09,95.09,0.7803,772.92
913.19,467.0,72.84,0.6219,1461.21
879.17,230.74,154.76,0.6622,1278.66
588.73,18.77,810.27,0.5023,1428.96
255.22,22.19,414.98,0.2578,695.5
192.02,19.89,107.7,0.3717,319.51
403.72,380.9,435.03,0.6737,1208.59
436.59,0.72,415.89,0.6037,845.18
550.22,54.66,238.02,0.9117,858.64
42.42,1.99,897.75,0.8655,950.49
3.85,451.58,270.48,0.0699,730.41
424.16,47.34,588.03,0.7034,1069.0
13.99,0.01,793.57,0.2178,811.2
103.53,12.06,436.82,0.262,554.17
367.31,490.17,541.76,0.2786,1418.33
932.09,1.73,602.7,0.6177,1526.17
31.19,0.02,265.33,0.1222,303.78
872.42,44.53,353.56,0.2908,1261.63
797.51,573.63,378.95,0.4072,1724.27
975.6,30.08,308.38,0.4369,1298.76
328.54,805.88,66.99,0.2664,1215.44
235.07,869.93,637.7,0.8778,1779.37
624.75,175.44,458.19,0.6706,1275.88
599.46,90.48,607.83,0.191,1312.02
519.3,152.85,459.74,0.7252,1135.06
329.58,43.15,14.84,0.152,387.3
765.71,507.96,223.21,0.8328,1498.77
798.05,101.75,641.34,0.3707,1525.86
254.05,338.74,826.16,0.6155,1425.09
14.12,439.09,751.98,0.4214,1172.84
52.37,5.33,50.83,0.7082,106.35
108.67,782.75,755.57,0.5687,1621.83
882.47,11.04,858.63,0.4487,1740.03
200.09,320.29,888.8,0.4507,1429.85
300.24,604.33,103.64,0.574,1032.49
1.14,832.08,876.91,0.4707,1736.1
848.71,1.59,76.16,0.6704,918.44
679.39,187.15,653.75,0.1894,1500.93
237.02,72.26,683.6,0.7983,997.39
602.05,25.72,428.2,0.8968,1061.49
787.94,0.08,310.72,0.6429,1094.03
592.19,656.74,738.71,0.6058,2005.52
363.71,232.72,590.9,0.4051,1193.93
176.78,0.0,415.34,0.7978,595.56
993.94,299.96,210.52,0.6596,1531.43
641.0,111.79,556.66,0.0732,1304.66
157.74,70.66,803.73,0.2192,1040.08
776.92,653.75,478.26,0.3889,1880.27
658.99,574.38,170.5,0.862,1396.47
738.29,0.66,826.51,0.5254,1588.85
398.94,25.16,146.68,0.0812,566.64
496.61,296.42,660.01,0.586,1500.88
431.55,297.28,668.86,0.3421,1361.69
795.38,617.88,599.89,0.4224,2030.0
901.45,568.64,802.01,0.8749,2332.39
200.34,156.2,554.39,0.746,889.56
512.87,986.75,406.98,0.167,1865.72
362.54,15.35,565.62,0.9089,928.59
372.27,100.86,619.2,0.4064,1102.76
700.91,956.06,284.85,0.5768,1964.59
212.13,547.98,319.44,0.1499,1071.67
33.09,507.49,607.44,0.7641,1149.34
380.98,812.21,790.15,0.3635,1964.92
819.66,116.55,108.38,0.3507,1057.17
715.94,464.96,820.73,0.2325,1976.63
518.14,412.96,286.39,0.3465,1232.89
348.06,0.24,278.62,0.6326,624.25
41.67,0.0,533.16,0.6797,560.71
973.04,11.99,433.12,0.8743,1446.67
577.12,811.75,305.01,0.1915,1693.86
821.87,629.31,210.49,0.4614,1631.13
139.03,611.55,376.99,0.8271,1127.83
294.95,367.95,666.63,0.3301,1328.12
823.43,311.57,665.62,0.3317,1744.78
714.31,37.02,243.41,0.4383,1029.64
193.59,668.23,229.75,0.8057,1092.53
561.39,289.41,876.72,0.0973,1716.11
79.08,140.31,722.53,0.0993,932.73
433.06,834.38,344.43,0.9361,1641.74
989.99,252.3,311.7,0.7731,1541.55
308.81,109.45,784.72,0.7091,1220.99
838.6,80.3,74.58,0.1825,1003.9
676.59,17.09,86.71,0.3791,762.7
628.73,114.95,659.88,0.1183,1402.92
177.74,0.01,326.12,0.1026,499.87
739.0,66.3,6.21,0.6294,807.0
901.96,3.7,771.45,0.6878,1664.01
261.77,95.97,178.44,0.6959,544.99
191.53,16.12,811.0,0.4745,1030.65
958.63,8.87,564.42,0.7466,1498.51
308.82,721.3,89.47,0.1916,1120.19
798.39,94.19,243.51,0.4283,1124.99
727.03,655.67,289.13,0.6877,1654.49
766.95,190.37,13.23,0.6403,948.83
611.52,22.26,88.1,0.2204,733.31
173.61,14.62,61.82,0.2924,261.04
511.38,40.86,648.44,0.4725,1196.01
547.39,28.11,514.07,0.2059,1061.28
193.64,26.68,618.45,0.2549,842.81
73.14,324.47,485.05,0.7824,887.63
994.21,14.02,667.9,0.4391,1675.41
731.53,872.51,680.02,0.3471,2290.34
217.14,238.6,362.33,0.2553,820.46
925.32,0.49,296.38,0.2214,1188.95
194.94,399.03,202.34,0.2169,802.2
297.56,264.4,188.67,0.6772,744.7
197.01,13.83,474.6,0.3908,686.37
812.58,0.1,354.25,0.4239,1166.18
441.88,181.93,526.46,0.6528,1142.67
460.01,434.85,409.54,0.6408,1285.69
464.72,0.49,569.9,0.5311,1033.94
206.86,0.23,513.21,0.0636,710.86
947.45,928.51,203.93,0.4956,2084.92
687.34,26.66,750.56,0.5665,1498.01
969.41,992.55,454.34,0.191,2500.89
643.85,187.29,379.84,0.5734,1205.44
944.69,587.64,354.32,0.5638,1861.68
510.72,0.2,641.34,0.7081,1141.85
901.57,952.54,731.62,0.8851,2561.11
914.24,817.47,561.21,0.1856,2302.17
472.31,398.01,451.25,0.7699,1318.2
203.61,2.34,635.25,0.3383,851.55
868.51,91.88,522.46,0.8124,1512.21
556.97,918.08,468.87,0.087,1981.03
777.01,955.48,94.83,0.4465,1884.53
881.46,366.89,208.12,0.8235,1431.6
895.16,580.87,116.34,0.9144,1556.52
982.55,6.54,713.99,0.3244,1718.29
994.04,27.97,72.47,0.8244,1114.14
576.45,955.22,432.64,0.1104,1992.32
710.6,7.32,490.87,0.3823,1223.03
311.6,752.41,270.22,0.2508,1350.56
382.33,832.07,792.21,0.4734,2000.07
137.72,6.93,209.2,0.4733,328.48
296.68,76.51,110.44,0.2941,481.4
707.1,65.07,519.73,0.4625,1293.2
394.69,376.55,196.68,0.4407,963.9
104.65,202.69,517.2,0.1929,853.21
92.49,717.65,442.36,0.2504,1265.97
699.42,429.43,606.1,0.4279,1724.03
789.54,661.3,352.68,0.8071,1812.31
526.98,227.66,96.98,0.1629,820.58
969.95,130.94,48.6,0.1113,1103.21
657.66,3.71,29.73,0.7065,689.81
438.18,395.67,112.77,0.4485,928.73
347.51,759.63,617.52,0.0708,1724.29
293.82,718.24,672.38,0.6057,1680.65
928.87,527.77,215.48,0.4139,1699.58
587.51,52.65,189.02,0.6503,816.32
442.39,115.25,45.6,0.4605,607.65
591.48,780.46,644.86,0.7499,2008.47
173.45,759.01,593.28,0.8685,1537.93
454.48,2.45,357.93,0.5878,811.94
829.31,135.12,403.19,0.0799,1350.44
981.32,406.91,472.27,0.8261,1847.75
957.62,342.51,11.98,0.685,1364.42
639.6,27.24,190.88,0.6153,865.07
64.52,556.11,239.51,0.6064,885.49
56.16,991.97,402.89,0.2348,1430.25
603.06,0.0,270.12,0.5327,863.81
313.31,65.9,199.11,0.3137,574.16
337.26,21.86,268.7,0.6014,620.99
406.9,252.82,578.51,0.0618,1219.76
244.29,569.97,247.89,0.3356,1073.85
547.4,533.36,349.14,0.303,1383.34
728.28,977.96,556.47,0.4917,2260.68
986.92,321.41,148.52,0.4637,1471.68
216.88,393.0,585.3,0.2604,1157.53
948.67,18.72,397.63,0.8553,1357.0
954.82,8.05,651.62,0.5896,1635.59
717.79,0.01,207.78,0.2852,903.28
33.96,43.97,196.45,0.1696,278.38
826.27,0.85,652.37,0.0986,1488.85
442.24,55.68,491.17,0.6824,998.39
194.41,555.65,148.78,0.7686,929.43
289.37,31.04,333.57,0.582,634.79
318.27,835.55,184.63,0.1517,1333.97
976.48,113.99,719.92,0.4753,1787.25
812.74,323.1,553.87,0.5163,1695.37
557.38,38.32,794.0,0.644,1382.18
682.17,42.46,378.77,0.226,1114.53
665.59,560.01,285.65,0.9459,1535.53
353.71,886.49,589.56,0.8901,1877.75
246.47,59.66,773.02,0.4905,1086.71
166.53,63.89,755.51,0.8969,998.33
172.57,0.01,114.65,0.8021,302.01
291.62,466.67,714.1,0.3759,1460.76
463.11,17.83,809.78,0.1877,1311.66
613.25,766.93,160.95,0.4002,1510.13
837.1,662.72,252.41,0.6059,1757.06
320.77,140.71,643.55,0.5167,1140.02
807.49,934.84,326.59,0.8143,2098.71
260.52,350.86,844.58,0.7159,1461.06
604.52,471.73,556.32,0.0759,1676.44
801.62,116.25,862.18,0.4235,1810.34
35.49,594.85,773.15,0.3759,1424.02
909.91,470.37,538.15,0.4427,1909.6
747.22,72.43,447.05,0.1386,1284.43
841.7,44.98,278.69,0.277,1177.89
947.79,437.3,390.06,0.1492,1779.22
709.79,8.38,313.09,0.9113,1013.64
808.35,1.12,297.35,0.856,1102.02
723.45,202.68,242.05,0.5769,1181.12
202.29,139.21,1.78,0.259,339.81
345.51,632.41,852.68,0.1986,1869.66
846.88,5.15,667.18,0.1269,1510.99
265.7,421.14,467.44,0.211,1159.5
514.35,987.98,432.33,0.1861,1965.21
220.21,680.46,750.66,0.1658,1672.7
696.51,15.94,563.74,0.4664,1258.63
551.29,185.33,638.82,0.4572,1393.32
485.94,291.19,236.8,0.5375,981.82
302.2,0.24,459.17,0.0588,758.51
370.65,254.54,888.69,0.8222,1486.28
950.94,0.41,253.75,0.3173,1216.94
846.65,717.71,544.48,0.8519,2078.35
440.55,3.37,862.65,0.6731,1288.86
128.6,510.02,721.81,0.5387,1387.24
630.26,399.38,825.37,0.798,1847.75
867.23,157.21,40.35,0.6564,1061.79
64.09,5.85,680.81,0.2608,749.2
541.86,10.85,252.51,0.3952,805.58
941.31,57.85,41.54,0.5908,1033.57
492.32,86.32,589.12,0.324,1170.83
421.25,39.88,830.65,0.3723,1284.46
155.34,364.45,506.09,0.5312,1046.05
164.08,62.2,403.21,0.3889,629.24
733.55,256.9,550.16,0.552,1518.11
604.64,3.98,641.62,0.4571,1266.78
862.79,51.94,89.79,0.8523,997.47
406.52,25.94,378.15,0.5189,828.31
720.16,135.23,687.46,0.813,1532.93
592.23,0.08,277.3,0.7362,859.59
883.83,123.68,75.72,0.1641,1114.49
372.18,146.0,581.34,0.1963,1082.64
172.99,430.26,271.88,0.2,862.99
247.52,50.37,741.61,0.3505,1044.03
232.45,0.04,811.02,0.6773,1018.07
560.86,16.4,363.32,0.3379,952.42
743.43,22.88,686.02,0.1345,1415.67
106.38,13.52,203.57,0.8605,316.61
355.22,0.99,59.38,0.2474,412.93
344.61,6.44,160.35,0.6328,519.24
12.48,351.23,593.28,0.5765,967.97
508.7,796.39,142.4,0.4762,1436.85
908.7,115.81,879.3,0.6408,1927.27
818.21,395.31,470.36,0.7454,1678.06
932.77,557.75,573.9,0.1119,2044.69
253.63,16.98,604.89,0.8385,884.82
388.76,910.52,776.32,0.6669,2067.28
683.83,67.91,139.67,0.607,878.96
349.3,802.56,768.83,0.5746,1938.44
17.22,262.0,732.43,0.5003,1008.86
144.83,9.43,564.98,0.4875,729.35
501.67,657.35,395.2,0.1848,1518.52
929.39,1.56,140.77,0.5602,1086.09
895.56,362.11,132.38,0.8336,1388.22
493.63,16.88,584.74,0.8586,1104.39
375.15,819.13,344.62,0.0823,1550.64
690.76,343.18,103.54,0.2473,1125.1
686.53,3.85,410.74,0.5558,1094.47
223.76,775.89,791.98,0.3402,1772.9
632.55,945.87,869.6,0.6052,2412.45
142.28,149.17,358.47,0.631,667.99
834.92,904.55,188.43,0.6195,1943.5
554.41,818.55,460.68,0.2935,1877.32
487.87,16.33,708.26,0.606,1182.89
421.66,51.35,403.11,0.5253,887.22
818.16,800.13,470.52,0.6902,2107.38
191.94,6.83,65.35,0.4479,269.06
560.53,91.78,171.17,0.4021,826.63
537.38,19.92,101.12,0.1093,653.71
247.34,285.93,733.96,0.5,1266.72
614.55,0.37,735.43,0.7354,1345.34
269.1,357.24,510.49,0.1806,1136.63
333.98,714.15,746.52,0.2982,1795.44
397.89,520.66,117.59,0.3344,1031.78
33.49,0.17,685.95,0.5201,716.83
248.86,150.39,490.51,0.4224,876.74
49.26,71.44,771.74,0.2356,906.15
425.49,3.84,83.79,0.3444,505.1
939.1,178.71,106.37,0.4609,1244.79
231.07,0.44,343.42,0.3847,595.54
394.23,0.0,18.02,0.6688,416.96
160.35,649.97,596.36,0.1886,1392.13
973.66,67.79,213.09,0.5217,1269.37
791.72,501.14,720.76,0.6055,2020.51
321.4,678.89,129.75,0.279,1118.17
960.4,130.8,449.2,0.1551,1530.35
31.03,31.06,376.55,0.8546,449.23
974.0,509.77,261.0,0.0908,1733.68
297.4,281.26,333.95,0.8517,903.94
759.12,205.41,229.76,0.659,1182.83
104.06,102.02,826.83,0.2406,1019.59
275.95,154.79,877.6,0.3289,1302.0
838.3,17.46,695.35,0.9393,1598.27
605.74,3.49,107.41,0.2901,709.06
386.23,341.56,709.0,0.2124,1430.92
60.57,18.59,733.32,0.2154,799.68
975.66,759.46,731.48,0.2064,2461.28
235.17,6.76,873.4,0.1994,1135.81
51.01,160.82,63.76,0.1056,276.51
925.6,260.71,586.26,0.3179,1798.62
681.55,98.41,614.34,0.8304,1372.88
996.59,116.44,29.48,0.2563,1150.19
300.54,46.85,601.81,0.5231,943.49
971.84,0.12,12.96,0.649,997.48
482.75,621.37,142.99,0.5663,1250.98
445.85,195.03,63.0,0.3643,708.6
572.38,205.87,855.76,0.6246,1633.16
833.23,35.82,642.84,0.2876,1513.25
927.49,0.5,489.93,0.5364,1405.34
341.67,309.14,263.35,0.0776,914.89
625.19,15.71,865.39,0.8586,1501.37
512.24,13.01,156.45,0.9037,682.59
740.94,133.05,345.97,0.6831,1224.99
524.28,312.58,678.38,0.456,1545.0
95.84,12.69,130.15,0.3559,231.92
373.94,101.08,392.7,0.4914,868.08
142.02,43.14,0.12,0.0754,207.61
876.0,28.63,361.71,0.2389,1270.49
884.1,187.27,634.39,0.8437,1691.35
180.28,362.95,673.03,0.4226,1264.51
484.55,36.93,605.17,0.2727,1089.16
405.69,232.18,766.98,0.6034,1399.75
292.66,202.69,93.47,0.4669,579.24
179.72,734.11,375.47,0.654,1327.95
732.26,199.49,110.32,0.8822,1039.75
472.07,309.75,234.81,0.7421,1013.4
805.03,20.58,711.25,0.866,1494.72
776.71,348.93,467.95,0.1452,1582.89
563.25,0.27,621.56,0.184,1203.45
472.63,670.05,209.02,0.2041,1355.41
460.24,4.2,552.34,0.8652,999.55
209.56,13.55,501.81,0.6598,711.11
104.82,163.08,888.64,0.1498,1127.38
462.18,369.2,382.74,0.8069,1226.66
166.67,417.24,18.67,0.2992,610.27
603.21,48.73,243.39,0.2045,876.13
130.23,17.81,739.15,0.3088,893.26
245.23,119.07,150.81,0.0654,512.57
337.77,41.09,366.98,0.75,749.44
86.41,21.66,518.52,0.9441,629.88
323.45,114.5,850.18,0.1476,1301.0
722.95,28.78,696.38,0.5674,1434.62
285.74,35.4,290.73,0.7217,614.87
819.86,133.27,315.48,0.111,1258.97
74.77,27.4,602.0,0.7378,692.13
607.62,2.58,681.52,0.7069,1241.82
63.76,175.08,216.76,0.4962,444.23
90.47,209.64,148.5,0.509,451.39
456.23,261.67,876.77,0.7747,1606.42
189.45,979.83,274.65,0.0807,1420.95
246.2,442.66,78.25,0.5432,773.67
206.73,671.39,463.95,0.3429,1321.72
853.19,86.4,163.91,0.9449,1086.15
205.5,1.1,111.47,0.8987,315.94
507.93,331.57,749.38,0.5517,1606.19
966.97,5.14,124.91,0.7277,1075.93
185.95,27.66,616.73,0.4949,834.54
837.15,115.59,600.18,0.6291,1542.35
425.59,85.12,807.63,0.8468,1310.49
845.17,228.86,14.6,0.3935,1085.96
358.23,309.53,509.1,0.5809,1168.36
482.34,735.45,372.43,0.2223,1594.31
732.91,107.34,658.89,0.2658,1517.29
864.33,148.29,573.14,0.6609,1646.97
350.29,246.31,374.55,0.4019,990.7
407.81,0.02,667.8,0.5759,1073.76
261.31,228.14,466.22,0.7011,930.69
844.64,0.46,551.87,0.3844,1381.19
943.64,644.54,165.34,0.1017,1694.45
169.3,799.82,249.59,0.4205,1203.98
537.53,6.72,387.97,0.8775,934.29
634.92,8.24,548.86,0.3102,1217.75
770.62,683.04,826.74,0.2672,2280.15
48.52,373.8,168.2,0.7701,597.33
147.96,22.74,471.66,0.4375,636.18
217.11,703.11,613.43,0.1885,1533.08
762.68,0.0,792.37,0.5265,1573.4
771.86,715.34,669.44,0.569,2138.96
727.65,207.8,409.19,0.5527,1375.18
404.43,1.92,368.79,0.4702,784.43
527.18,750.76,871.13,0.0941,2106.46
299.23,617.0,444.67,0.1203,1382.51
673.89,0.5,341.17,0.8345,1024.88
696.2,308.21,288.66,0.1514,1267.76
969.23,310.17,338.39,0.8002,1588.93
126.93,7.71,687.21,0.418,824.42
232.45,469.64,721.5,0.4219,1382.94
630.05,16.8,133.46,0.6042,782.85
783.46,24.98,202.77,0.6265,978.24
413.36,86.56,111.19,0.4725,624.53
113.7,183.22,16.55,0.3428,311.45
567.16,0.53,406.65,0.1212,989.66
768.95,17.22,408.05,0.5003,1225.21
121.5,166.76,27.71,0.134,331.75
719.71,0.07,850.56,0.4349,1562.65
221.88,38.55,654.31,0.3913,914.78
809.25,276.02,752.29,0.1278,1802.25
601.2,223.76,529.93,0.7015,1338.01
229.6,1.14,66.58,0.1926,297.87
416.5,42.69,818.96,0.8602,1296.15
458.5,19.78,413.91,0.4198,893.06
758.58,84.36,200.56,0.6496,1019.53
313.73,12.3,53.23,0.5027,379.3
40.33,536.19,727.46,0.491,1320.48
481.01,4.82,465.84,0.3313,926.97
970.67,44.94,194.3,0.1657,1205.07
14.94,747.26,55.59,0.7274,811.49
249.91,5.83,121.06,0.1096,378.26
588.48,184.88,252.97,0.6619,1021.89
980.17,85.05,337.13,0.9259,1415.39
926.95,225.63,555.96,0.8852,1688.6
213.48,956.42,757.86,0.1004,2004.14
882.12,27.29,626.75,0.156,1539.76
747.37,939.15,451.98,0.0886,2075.55
212.7,818.11,377.23,0.9029,1443.36
450.81,0.02,875.66,0.0591,1341.71
413.23,27.35,367.47,0.3712,821.04
572.72,16.96,474.75,0.4145,1056.18
892.38,235.28,868.83,0.3876,1962.45
47.65,578.94,345.14,0.8242,992.5
11.17,147.74,535.09,0.4564,687.34
644.01,48.52,647.1,0.3377,1315.73
280.1,296.22,373.58,0.1411,947.43
383.05,255.16,485.91,0.0874,1137.2
700.42,102.28,419.82,0.0522,1208.62
669.47,697.84,516.61,0.5366,1851.92
678.48,508.42,198.62,0.6926,1424.6
31.79,0.42,41.89,0.3022,72.79
85.2,3.21,34.38,0.3592,111.36
553.78,0.27,337.43,0.4369,887.08
373.01,38.19,444.43,0.6776,871.2
73.95,0.17,799.16,0.6753,883.38
913.2,158.79,66.35,0.6929,1128.73
666.19,64.34,25.4,0.1,755.52
594.54,4.99,96.07,0.3886,706.3
784.01,320.21,382.82,0.4477,1531.33
137.14,0.0,774.14,0.4966,910.66
529.17,17.24,384.63,0.6552,905.87
700.48,720.04,211.27,0.6452,1635.34
308.5,510.95,846.19,0.6295,1680.01
260.86,314.4,779.56,0.0714,1370.39
233.57,75.18,691.63,0.5025,992.38
609.03,137.13,619.44,0.1463,1371.77
826.79,109.84,268.63,0.4589,1209.5
121.7,143.56,99.64,0.8236,357.21
810.86,374.81,733.73,0.3576,1923.37
891.6,692.31,794.95,0.9403,2368.12
512.5,506.89,99.12,0.7547,1134.56
577.19,58.37,590.6,0.8735,1237.48
311.1,302.68,749.9,0.6369,1422.64
85.74,81.59,801.16,0.3755,968.13
357.56,47.73,364.28,0.746,778.04
607.09,86.6,786.45,0.2109,1452.42
407.73,924.83,629.82,0.6046,1967.17
295.15,875.31,384.23,0.69,1541.7
657.52,12.59,259.19,0.0707,933.37
834.65,65.94,803.18,0.1883,1720.44
135.29,689.45,144.44,0.1113,983.41
415.06,122.34,212.33,0.7751,740.69
290.84,807.18,736.13,0.8474,1887.62
834.04,201.15,34.43,0.7283,1043.22
797.08,245.3,443.1,0.071,1484.34
147.56,571.16,619.35,0.1126,1328.47
961.75,785.84,131.67,0.2059,1895.15
756.17,4.15,58.12,0.4013,827.68
308.26,379.87,129.56,0.609,834.12
904.17,367.92,108.71,0.4143,1380.45
241.0,916.42,410.17,0.8308,1576.24
880.06,703.53,588.09,0.1546,2169.69
899.86,8.13,846.15,0.8429,1715.91
393.82,38.16,448.4,0.8501,855.25
175.67,167.41,480.63,0.4554,815.06
645.97,20.82,313.35,0.8495,962.63
444.09,920.87,771.55,0.6791,2124.03
628.75,264.63,370.41,0.0825,1290.74
508.13,857.76,654.75,0.1471,2033.97
521.68,91.8,4.61,0.8916,616.99
923.74,78.71,750.04,0.6877,1747.37
77.13,4.73,214.41,0.8563,293.2
84.7,109.05,100.61,0.8612,290.49
197.27,133.93,726.38,0.5093,1049.44
742.96,0.04,543.94,0.6052,1312.33
446.58,0.0,255.31,0.6074,707.17
47.63,306.54,668.16,0.8267,1024.38
496.32,67.6,527.28,0.7634,1070.31
995.17,259.1,277.3,0.7643,1540.23
935.79,39.43,616.54,0.6128,1618.34
721.62,30.32,343.06,0.1369,1111.07
860.27,2.42,731.35,0.8582,1632.39
997.43,0.0,758.17,0.5525,1763.94
338.1,46.99,756.34,0.6896,1124.66
644.38,318.11,43.06,0.156,991.01
176.79,598.88,355.06,0.4905,1101.96
870.59,0.0,74.97,0.7809,948.7
793.36,43.03,698.49,0.0953,1547.44
481.27,244.97,752.6,0.27,1488.85
151.77,502.78,839.9,0.0926,1531.97
787.54,682.01,583.4,0.4651,2045.2
299.71,975.47,763.19,0.8484,2014.72
932.89,0.27,817.76,0.2737,1699.61
370.57,12.56,394.58,0.505,780.97
359.52,42.2,607.2,0.5727,1021.85
783.94,296.75,217.12,0.5019,1267.68
74.05,715.67,82.29,0.9288,881.51
729.68,23.78,814.25,0.7916,1562.07
21.95,219.46,134.63,0.0627,367.76
632.86,0.0,441.47,0.1918,1064.53
28.68,51.03,214.23,0.9328,304.94
719.89,109.23,734.84,0.2428,1540.18
950.37,9.68,218.47,0.9173,1163.08
835.24,597.86,279.77,0.2109,1740.65
591.9,122.83,663.12,0.5439,1393.94
103.94,84.66,14.46,0.1587,198.59
901.51,54.94,246.12,0.6537,1192.41
481.33,24.02,271.63,0.217,796.35
168.25,265.75,805.22,0.2788,1245.98
898.15,183.28,656.8,0.8502,1722.96
742.46,57.94,844.35,0.6835,1627.93
595.22,0.85,469.91,0.1296,1063.83
456.37,169.18,584.06,0.2753,1212.67
482.07,181.62,831.28,0.3667,1473.78
922.55,369.88,295.51,0.4232,1586.78
437.69,16.01,470.76,0.2174,943.92
991.5,910.64,552.42,0.8477,2412.55
950.67,665.56,809.85,0.2566,2442.36
43.97,286.59,840.16,0.9445,1159.55
831.01,139.7,406.76,0.6263,1379.88
794.32,284.22,153.04,0.6221,1240.11
788.0,587.38,228.08,0.783,1578.5
394.21,119.57,724.44,0.861,1246.01
737.24,675.73,858.87,0.2911,2251.75
498.94,731.44,284.05,0.5046,1546.48
456.03,247.97,896.04,0.3805,1592.47
282.74,234.9,146.43,0.1981,663.57
540.94,601.59,476.34,0.7544,1637.73
740.0,265.59,7.37,0.4536,1014.0
512.42,860.31,288.4,0.1947,1624.35
990.58,474.68,124.55,0.5456,1576.11
633.43,298.9,726.38,0.2661,1613.41
214.69,1.91,745.98,0.4669,929.65
318.74,0.1,174.24,0.7355,505.05
992.67,486.01,763.73,0.836,2215.43
466.18,771.13,383.87,0.1362,1653.94
105.56,281.51,897.77,0.6577,1314.52
137.86,45.27,131.19,0.5627,318.94
658.14,235.11,392.05,0.2055,1286.13
419.35,28.5,593.36,0.3907,1035.98
483.51,24.18,660.14,0.0924,1181.51
461.35,0.0,120.03,0.9009,579.27
768.55,687.94,288.27,0.5422,1734.7
841.59,74.14,856.58,0.5964,1800.35
83.36,99.47,161.25,0.8707,331.57
712.98,0.25,180.76,0.3379,884.66
251.17,545.11,709.75,0.943,1482.08
637.44,217.66,98.66,0.5119,970.03
20.86,2.03,540.49,0.8123,568.99
871.48,38.45,418.91,0.9077,1339.7
599.48,818.62,237.94,0.1327,1607.79
559.83,900.98,780.07,0.5852,2273.67
480.25,4.58,408.21,0.7896,867.51
960.34,890.77,17.11,0.5142,1848.98
615.28,846.15,788.99,0.8299,2289.15
501.17,22.41,498.47,0.323,1029.77
464.42,343.59,785.4,0.3198,1635.05
845.81,859.36,146.76,0.6633,1830.22
285.52,3.92,526.84,0.3507,823.06
281.0,0.0,690.51,0.1952,969.37
235.35,40.09,436.81,0.7812,717.35
146.0,6.2,762.36,0.2749,898.8
3.57,463.82,664.61,0.3629,1131.86
785.58,0.98,414.42,0.8061,1227.93
379.67,288.62,605.85,0.4664,1266.71
419.51,114.81,311.98,0.2808,836.08
477.77,55.8,526.98,0.618,1043.24
615.17,396.47,88.23,0.7344,1102.98
866.56,915.24,207.33,0.8858,1987.27
739.11,105.4,319.31,0.77,1169.5
540.6,0.4,229.17,0.7027,771.79
889.04,366.2,607.27,0.9006,1851.79
653.88,654.11,687.33,0.7429,1991.22
527.84,272.99,630.49,0.5415,1443.57
248.41,119.88,183.66,0.4311,553.21
146.23,599.54,488.02,0.7524,1237.32
285.63,0.01,3.04,0.0788,283.38
90.82,508.88,464.57,0.2708,1075.56
509.64,43.17,511.16,0.6553,1050.03
932.79,44.35,368.95,0.823,1352.59
966.27,497.1,461.64,0.6212,1943.64
127.65,67.47,253.34,0.6603,446.17
937.37,0.5,420.81,0.4088,1354.94
119.56,118.68,591.31,0.3324,833.41
265.67,50.37,816.56,0.0726,1126.11
935.73,3.18,357.67,0.4587,1290.21
611.77,246.21,846.37,0.4035,1686.74
963.97,2.1,853.39,0.9035,1798.11
67.03,192.67,754.35,0.3323,1029.15
256.45,2.18,767.03,0.9331,1039.24
121.32,203.93,77.68,0.618,415.61
414.63,432.5,102.27,0.3211,959.08
88.35,23.17,559.05,0.2727,683.58
837.19,19.61,392.27,0.0664,1221.94
355.06,636.17,79.71,0.754,1089.0
776.07,396.06,214.01,0.4251,1387.86
241.04,118.87,627.78,0.4809,962.66
708.76,86.76,363.56,0.5752,1174.96
221.94,141.46,605.44,0.3726,972.09
217.39,47.76,219.93,0.7368,488.33
286.93,975.69,581.1,0.1782,1852.35
753.7,125.02,210.12,0.7798,1109.65
817.32,514.77,566.9,0.057,1930.28
853.2,375.38,729.54,0.1067,1945.98
229.05,36.69,756.52,0.4156,1025.54
552.36,649.63,140.51,0.138,1341.31
844.64,786.59,359.93,0.7114,2000.25
318.88,0.01,225.1,0.2032,540.76
288.73,633.64,183.04,0.7874,1128.03
463.78,380.31,286.75,0.066,1105.38
606.41,98.2,808.82,0.7045,1530.37
53.38,672.42,886.18,0.6211,1609.91
506.02,13.25,820.86,0.6695,1332.89
682.08,134.11,52.55,0.6444,868.57
220.35,3.79,306.11,0.8675,519.35
357.41,438.22,776.78,0.7125,1600.28
695.92,413.16,379.86,0.3218,1503.82
767.92,274.96,694.71,0.6148,1710.5
155.67,33.9,505.07,0.0649,696.87
239.49,0.69,597.83,0.2244,824.5
248.98,4.57,661.5,0.3995,901.39
216.12,168.58,379.11,0.0961,776.01
552.36,797.47,727.15,0.564,2062.48
751.92,165.51,751.53,0.57,1668.81
814.91,510.61,89.46,0.6654,1417.24
589.92,703.43,224.61,0.0618,1534.92
915.13,9.45,607.06,0.7607,1551.35
10.44,0.0,890.11,0.5247,912.37
26.81,532.96,814.46,0.522,1402.35
702.36,0.01,809.02,0.2805,1527.46
310.79,0.26,350.6,0.6933,686.55
667.98,9.77,358.1,0.5175,1049.5
186.4,526.87,81.19,0.1385,787.33
7.73,105.28,311.99,0.1911,417.33
641.43,1.81,206.82,0.3785,862.46
768.59,38.33,868.89,0.4594,1674.49
944.29,398.97,493.06,0.5906,1806.95
152.9,41.83,378.91,0.9362,570.49
111.65,82.52,152.32,0.6663,341.17
846.21,419.53,423.73,0.8105,1721.47
581.1,221.59,221.42,0.0947,1016.65
513.68,279.23,191.64,0.2117,960.56
113.69,998.23,647.98,0.6164,1802.1
867.8,753.72,649.7,0.6889,2305.94
77.83,997.09,14.0,0.4959,1059.39
776.13,398.33,565.24,0.1173,1720.19
94.16,938.25,115.0,0.9205,1132.69
862.23,189.74,748.55,0.6206,1797.94
730.81,17.61,841.54,0.6293,1639.58
306.04,151.46,793.64,0.7671,1244.85
688.49,0.0,299.38,0.8056,983.63
353.4,0.0,20.82,0.1814,355.42
489.73,729.01,76.18,0.8329,1280.95
168.89,24.32,174.77,0.7604,362.19
304.41,0.16,151.87,0.6169,463.48
536.47,230.27,618.98,0.1628,1415.51
463.4,582.77,421.85,0.4161,1493.55
694.46,238.09,645.25,0.6407,1578.71
877.35,29.13,164.17,0.8838,1044.54
970.98,122.73,866.02,0.1604,1981.61
496.74,0.0,173.61,0.1881,674.05
948.15,899.66,802.57,0.94,2612.05
932.18,7.72,231.2,0.8259,1150.21
716.97,177.42,275.07,0.3064,1185.22
532.1,46.42,555.34,0.4279,1153.4
677.91,96.05,854.95,0.4867,1660.84
847.69,707.17,686.95,0.5941,2251.61
551.66,8.18,192.96,0.0807,781.39
124.86,197.29,124.13,0.1099,446.55
873.1,45.12,827.3,0.0593,1764.55
146.76,31.49,21.36,0.0818,206.31
654.54,9.04,811.03,0.6692,1428.61
407.65,25.04,747.54,0.4946,1181.77
201.71,26.09,362.84,0.5834,574.64
261.93,35.42,21.56,0.3853,323.29
963.06,405.54,106.2,0.851,1446.64
189.02,815.68,642.69,0.7545,1693.5
200.68,510.28,429.7,0.9207,1141.3
355.4,397.95,515.05,0.4399,1250.3
733.35,192.4,287.19,0.6069,1203.92
797.66,279.03,447.09,0.0668,1529.18
336.59,217.49,713.12,0.914,1296.54
728.84,239.99,387.25,0.5987,1350.24
453.64,756.07,507.47,0.1404,1720.5
953.26,1.0,874.07,0.9389,1811.23
332.44,0.0,13.95,0.3993,349.53
942.37,3.71,438.98,0.5016,1384.16
539.96,791.51,394.68,0.174,1735.53
31.37,830.89,845.9,0.1329,1696.38
797.39,100.27,430.89,0.9232,1349.28
526.31,1.52,272.2,0.8158,814.57
612.0,1.48,765.63,0.3183,1373.62
233.47,141.21,505.93,0.3564,878.57
406.05,339.33,489.5,0.8403,1222.3
26.64,6.7,106.72,0.5233,144.79
16.05,22.57,458.28,0.6928,493.01
962.71,7.93,462.66,0.2779,1453.53
187.76,889.17,644.95,0.5512,1728.78
362.47,0.01,823.61,0.7654,1189.02
122.08,29.25,686.83,0.5028,836.11
6.19,788.13,149.12,0.337,956.26
732.89,133.49,776.62,0.1051,1653.19
155.16,18.52,638.13,0.5292,818.98
782.59,31.9,76.91,0.4071,893.41
474.09,933.0,770.51,0.7619,2165.63
581.12,731.8,530.88,0.3853,1875.19
813.09,51.12,711.81,0.9347,1562.25
340.74,4.92,427.82,0.6386,778.54
485.67,154.92,247.71,0.0712,912.68
803.15,21.5,12.44,0.4325,850.88
752.41,70.91,514.67,0.721,1341.33
639.9,329.74,88.81,0.4284,1063.3
160.72,29.78,610.17,0.8619,813.22
870.49,10.69,774.77,0.8503,1668.09
923.82,887.94,832.67,0.5118,2724.9
105.21,10.09,587.13,0.1646,713.25
227.05,0.68,211.72,0.094,432.78
587.68,24.18,721.04,0.4143,1366.92
708.29,2.5,50.92,0.8078,778.01
174.98,314.42,296.52,0.1011,769.16
755.8,59.65,490.38,0.1729,1270.51
239.25,105.51,762.29,0.7371,1099.21
71.47,11.47,767.1,0.5143,858.21
369.58,205.84,535.26,0.6141,1134.09
239.24,78.67,877.28,0.2949,1161.06
944.73,181.57,440.4,0.1588,1563.8
911.49,943.17,181.49,0.878,1987.53
619.15,11.19,223.55,0.6071,837.48
964.4,18.5,790.23,0.4644,1776.96
239.13,431.57,743.97,0.0856,1421.59
494.17,232.65,585.56,0.7975,1309.47
111.93,6.49,843.16,0.542,968.53
785.86,202.27,330.6,0.0665,1309.31
717.44,18.01,239.06,0.2943,961.27
294.18,29.9,338.96,0.9322,675.02
377.38,103.84,647.28,0.8453,1107.97
486.06,97.43,297.28,0.7512,876.23
363.36,139.43,185.24,0.6746,689.42
349.55,0.32,197.88,0.2254,540.67
694.47,155.85,348.35,0.8505,1203.1
602.84,284.82,716.81,0.7005,1623.0
503.36,3.5,728.44,0.6382,1219.69
136.51,132.77,651.61,0.8306,886.02
202.0,947.89,883.21,0.9222,2008.05
831.94,0.44,229.91,0.1328,1060.73
964.73,273.58,415.13,0.7636,1635.67
457.65,249.25,460.62,0.6274,1181.44
462.42,71.48,502.8,0.8643,1021.37
847.75,235.07,11.16,0.4786,1106.89
150.37,12.88,641.18,0.6146,810.55
495.27,58.94,797.91,0.8892,1348.24
288.22,763.21,737.22,0.1616,1806.37
327.61,389.09,471.51,0.2902,1166.32
457.51,295.35,457.85,0.2849,1167.92
998.91,5.51,475.56,0.3881,1449.72
875.49,878.59,315.18,0.3626,2041.47
617.75,0.02,446.59,0.1875,1057.5
928.91,0.7,699.97,0.7975,1621.73
922.64,239.39,481.44,0.6543,1625.92
25.41,86.38,669.01,0.8768,786.55
263.65,2.26,841.94,0.2579,1116.54
183.76,0.01,201.8,0.4935,371.62
907.72,161.95,105.99,0.6128,1173.16
678.94,485.92,887.0,0.569,2027.44
433.6,65.27,405.48,0.0771,887.46
987.76,799.22,43.46,0.9316,1860.93
2.75,762.21,864.33,0.6159,1611.68
332.53,187.46,658.39,0.5551,1165.8
649.2,589.36,752.41,0.169,2033.29
38.74,253.36,217.95,0.8873,498.33
400.62,391.36,186.65,0.1323,963.22
582.81,702.28,200.48,0.734,1491.21
353.34,279.36,743.63,0.8989,1377.74
462.67,0.22,248.08,0.8808,721.02
342.68,15.4,102.29,0.7264,457.04
936.55,93.82,736.54,0.1672,1771.09
273.21,6.99,879.07,0.7773,1126.55
519.82,151.63,546.49,0.1433,1252.13
85.93,776.32,363.11,0.7043,1209.66
309.44,0.68,302.59,0.6539,591.51
70.2,342.36,662.89,0.1486,1068.4
345.56,0.32,300.47,0.7074,650.92
481.47,21.87,376.14,0.3934,880.24
489.69,94.37,92.22,0.3112,675.39
602.1,75.59,604.73,0.1288,1239.43
180.35,0.78,696.1,0.1678,886.63
366.78,25.09,827.84,0.9398,1236.27
201.13,123.59,446.1,0.4694,769.21
128.38,2.8,316.58,0.5727,448.4
223.36,458.67,203.59,0.0794,876.55
214.63,777.81,840.08,0.1445,1865.22
210.41,757.15,70.22,0.7261,1034.43
582.43,5.57,725.88,0.6537,1320.55
237.13,101.42,478.06,0.7945,820.69
926.84,7.29,771.94,0.8639,1708.91
967.52,69.22,629.35,0.0591,1661.44
566.37,672.07,857.63,0.5715,2085.62
799.23,463.1,100.31,0.4808,1334.72
787.46,201.34,737.87,0.9108,1721.34
791.71,176.14,563.13,0.4784,1491.24
817.58,425.16,296.62,0.4869,1556.9
936.38,992.67,660.99,0.7078,2636.68
751.54,41.69,778.16,0.0601,1578.21
483.88,2.09,540.9,0.6728,1021.55
701.85,169.46,73.75,0.8266,948.62
755.7,19.6,865.89,0.1072,1601.16
181.37,427.23,586.26,0.7045,1222.78
879.58,88.87,120.7,0.7407,1099.09
593.41,57.12,639.65,0.082,1267.29
427.16,415.96,239.28,0.2603,1061.7
480.54,9.24,615.79,0.3485,1112.1
557.59,53.53,631.1,0.6406,1245.69
523.0,49.6,181.01,0.4432,730.74
121.03,9.99,598.72,0.5675,734.54
29.03,678.03,652.94,0.748,1361.11
307.33,0.0,708.66,0.1954,1042.82
276.56,657.76,259.11,0.4331,1224.97
892.27,495.26,481.87,0.052,1875.74
253.6,70.84,325.97,0.513,644.44
726.07,0.14,895.26,0.8088,1631.74
396.8,895.02,842.22,0.4039,2095.67
987.97,279.41,623.7,0.2971,1915.3
557.48,103.98,667.08,0.3847,1342.44
652.33,261.64,874.07,0.5566,1827.2
287.44,152.29,107.6,0.5793,545.52
352.0,7.13,445.87,0.0839,789.6
285.55,741.39,473.73,0.7525,1538.26
878.98,659.94,202.92,0.323,1774.06
537.62,226.24,609.96,0.1528,1376.91
637.84,244.58,735.69,0.6744,1610.64
70.07,59.79,334.15,0.7407,462.51
872.2,128.22,259.83,0.5038,1288.0
60.53,124.76,372.24,0.079,564.12
644.35,0.4,639.02,0.1245,1282.91
622.25,124.24,672.67,0.397,1451.32
486.41,40.08,136.15,0.474,651.69
470.3,208.03,703.98,0.8178,1395.6
893.54,173.54,639.39,0.7433,1688.63
751.85,734.88,425.57,0.9081,1919.48
70.19,6.04,502.44,0.0631,573.55
374.08,243.32,149.0,0.5674,762.87
763.66,288.12,225.07,0.9476,1275.75
373.52,0.02,475.84,0.8287,858.28
897.56,911.31,641.73,0.1962,2422.43
151.41,8.13,55.25,0.4581,217.65
4.25,518.99,832.78,0.1868,1348.72
479.36,655.17,663.15,0.0812,1801.9
817.74,19.91,588.07,0.4946,1410.89
901.51,11.09,756.43,0.6815,1693.11
711.32,0.02,212.64,0.3069,918.85
915.39,19.9,427.19,0.9335,1372.02
69.71,59.97,379.29,0.3258,510.24
736.02,330.66,316.39,0.713,1373.63
769.51,1.48,364.28,0.4052,1141.47
698.03,172.93,347.3,0.5327,1244.0
675.13,440.15,766.33,0.7155,1869.43
846.58,36.6,599.38,0.9419,1498.91
270.21,6.04,885.67,0.4342,1153.96
49.24,5.87,56.87,0.7841,128.38
923.16,292.43,818.58,0.418,2028.34
27.57,101.13,531.65,0.1405,670.38
4.39,19.13,554.06,0.4979,584.63
986.75,6.74,511.52,0.1543,1463.28
487.87,521.08,478.18,0.3143,1480.11
940.53,9.51,517.11,0.064,1430.66
170.17,1.42,477.68,0.4073,640.97
116.2,80.1,385.43,0.2577,570.58
10.66,0.01,358.76,0.0988,368.27
437.41,88.35,172.49,0.4988,700.0
989.53,0.09,48.49,0.7921,1035.02
183.79,668.74,479.46,0.6042,1334.59
260.75,17.41,684.8,0.397,982.46
931.9,954.73,114.6,0.5503,1972.48
782.05,778.96,655.5,0.6709,2195.45
544.82,214.67,626.85,0.575,1395.2
487.46,905.13,296.19,0.756,1667.27
443.83,71.12,483.5,0.7698,1024.37
910.66,463.95,314.13,0.0592,1714.96
144.4,1.11,92.5,0.9141,244.14
820.64,178.28,557.54,0.8429,1557.1
694.52,727.32,842.66,0.4496,2164.19
503.86,17.15,225.86,0.4566,747.85
29.98,1.18,764.3,0.8443,785.27
553.71,817.97,449.18,0.4663,1846.81
254.11,230.91,404.06,0.9272,879.4
76.7,43.3,193.99,0.9427,306.94
359.72,265.53,407.8,0.2379,1030.06
286.35,259.2,734.91,0.2863,1300.3
708.48,50.66,438.78,0.3729,1220.73
446.22,25.78,439.5,0.727,909.99
945.44,10.36,404.55,0.5915,1371.84
946.94,34.12,339.87,0.5861,1339.73
787.44,501.54,9.78,0.7378,1322.42
585.77,31.85,816.35,0.7144,1438.68
305.22,358.6,825.89,0.4915,1490.74
382.11,61.71,617.35,0.0955,1060.24
728.43,14.19,157.57,0.1301,860.76
250.47,39.71,844.5,0.6302,1150.7
132.75,7.15,808.8,0.6209,962.13
357.46,192.31,451.99,0.2349,1009.04
333.76,101.77,119.69,0.6245,551.04
410.39,935.82,231.83,0.8358,1544.45
927.26,406.29,445.37,0.4221,1752.66
840.36,204.24,631.91,0.4666,1640.41
49.98,279.35,602.29,0.6487,924.41
342.4,14.18,59.13,0.1832,413.59
768.07,747.68,75.53,0.7826,1564.91
301.32,382.33,890.42,0.3915,1572.22
260.83,8.62,134.22,0.0789,410.47
145.96,309.29,782.65,0.8119,1245.77
124.41,86.98,163.16,0.3862,375.9
644.35,10.41,204.57,0.8294,874.6
642.45,172.64,592.27,0.1658,1394.72
208.6,300.33,199.77,0.6852,710.41
741.05,78.79,546.33,0.5882,1362.22
507.29,320.59,153.14,0.6372,988.31
724.84,58.82,755.62,0.1296,1521.09
167.22,655.93,112.72,0.4867,899.34
797.71,22.44,534.65,0.2031,1373.37
113.7,167.13,3.11,0.9438,282.27
629.45,23.59,227.92,0.8115,884.22
643.29,425.78,157.78,0.8907,1251.34
868.71,398.78,257.33,0.5624,1497.48
37.09,77.57,558.49,0.3559,662.98
748.69,769.4,483.87,0.9034,1972.57
227.47,0.67,391.98,0.614,638.49
448.54,320.57,575.54,0.6164,1322.06
986.61,363.87,816.91,0.9066,2236.52
95.17,148.24,343.36,0.1374,591.41
212.82,196.87,735.65,0.4045,1127.63
766.47,520.27,101.06,0.8977,1400.98
843.9,0.03,146.21,0.3338,1015.43
899.42,296.07,654.99,0.3108,1793.77
407.73,760.83,701.33,0.3805,1921.29
679.48,831.83,605.11,0.8217,2167.12
330.0,156.15,548.2,0.2455,1039.59
261.76,353.21,471.44,0.803,1085.64
586.67,5.94,727.37,0.4119,1306.37
846.06,110.17,247.02,0.2889,1183.02
291.2,38.8,211.32,0.4517,557.21
525.92,208.37,529.11,0.3805,1269.02
511.66,576.17,501.64,0.3836,1567.55
176.96,911.77,515.07,0.1437,1589.82
712.54,0.32,235.24,0.8819,977.84
159.16,0.95,557.16,0.5523,720.96
958.04,0.22,177.9,0.2604,1141.73
121.03,68.86,734.58,0.1973,925.62
911.25,135.0,774.14,0.6904,1786.84
561.75,1.59,446.19,0.797,981.0
382.03,292.17,879.17,0.1107,1574.65
155.94,876.32,491.31,0.1667,1511.13
500.42,0.21,778.06,0.6883,1279.18
959.67,4.04,0.24,0.4345,962.09
570.15,30.21,166.66,0.9368,760.36
414.73,25.47,753.29,0.2271,1191.27
881.46,6.16,772.14,0.5704,1620.25
70.16,894.78,269.79,0.1028,1229.54
178.45,43.28,535.19,0.1118,767.07
489.07,75.1,501.82,0.7058,1082.62
404.41,20.21,305.73,0.0959,714.2
172.78,367.5,37.97,0.1039,571.51
438.4,333.69,622.97,0.926,1366.2
59.35,638.87,657.57,0.1113,1333.19
476.64,39.88,536.73,0.2472,1025.52
512.14,423.09,113.21,0.6052,1026.62
22.99,157.45,222.09,0.4805,410.59
690.07,429.51,190.51,0.7993,1272.26
69.3,642.09,50.18,0.0759,751.04
13.02,0.69,15.26,0.8423,27.68
372.68,10.22,307.49,0.3115,690.55
768.71,693.19,648.04,0.3473,2093.57
529.78,45.37,579.07,0.085,1170.69
299.56,98.77,880.75,0.244,1288.96
209.81,43.43,482.61,0.9322,753.85
714.96,374.07,255.41,0.8852,1339.94
162.52,858.19,455.87,0.19,1505.92
233.79,6.61,240.83,0.5704,475.24
40.81,58.18,210.95,0.5103,320.58
78.08,14.76,253.34,0.4863,358.61
218.6,3.96,0.92,0.5959,234.82
670.16,328.71,40.23,0.4266,1010.71
275.14,148.5,484.03,0.2845,898.49
3.68,11.66,533.27,0.8756,552.65
600.87,0.0,560.54,0.4204,1148.43
967.51,317.56,176.77,0.9476,1466.4
685.91,314.84,764.75,0.409,1757.98
625.94,83.12,824.36,0.2767,1525.95
630.39,6.89,747.0,0.3557,1366.1
682.32,693.39,620.97,0.1348,1956.85
750.06,748.0,570.44,0.5865,2068.29
478.05,80.75,49.66,0.0697,619.33
509.84,14.69,803.48,0.2359,1334.53
788.36,593.18,755.58,0.7648,2172.62
623.91,630.99,378.26,0.6538,1615.94
564.69,2.81,594.26,0.3891,1175.59
360.74,345.09,817.23,0.0602,1507.42
705.73,183.96,287.26,0.6366,1158.79
257.98,114.56,18.69,0.9014,387.26
505.09,976.19,198.2,0.7196,1684.51
830.86,321.55,171.53,0.1322,1306.18
858.32,64.96,491.55,0.0728,1372.95
409.27,152.75,337.75,0.1179,890.25
949.8,220.15,579.06,0.8739,1743.63
615.55,143.09,158.38,0.3304,916.87
443.86,8.51,745.24,0.1286,1193.44
700.12,28.03,150.2,0.4535,879.63
886.69,542.01,98.58,0.2505,1473.41
709.91,0.0,128.32,0.1346,848.38
680.8,839.08,80.57,0.5055,1562.93
398.32,0.32,259.49,0.2772,646.51
641.86,257.64,467.33,0.3579,1384.39
11.28,3.24,197.89,0.928,207.89
767.67,227.35,601.93,0.5905,1587.64
219.24,931.72,680.97,0.2608,1825.89
789.22,756.46,345.46,0.4854,1927.47
376.58,11.81,26.92,0.4247,405.63
779.9,142.75,293.76,0.4669,1204.78
480.95,171.12,155.7,0.0569,791.39
267.96,41.99,103.36,0.5117,420.23
686.07,626.35,257.91,0.3332,1620.16
456.6,581.17,550.35,0.2128,1547.76
324.44,264.35,229.06,0.5681,812.32
261.04,966.69,126.62,0.4487,1349.39
682.72,98.68,504.08,0.6787,1280.52
965.83,644.96,291.42,0.7045,1887.21
136.21,97.09,413.66,0.5052,631.93
641.38,869.19,155.42,0.3717,1673.65
199.98,962.4,35.6,0.2423,1187.06
292.67,162.08,891.4,0.6835,1355.67
682.94,663.64,206.1,0.6952,1529.03
733.82,0.6,659.65,0.7592,1411.46
197.24,4.2,664.54,0.6329,880.84
454.75,12.06,692.75,0.7237,1168.89
746.05,29.96,194.15,0.1635,963.37
654.57,17.26,795.1,0.2748,1475.98
527.56,9.47,500.58,0.9093,1055.5
291.59,154.41,135.77,0.4721,569.16
929.48,253.25,166.43,0.9431,1326.38
134.68,511.14,501.8,0.4102,1135.6
277.93,4.68,723.02,0.2957,987.58
967.91,983.76,712.14,0.769,2652.38
796.82,91.7,54.28,0.2375,927.83
265.41,35.67,53.04,0.5469,359.69
258.84,227.4,249.1,0.4786,757.96
680.51,623.17,73.54,0.7879,1396.35
964.93,567.33,497.15,0.1132,2005.9
196.7,89.37,859.9,0.2078,1146.55
998.07,0.0,42.28,0.2929,1015.53
498.6,74.33,525.28,0.1824,1089.86
214.69,92.34,30.02,0.7681,338.62
208.77,217.9,393.31,0.7936,816.52
124.52,117.73,232.22,0.7247,473.27
544.58,629.63,350.36,0.8041,1536.31
918.33,495.76,351.99,0.1676,1760.51
670.43,2.14,839.86,0.7364,1539.41
299.24,81.42,216.1,0.2964,596.09
125.24,301.82,141.25,0.1701,570.87
704.0,470.98,522.22,0.2314,1708.03
625.8,17.19,130.04,0.8831,761.24
277.18,12.4,802.79,0.5018,1080.58
828.22,430.15,159.1,0.3599,1430.34
983.53,676.65,853.57,0.6277,2395.68
514.72,96.38,139.38,0.3252,771.46
88.56,30.32,599.51,0.6023,724.11
748.93,75.52,397.89,0.5162,1202.93
581.69,422.28,237.28,0.8193,1246.76
513.21,668.72,664.32,0.5685,1895.37
108.89,342.0,550.73,0.1261,983.46
895.77,20.99,356.51,0.5499,1273.68
497.78,42.3,448.82,0.6806,988.58
545.25,54.51,296.93,0.3189,916.88
760.77,952.46,26.09,0.2265,1718.26
341.78,58.85,596.67,0.3674,974.59
900.72,180.16,600.19,0.2454,1674.43
891.56,772.57,726.28,0.1599,2434.32
19.23,212.3,607.74,0.4338,848.6
741.85,716.62,170.4,0.1746,1625.87
230.76,7.33,183.14,0.2272,431.6
964.39,567.81,489.0,0.123,1988.06
451.14,471.56,444.56,0.6514,1389.78
833.22,473.5,336.61,0.9173,1632.07
20.01,444.44,540.51,0.1498,994.76
130.88,4.65,415.27,0.0959,546.34
605.37,384.82,851.43,0.1242,1825.21
139.14,38.38,472.83,0.0539,641.05
956.88,15.58,7.92,0.7279,984.34
43.51,235.25,218.56,0.6196,486.16
222.74,17.73,550.42,0.574,791.95
510.37,511.55,658.81,0.6491,1701.39
276.36,182.06,59.35,0.0905,521.71
921.31,326.91,753.09,0.9171,1983.94
515.32,109.91,671.42,0.8311,1325.22
492.95,462.8,428.93,0.3959,1376.77
54.55,8.14,657.01,0.2045,722.15
78.58,0.13,432.97,0.2504,527.54
59.87,146.61,233.52,0.5502,435.92
24.42,0.02,101.41,0.7664,116.93
623.86,669.9,191.34,0.8342,1524.34
729.02,660.18,113.29,0.5365,1529.2
664.0,13.48,114.59,0.9261,802.99
232.02,2.13,534.24,0.183,763.27
952.15,0.02,168.15,0.6541,1152.51
181.94,172.34,626.36,0.4376,985.7
815.21,241.9,520.04,0.7847,1583.8
510.63,2.13,199.4,0.9041,715.17
307.01,3.68,513.38,0.8098,822.34
837.19,85.32,818.14,0.8123,1721.04
885.06,7.14,441.36,0.2264,1334.02
985.6,447.94,498.67,0.8919,1992.68
173.21,569.63,10.96,0.7741,752.26
284.38,44.93,286.68,0.2691,626.28
3.18,464.97,411.22,0.1957,884.95
278.44,44.5,415.28,0.1409,720.37
268.75,85.94,638.11,0.3292,1006.4
376.54,169.0,757.58,0.3811,1296.57
546.08,369.35,27.15,0.8562,953.91
325.87,143.59,863.85,0.3611,1301.52
960.73,528.42,597.08,0.4187,2065.44
950.67,0.33,681.75,0.591,1579.58
558.41,22.08,701.93,0.9371,1277.53
294.74,41.55,679.34,0.5884,1015.28
141.86,0.62,160.86,0.3244,297.14
676.47,0.16,546.63,0.443,1222.02
883.93,0.28,881.94,0.1021,1721.75
903.13,424.78,135.71,0.2372,1471.94
131.07,0.23,48.27,0.5559,172.87
425.06,357.4,13.62,0.625,796.01
536.67,107.57,657.76,0.5268,1303.98
801.82,587.54,331.58,0.4239,1731.16
544.87,323.98,67.66,0.1358,926.11
819.23,31.72,864.57,0.7343,1702.33
834.03,16.48,297.29,0.1566,1147.28
35.83,424.39,722.3,0.2423,1200.15
671.99,409.41,872.49,0.2306,1983.35
853.88,0.92,707.29,0.17,1549.03
592.24,452.77,103.08,0.7917,1121.51
793.5,823.48,785.0,0.7412,2352.03
808.62,927.81,573.59,0.2683,2356.57
795.99,968.68,189.28,0.9231,1963.28
412.8,748.99,865.63,0.5603,2090.8
842.42,650.35,781.42,0.3976,2268.55
164.65,0.41,218.16,0.0998,378.0
588.96,2.81,284.17,0.2517,884.15
676.1,712.18,644.39,0.6658,2004.4
731.28,0.1,196.42,0.6237,930.74
832.6,4.01,883.1,0.5147,1713.47
529.34,6.53,315.92,0.249,848.72
890.36,53.75,164.4,0.3781,1068.02
200.89,0.13,784.91,0.2653,992.8
47.14,275.69,598.72,0.1904,930.95
387.64,55.64,789.73,0.9072,1238.55
684.1,3.7,31.5,0.1846,716.85
726.44,130.35,856.5,0.7378,1697.51
207.94,211.8,299.97,0.0508,713.66
408.1,143.56,587.99,0.7368,1137.4
838.87,45.1,481.22,0.2443,1372.63
535.44,15.56,651.64,0.4891,1164.9
74.71,37.75,847.67,0.4651,953.19
604.87,293.41,83.53,0.2834,996.04
245.81,56.13,301.24,0.7083,617.42
429.19,8.0,378.58,0.2124,830.09
173.77,633.13,554.02,0.7797,1360.41
803.98,204.64,240.29,0.644,1250.77
377.47,631.55,522.48,0.2846,1537.63
15.27,688.29,683.51,0.1817,1395.05
951.24,0.3,876.39,0.4286,1873.91
650.04,122.06,351.04,0.6261,1140.52
34.35,560.78,463.18,0.668,1079.5
614.19,10.49,841.19,0.453,1472.67
806.92,373.38,414.11,0.0704,1615.67
664.86,36.15,89.21,0.516,787.85
306.22,126.44,104.65,0.1513,523.45
591.81,812.68,215.13,0.6978,1645.81
635.51,2.61,760.84,0.7183,1380.31
14.66,585.14,135.77,0.5301,736.71
631.67,549.4,637.97,0.7305,1811.33
379.11,126.09,527.54,0.6725,1019.43
710.46,3.43,355.18,0.872,1085.67
143.66,413.17,174.99,0.4618,739.12
484.85,732.68,790.33,0.5027,1971.6
291.77,12.8,603.22,0.5655,907.94
371.13,12.65,213.28,0.3808,591.67
834.9,134.55,429.99,0.0783,1371.73
623.78,471.98,320.38,0.8774,1440.8
82.23,736.19,200.55,0.881,1020.28
411.92,83.14,506.51,0.8095,1016.51
414.9,612.02,424.76,0.4258,1408.32
827.93,238.4,388.01,0.6461,1437.24
197.82,60.44,342.27,0.1184,607.42
761.79,16.26,729.82,0.9097,1466.88
409.67,2.27,622.93,0.484,1048.64
778.69,467.61,464.38,0.8441,1697.55
630.71,0.06,698.37,0.8527,1343.37
700.36,45.13,451.89,0.7683,1199.24
115.22,0.01,336.23,0.4018,449.53
8.6,445.95,482.69,0.678,935.03
790.72,83.49,311.26,0.6229,1159.22
303.43,762.42,650.95,0.2272,1650.35
252.4,80.22,195.68,0.152,522.08
555.08,27.58,67.5,0.2747,659.61
590.75,22.46,480.4,0.4733,1091.98
741.22,297.53,612.25,0.4402,1631.35
590.74,882.22,390.56,0.6488,1837.09
932.6,18.55,412.56,0.4943,1415.03
721.31,404.31,659.65,0.4728,1795.83
870.44,34.28,99.29,0.1659,985.13
425.93,292.13,550.68,0.1467,1256.79
896.25,450.66,783.49,0.0698,2112.94
861.08,92.52,606.23,0.2948,1547.47
798.77,113.07,25.45,0.4247,915.53
703.76,115.01,887.14,0.1553,1718.31
258.33,518.84,686.54,0.7455,1467.14
442.91,32.33,540.34,0.4189,1003.74
140.22,62.28,425.37,0.1287,605.18
37.79,777.46,72.18,0.8234,882.03
196.33,12.38,316.45,0.7646,529.85
242.23,332.35,552.59,0.4287,1108.54
558.5,12.04,550.89,0.2971,1103.25
590.59,186.47,753.09,0.9438,1548.32
593.9,643.91,163.09,0.7378,1382.22
563.25,651.16,638.69,0.6951,1840.61
699.41,16.66,165.26,0.5119,869.29
699.64,598.46,262.63,0.8721,1524.42
988.14,7.85,415.39,0.6263,1415.01
911.93,707.99,212.51,0.4302,1867.1
132.31,882.98,672.26,0.796,1697.96
177.95,75.22,586.5,0.7902,810.9
121.53,269.18,264.65,0.4158,669.25
157.06,1.14,368.23,0.8277,535.6
79.95,73.48,569.07,0.1892,725.46
845.92,142.72,27.42,0.5145,1001.78
446.1,438.52,48.98,0.0501,930.02
45.37,17.66,363.84,0.7517,430.97
350.99,802.92,518.74,0.7941,1630.69
97.24,6.53,682.27,0.8277,812.65
492.46,91.2,16.53,0.136,616.33
42.01,42.5,621.62,0.4323,723.87
32.74,668.91,121.27,0.2343,827.47
871.45,71.0,264.22,0.4115,1191.17
838.23,766.6,608.2,0.4502,2141.44
551.87,0.14,354.98,0.6411,927.15
358.97,549.9,681.22,0.8864,1623.01
41.73,83.72,696.2,0.7908,799.43
606.59,725.25,204.35,0.3626,1532.5
394.54,177.23,54.73,0.7513,616.74
813.32,0.0,708.32,0.3697,1517.88
179.17,154.86,269.2,0.0535,615.66
131.18,829.8,489.35,0.0515,1419.02
132.78,579.97,296.35,0.5613,987.53
50.16,314.51,133.72,0.6948,493.94
21.94,3.76,563.16,0.9372,584.17
745.69,560.66,786.57,0.5255,2070.85
661.1,2.84,749.12,0.4209,1407.78
843.46,1.37,877.34,0.9054,1680.88
712.13,0.05,393.37,0.8462,1104.1
290.62,44.3,607.57,0.6844,926.46
217.52,562.53,172.64,0.3079,959.56
754.32,0.02,271.72,0.5291,1025.17
953.99,656.89,582.58,0.4452,2210.5
553.64,13.69,574.22,0.181,1178.54
322.91,126.49,145.64,0.2806,599.96
458.18,999.33,301.88,0.1259,1762.56
321.83,676.32,189.27,0.8201,1186.32
187.99,66.55,443.19,0.5196,693.39
584.63,368.2,455.57,0.5922,1427.83
497.75,72.15,222.98,0.1682,779.25
406.16,446.4,195.69,0.6819,1075.08
158.39,34.75,422.84,0.2128,598.71
565.83,69.93,374.3,0.3272,1026.09
184.07,19.81,488.05,0.5201,697.76
832.54,0.0,206.79,0.8489,1057.86
477.71,307.53,489.02,0.0544,1278.19
100.44,4.71,132.63,0.6105,236.28
66.55,0.56,855.32,0.1893,921.3
574.29,6.55,177.78,0.1153,769.68
606.05,148.66,799.8,0.585,1560.84
472.26,108.93,358.27,0.7283,925.17
159.21,51.56,64.06,0.9387,290.51
50.11,224.64,702.99,0.4169,947.94
700.6,12.78,537.9,0.6179,1267.67
891.07,832.94,113.69,0.7846,1850.57
370.73,785.85,774.11,0.7469,1949.48
177.01,774.45,884.01,0.2996,1845.85
610.3,0.44,535.78,0.9218,1143.61
742.75,144.62,258.58,0.4212,1169.7
761.59,158.16,832.63,0.1553,1783.54
550.65,60.15,68.45,0.3166,683.17
937.07,432.81,53.14,0.3451,1452.61
850.09,468.06,194.52,0.0954,1513.13
503.29,0.73,224.78,0.7892,735.31
996.15,432.05,238.43,0.0568,1685.25
705.86,103.61,815.85,0.7412,1632.02
18.92,38.7,444.97,0.2752,488.63
424.47,8.46,701.19,0.5975,1116.37
532.75,335.01,403.59,0.3221,1265.05
687.27,0.0,210.71,0.6317,856.99
962.65,4.31,673.39,0.9485,1666.08
603.13,1.18,559.64,0.9388,1198.93
411.78,552.62,743.94,0.3445,1685.11
162.4,937.97,777.75,0.5095,1873.94
945.95,0.36,448.55,0.4883,1393.25
112.63,15.89,884.81,0.7772,1036.05
509.53,289.89,454.51,0.6596,1225.31
242.59,859.8,822.25,0.4274,1885.51
882.52,0.06,37.9,0.6866,916.52
248.69,124.05,485.32,0.451,869.19
218.9,540.37,65.78,0.6099,826.49
956.49,962.82,850.54,0.5372,2752.3
277.3,107.51,35.21,0.0834,422.81
387.34,195.97,839.57,0.4021,1435.63
540.04,45.87,810.99,0.4383,1415.59
723.88,120.01,499.59,0.1869,1341.52
46.42,430.16,221.02,0.1585,683.12
579.43,31.49,866.12,0.622,1463.35
300.6,168.02,372.17,0.422,848.8
219.64,656.97,764.87,0.1446,1643.77
102.05,260.67,215.84,0.7364,580.41
715.77,696.43,40.33,0.8307,1440.6
535.84,23.03,506.53,0.3295,1074.81
543.63,509.52,548.97,0.3096,1601.02
879.89,56.13,307.2,0.9108,1254.31
859.5,5.67,712.55,0.6038,1594.29
63.95,26.55,591.71,0.3741,678.06
581.86,864.31,109.67,0.6301,1565.8
541.1,896.36,538.11,0.6553,1966.22
199.72,175.8,552.84,0.1581,948.52
770.68,0.07,372.14,0.1811,1149.41
512.57,0.03,382.46,0.0731,884.82
882.95,9.48,59.22,0.2756,942.11
734.79,189.01,489.46,0.8168,1428.44
408.88,227.36,397.63,0.6116,1038.04
300.08,15.98,150.72,0.4225,458.91
396.06,948.81,271.88,0.9033,1633.74
320.77,4.42,214.12,0.1914,546.68
266.42,312.22,385.77,0.1905,964.13
704.11,98.31,474.97,0.2664,1307.48
728.61,459.26,306.45,0.661,1474.91
739.34,329.63,675.32,0.1984,1727.33
264.98,89.36,418.42,0.6506,768.09
579.87,253.62,245.6,0.2535,1123.64
316.09,22.02,532.73,0.8818,873.94
105.39,157.65,33.48,0.7632,313.28
484.1,82.37,848.82,0.0799,1428.19
234.37,3.05,667.64,0.5203,908.27
542.64,129.15,185.55,0.9048,867.69
601.57,493.14,91.14,0.8298,1187.76
802.21,361.9,406.13,0.7427,1538.13
3.72,356.77,457.91,0.8055,830.51
170.65,0.01,176.69,0.717,338.29
700.57,552.55,528.52,0.5059,1739.6
80.59,74.81,250.25,0.1598,417.36
263.25,99.23,122.93,0.401,488.19
896.94,142.56,719.59,0.4872,1740.72
694.55,0.11,355.54,0.5422,1044.03
898.6,8.59,597.21,0.4732,1500.26
939.84,151.39,258.09,0.7687,1359.59
882.28,181.39,843.41,0.0658,1932.08
346.54,298.91,848.11,0.6385,1456.19
158.05,4.96,516.08,0.4375,668.86
728.34,341.47,82.42,0.0938,1150.61
632.93,713.48,391.06,0.1257,1692.13
124.9,258.95,372.11,0.8686,766.17
0.14,51.8,162.28,0.3052,216.55
541.39,508.9,77.79,0.447,1098.06
432.18,140.04,700.75,0.6916,1276.32
967.09,0.05,49.06,0.4346,1013.61
216.51,3.38,623.13,0.4291,861.84
250.38,242.3,192.1,0.063,686.33
145.52,333.98,621.6,0.6513,1075.28
884.92,0.43,838.64,0.1094,1682.41
923.23,19.45,754.11,0.5839,1724.24
48.57,171.83,169.79,0.0663,378.52
749.68,399.17,654.28,0.7699,1762.91
347.58,458.25,599.81,0.23,1399.06
182.17,472.55,222.42,0.6104,858.03
991.6,81.26,785.21,0.6479,1851.6
391.28,61.22,107.66,0.4434,549.69
835.38,47.4,164.81,0.5916,1029.28
934.93,715.2,793.85,0.3632,2439.32
371.31,784.44,83.54,0.5489,1267.67
850.37,39.03,777.32,0.8852,1677.41
754.25,42.87,362.95,0.2969,1129.12
343.17,406.24,700.64,0.4056,1451.18
66.08,20.53,858.49,0.4044,954.17
936.08,39.89,505.16,0.8171,1526.37
112.22,455.78,813.68,0.7419,1384.13
755.7,229.83,223.03,0.8698,1211.71
827.3,46.41,606.44,0.7746,1490.73
161.14,228.01,193.11,0.1509,577.96
987.53,945.99,516.06,0.745,2511.62
706.52,485.59,667.65,0.1441,1891.17
44.18,485.89,280.57,0.4368,833.5
0.55,44.41,654.55,0.3075,691.53
977.17,1.65,241.42,0.6656,1207.49
978.0,0.04,790.19,0.4897,1783.86
503.36,70.03,161.4,0.2475,741.39
552.2,0.57,79.96,0.3486,640.45
978.31,0.0,875.11,0.6674,1852.48
536.34,99.21,706.64,0.546,1334.29
893.06,149.26,516.39,0.4606,1532.63
682.36,275.38,56.11,0.9172,1030.18
246.22,9.4,62.36,0.4613,310.61
160.9,0.0,157.21,0.9457,323.18
67.15,179.55,540.71,0.543,799.7
657.24,2.9,197.61,0.9452,854.76
147.79,10.22,651.72,0.1546,795.56
328.4,11.85,429.15,0.1491,785.01
32.62,913.64,544.39,0.1176,1509.24
736.45,391.7,328.49,0.1836,1437.74
276.4,0.91,311.4,0.7259,583.99
40.78,1.75,536.71,0.5199,574.76
571.75,122.93,427.61,0.9154,1144.24
382.88,279.05,18.39,0.0689,666.23
754.77,792.63,614.68,0.6858,2145.75
930.16,0.65,852.22,0.1775,1771.09
563.61,1.47,25.93,0.651,585.13
292.94,151.85,527.44,0.1948,967.08
636.97,694.78,376.98,0.6794,1710.37
707.09,491.14,477.5,0.105,1673.19
600.99,216.7,458.52,0.2066,1231.99
536.82,56.52,134.19,0.736,735.74
700.66,0.1,453.94,0.1164,1181.4
580.96,91.97,875.56,0.3434,1532.14
737.53,144.75,592.67,0.9287,1491.04
150.71,9.17,782.87,0.0932,938.94
905.96,467.7,104.1,0.7164,1477.55
901.28,187.93,493.9,0.0578,1611.38
520.05,619.64,30.92,0.3406,1193.39
658.76,126.82,358.97,0.1144,1157.72
903.73,529.16,631.11,0.6207,2058.77
776.73,0.0,322.06,0.8312,1074.82
709.96,29.52,718.12,0.2584,1430.71
535.73,186.5,316.2,0.5934,1026.74
180.22,24.04,629.85,0.8845,837.98
129.65,184.93,720.16,0.2636,1028.09
427.64,291.08,28.9,0.3317,753.57
418.67,1.5,392.96,0.5373,811.79
300.92,5.57,874.95,0.1672,1178.89
401.85,23.72,768.67,0.6477,1232.87
93.66,17.37,248.84,0.4409,370.38
403.65,35.29,63.84,0.3965,511.15
365.2,906.43,500.45,0.238,1740.62
571.1,0.01,809.61,0.5703,1359.13
716.23,8.03,19.48,0.6037,740.9
12.24,801.55,709.58,0.1528,1525.76
67.57,517.76,373.02,0.5164,952.01
98.76,748.01,129.28,0.8974,951.12
172.01,0.19,358.01,0.5818,530.69
828.52,147.52,459.1,0.3435,1427.84
908.53,44.85,320.72,0.359,1252.68
566.71,1.18,751.32,0.174,1311.02
68.57,55.46,681.88,0.8691,795.71
235.14,382.11,619.33,0.6635,1224.91
565.3,0.24,225.01,0.8843,797.17
301.6,11.64,117.22,0.8819,432.64
489.37,591.67,3.48,0.1477,1058.29
147.52,6.09,532.04,0.2036,681.18
915.52,12.08,191.06,0.0603,1113.12
396.63,116.96,164.53,0.3407,678.59
681.25,60.67,660.9,0.5453,1402.41
626.37,0.0,621.33,0.3839,1244.94
523.41,174.13,632.15,0.1496,1390.31
83.15,12.84,170.34,0.5888,285.42
830.9,142.1,670.21,0.8502,1644.02
720.97,35.27,250.26,0.9167,1018.78
914.55,558.9,790.77,0.5774,2230.28
402.58,64.44,765.6,0.399,1258.17
996.39,44.48,740.33,0.2995,1772.96
593.43,110.14,708.01,0.0537,1386.45
859.68,111.17,455.74,0.2526,1403.66
914.42,137.94,196.04,0.9345,1255.37
521.41,245.78,395.7,0.2355,1153.47
669.13,163.96,733.0,0.4567,1543.94
217.02,889.74,184.57,0.1941,1302.86
93.08,4.74,656.13,0.3273,740.52
155.55,57.2,347.66,0.4824,561.2
386.79,35.43,13.64,0.6049,425.14
373.28,9.45,802.25,0.2641,1173.98
217.26,916.7,377.86,0.5294,1499.25
939.18,22.56,657.19,0.0684,1631.56
741.58,104.4,578.99,0.7413,1426.43
218.09,62.46,657.7,0.294,935.35
148.29,805.12,542.68,0.4714,1503.07
797.17,0.92,276.36,0.4627,1054.1
317.3,43.68,127.84,0.1575,487.52
70.08,132.82,137.82,0.1108,350.18
587.51,725.02,885.05,0.5842,2180.29
159.54,340.61,494.6,0.6588,986.05
935.82,72.77,698.22,0.9416,1660.76
311.71,64.95,583.79,0.5342,968.5
653.37,752.4,278.55,0.1655,1692.85
589.59,742.66,668.39,0.4074,1995.14
862.37,41.95,12.44,0.6137,913.39
937.48,4.76,336.84,0.9017,1269.79
4.34,1.11,887.43,0.9246,897.09
742.89,398.58,89.83,0.2616,1228.13
165.7,141.3,219.74,0.5519,536.97
215.75,0.1,891.15,0.1518,1113.2
417.56,27.99,714.59,0.3539,1159.17
543.0,645.04,737.53,0.2462,1924.0
792.57,776.62,866.9,0.7133,2402.24
292.97,646.46,824.0,0.1378,1774.19
129.19,15.92,344.88,0.33,476.84
78.97,231.22,523.27,0.7585,819.9
332.6,338.76,640.52,0.4547,1342.82
964.96,34.72,135.1,0.9076,1118.58
237.06,629.99,227.07,0.7947,1096.93
482.58,799.37,728.43,0.1669,2041.9
789.5,158.45,248.46,0.261,1171.15
436.79,139.66,538.35,0.1406,1105.61
198.14,0.28,808.63,0.1832,1036.67
537.31,719.82,44.13,0.2444,1322.85
519.18,210.13,15.26,0.8301,735.42
834.37,895.13,658.95,0.0779,2422.48
563.47,1.11,243.38,0.202,813.04
795.28,344.26,686.99,0.5911,1876.57
228.61,15.72,532.57,0.7791,797.99
976.25,442.95,209.47,0.2576,1655.42
650.15,135.0,60.73,0.4837,834.47
240.31,256.09,242.75,0.5501,751.17
207.22,404.48,608.87,0.3315,1227.4
780.51,141.53,74.42,0.4466,976.71
262.45,266.56,829.56,0.1819,1378.2
621.71,296.78,760.67,0.3879,1643.94
276.82,22.96,461.95,0.0566,776.97
151.63,1.72,346.17,0.1439,496.04
668.72,276.33,850.52,0.8782,1757.01
690.95,18.95,160.34,0.9045,868.8
504.43,164.94,4.84,0.1837,660.31
181.79,109.72,715.42,0.7707,1029.18
235.71,80.56,564.16,0.573,906.6
276.28,0.36,349.08,0.5162,628.38
319.36,17.03,384.74,0.6703,727.1
865.53,263.53,96.63,0.0712,1205.14
90.37,266.52,846.77,0.17,1193.3
865.85,129.3,384.42,0.4759,1412.88
219.59,890.32,579.08,0.3077,1674.7
397.5,2.8,868.78,0.6493,1270.91
22.51,22.7,850.88,0.19,907.01
770.47,54.23,798.05,0.8804,1602.2
407.48,202.4,275.52,0.167,880.86
981.16,0.2,618.96,0.9043,1589.65
47.1,0.0,453.69,0.896,499.95
350.33,504.35,721.5,0.8993,1545.8
593.92,827.29,552.98,0.5914,1979.36
455.46,0.08,808.89,0.0594,1273.9
995.07,502.58,681.9,0.6916,2188.76
288.2,509.04,806.0,0.3651,1598.68
235.9,164.62,262.34,0.0692,663.35
553.73,255.13,308.66,0.3325,1112.27
623.33,22.82,825.17,0.3035,1461.08
319.73,255.73,629.11,0.2069,1200.88
127.58,133.16,818.48,0.5866,1062.91
283.05,102.65,666.7,0.1682,1026.82
224.43,13.28,866.16,0.1927,1094.93
137.68,8.35,331.85,0.2274,480.82
136.62,492.42,468.07,0.7213,1105.26
305.17,947.85,77.1,0.4448,1339.78
7.33,168.61,495.0,0.3384,676.28
391.95,100.03,763.24,0.6926,1247.63
239.54,381.42,202.06,0.8668,808.88
252.52,514.89,172.21,0.0724,931.06
761.35,116.95,758.89,0.1182,1673.91
956.33,548.53,388.51,0.3617,1901.9
291.51,823.84,287.86,0.1625,1357.53
519.48,2.25,341.96,0.8653,883.03
614.54,65.82,582.71,0.4906,1262.75
402.5,131.43,117.12,0.4913,640.14
583.13,78.07,705.03,0.4266,1364.35
58.99,357.94,861.69,0.453,1277.38
603.65,3.06,421.17,0.0792,1033.81
874.49,2.48,448.49,0.2785,1319.55
643.3,418.97,785.96,0.3004,1833.18
442.28,199.78,665.62,0.7305,1279.6
31.16,944.07,870.13,0.082,1804.56
765.54,109.57,4.18,0.3692,870.42
879.58,570.24,851.69,0.4711,2328.47
100.74,139.36,824.92,0.805,1073.89
149.2,6.04,610.79,0.343,755.29
847.62,0.01,353.27,0.2644,1197.78
216.57,6.25,454.03,0.4417,665.45
877.91,120.87,575.1,0.6327,1571.87
304.77,736.7,394.36,0.564,1431.49
827.64,152.81,411.21,0.4641,1400.32
329.98,817.01,761.94,0.1745,1936.94
905.62,21.57,285.89,0.2457,1225.68
478.46,430.12,594.0,0.0749,1493.63
330.29,264.35,364.64,0.9325,983.94
700.37,137.12,532.0,0.4479,1363.52
908.23,997.29,538.95,0.6637,2429.06
8.47,347.78,840.63,0.8237,1197.57
402.13,363.31,574.59,0.5368,1336.39
575.44,26.62,633.23,0.9004,1205.53
259.53,100.71,508.38,0.7035,876.0
525.59,636.36,24.83,0.7048,1189.38
795.76,809.14,704.44,0.5162,2317.52
18.6,261.49,247.86,0.3264,530.14
111.27,22.87,616.53,0.0775,744.04
85.46,441.85,571.12,0.5977,1121.76
724.7,27.46,513.73,0.1328,1245.5
193.99,10.08,113.79,0.1564,316.18
554.63,240.85,259.04,0.0999,1072.56
54.03,556.68,598.58,0.4168,1169.35
764.73,677.51,490.43,0.2423,1951.75
99.32,53.25,549.33,0.2767,712.57
976.05,0.44,185.3,0.4757,1168.24
92.93,730.56,40.98,0.2727,856.95
20.46,532.61,747.01,0.4052,1287.2
892.36,312.43,471.48,0.4032,1682.43
249.51,90.88,617.31,0.4202,951.27
738.73,428.17,512.26,0.2159,1633.39
819.28,0.84,806.37,0.8972,1641.15
111.06,279.33,320.46,0.3233,705.0
724.83,181.98,405.71,0.3998,1314.29
453.09,108.87,87.91,0.3923,646.22
775.93,142.43,719.56,0.4364,1629.62
299.58,12.79,395.91,0.76,693.94
400.1,0.77,352.31,0.5743,764.07
66.64,389.83,366.75,0.3662,809.62
84.76,635.42,697.88,0.4007,1449.78
397.72,484.16,26.09,0.6542,912.84
779.55,952.5,251.08,0.4513,1964.2
551.05,3.84,524.92,0.7015,1074.64
725.38,219.59,209.93,0.1381,1154.15
625.18,591.35,401.49,0.2048,1584.93
476.4,30.39,162.24,0.1471,656.57
337.52,899.4,770.77,0.2151,2005.33
480.2,794.28,547.38,0.2336,1792.7
967.3,774.32,434.57,0.5575,2143.87
763.48,106.82,110.37,0.3419,1003.3
351.07,538.46,853.11,0.2678,1734.6
715.71,202.22,117.35,0.4199,1000.04
648.35,207.14,32.06,0.3388,869.05
641.66,629.68,412.26,0.297,1697.16
137.81,3.08,274.79,0.7399,416.3
859.57,855.08,67.88,0.6897,1767.74
71.73,20.97,91.44,0.6467,196.07
639.26,190.46,703.12,0.7453,1489.09
693.2,45.07,472.21,0.4915,1187.53
811.74,760.68,885.97,0.2732,2536.68
111.04,520.29,568.57,0.7305,1207.41
226.27,48.26,713.13,0.2835,985.06
443.45,210.97,889.38,0.1433,1562.69
958.99,42.1,666.54,0.8863,1605.37
81.38,0.43,65.69,0.3655,146.59
405.03,428.88,268.4,0.4815,1101.34
698.29,32.06,121.7,0.9092,856.77
652.33,377.93,382.94,0.3185,1442.34
605.28,53.31,646.39,0.6774,1343.02
435.51,2.41,362.05,0.7365,792.88
633.03,35.17,132.39,0.7172,788.9
825.46,312.98,735.47,0.1895,1894.55
367.38,416.01,522.08,0.0988,1308.85
744.29,18.15,589.07,0.8068,1371.97
578.02,699.28,113.78,0.2923,1389.75
585.18,499.42,566.15,0.5683,1668.3
78.25,206.52,140.96,0.9463,422.46
75.72,488.06,91.05,0.4146,659.78
787.88,12.62,225.93,0.583,1037.37
116.75,3.99,722.61,0.3603,833.51
189.83,215.39,454.6,0.3437,887.66
124.53,628.25,669.05,0.3083,1394.32
902.17,75.31,327.01,0.7691,1306.31
686.37,10.05,624.82,0.4441,1325.42
874.26,163.25,282.24,0.683,1296.08
34.95,274.95,872.58,0.2498,1145.9
620.99,0.47,656.98,0.4473,1292.59
635.75,0.0,113.67,0.3672,728.21
932.13,555.36,721.45,0.5356,2233.45
745.81,0.65,82.3,0.2796,821.71
749.92,0.45,827.02,0.755,1601.57
126.96,32.81,270.61,0.626,426.23
277.24,30.11,466.6,0.8109,775.97
725.74,987.08,674.76,0.4474,2457.89
860.69,453.87,11.48,0.1683,1316.14
31.83,364.79,240.64,0.6998,633.74
523.61,0.21,274.78,0.0744,800.16
308.63,0.86,2.27,0.6004,302.93
994.93,24.04,41.87,0.7514,1069.65
330.66,747.96,517.83,0.4103,1577.09
265.29,0.01,207.79,0.0897,475.89
831.07,927.37,630.29,0.8835,2377.05
302.71,3.67,450.79,0.3442,750.21
931.92,1.89,665.77,0.1113,1584.44
674.8,12.9,68.08,0.584,753.16
311.98,53.24,41.05,0.3162,405.53
171.29,102.54,609.14,0.7726,864.14
591.84,246.83,177.64,0.0778,1029.6
440.07,0.22,520.23,0.3892,947.4
287.11,34.91,517.41,0.413,824.97
635.34,387.1,456.57,0.107,1503.18
944.65,6.79,276.75,0.6688,1217.86
911.02,61.72,893.06,0.1435,1893.97
272.11,822.9,782.28,0.736,1898.66
214.46,98.56,31.31,0.6885,336.42
258.29,14.72,709.15,0.4106,988.82
208.62,37.29,460.71,0.2248,712.38
449.27,951.75,221.88,0.4065,1598.22
886.0,113.5,111.23,0.4179,1090.17
254.23,6.98,478.29,0.2084,743.14
987.4,155.67,885.21,0.7264,2020.99
227.44,1.22,656.18,0.2018,871.0
859.5,69.79,594.93,0.8557,1525.7
130.76,25.03,482.07,0.2878,635.86
952.83,93.06,235.5,0.1819,1273.05
229.79,7.26,496.02,0.4655,733.33
578.65,184.61,61.56,0.4234,808.47
381.68,992.99,211.85,0.4967,1566.52
547.86,0.06,462.3,0.9198,1004.55
116.18,0.01,371.04,0.2168,495.45
952.26,831.99,337.08,0.4593,2099.76
129.05,174.71,167.58,0.1035,471.57
798.52,794.75,294.67,0.8336,1896.22
72.78,95.97,498.41,0.4389,670.11
351.83,781.39,66.75,0.6984,1182.65
553.16,678.41,622.65,0.0631,1859.97
656.56,0.0,368.24,0.0849,1028.98
986.58,831.34,616.37,0.3802,2442.14
38.21,38.71,705.95,0.5174,794.35
91.1,776.15,254.77,0.3946,1132.11
328.73,215.27,564.33,0.5887,1098.95
969.54,363.98,794.46,0.1937,2144.6
721.68,125.54,20.82,0.2779,852.45
379.18,312.05,657.71,0.7481,1353.26
909.83,24.95,752.46,0.4323,1731.22
343.45,511.16,553.38,0.173,1375.99
687.2,13.74,187.79,0.7246,900.88
68.31,76.68,512.26,0.5913,653.59
453.56,46.49,404.04,0.0875,891.86
643.46,2.0,863.3,0.9445,1571.96
680.96,256.46,150.45,0.3994,1061.36
127.67,190.28,539.26,0.2008,847.94
917.46,1.55,170.77,0.2801,1088.55
577.25,127.68,712.86,0.9304,1436.31
812.05,50.69,131.39,0.2809,990.1
899.16,109.5,552.87,0.0799,1554.51
938.33,589.15,440.68,0.2304,1957.82
975.35,0.0,213.88,0.6655,1197.53
117.06,463.49,298.59,0.6617,905.71
864.82,353.73,860.04,0.5022,2081.08
540.4,134.84,85.15,0.7828,759.84
600.03,275.5,697.33,0.5678,1604.22
520.75,231.42,399.81,0.7488,1148.31
517.11,3.15,336.15,0.8059,867.23
267.05,833.51,249.04,0.877,1363.17
504.83,858.87,494.35,0.391,1830.1
108.52,10.17,191.93,0.6099,319.96
837.43,728.66,787.54,0.6638,2331.62
275.54,381.51,69.0,0.1627,725.93
965.67,101.35,816.03,0.479,1859.06
321.71,859.18,31.41,0.6777,1194.37
788.15,566.83,269.25,0.4567,1629.06
376.41,0.0,700.89,0.9077,1065.22
810.3,135.38,172.5,0.6987,1133.55
459.53,730.62,335.64,0.3104,1528.86
701.46,9.97,575.47,0.3799,1301.5
889.89,13.09,713.08,0.1875,1611.05
428.45,34.17,888.44,0.7736,1347.29
136.0,363.93,543.86,0.1393,1034.7
853.78,763.79,845.84,0.147,2466.61
945.36,329.64,165.47,0.4108,1467.61
4.25,778.85,875.1,0.8774,1661.17
621.11,124.77,446.44,0.4355,1179.69
790.89,607.36,31.15,0.4208,1451.46
658.72,716.63,150.3,0.131,1519.08
506.62,156.78,801.0,0.7248,1446.37
186.03,239.96,405.06,0.5999,837.13
26.28,40.66,412.02,0.5002,491.41
898.54,37.37,440.48,0.6474,1358.02
378.03,2.15,186.59,0.1985,591.09
603.65,153.78,151.77,0.6634,903.15
909.61,181.5,531.38,0.3073,1617.73
426.26,859.4,68.6,0.4629,1340.36
544.58,180.57,820.09,0.3881,1545.18
925.67,0.04,717.66,0.1756,1637.98
354.67,645.1,33.24,0.2864,1036.97
94.81,0.79,817.36,0.6758,906.48
238.32,0.08,322.91,0.321,565.42
220.51,66.5,613.81,0.3391,903.97
726.26,0.04,770.25,0.3775,1455.08
698.35,417.08,63.91,0.3685,1184.61
669.44,152.21,453.7,0.5976,1287.13
68.84,37.31,473.99,0.7073,596.0
605.51,201.77,330.98,0.8012,1159.57
846.32,662.87,817.93,0.2319,2318.36
534.54,114.38,763.64,0.3425,1418.5
274.3,2.93,364.31,0.1551,632.39
451.01,217.23,546.88,0.1331,1185.65
121.75,288.1,799.78,0.8463,1214.39
277.45,567.4,551.33,0.7619,1403.93
913.43,803.3,663.61,0.8983,2342.9
194.46,282.18,588.03,0.4922,1063.83
624.34,5.91,677.97,0.8661,1323.13
820.27,7.82,450.38,0.8863,1294.98
89.77,881.21,142.96,0.3578,1125.23
6.7,6.65,745.56,0.517,755.71
681.97,34.26,394.68,0.9444,1119.71
553.97,146.15,759.84,0.5908,1481.8
417.79,6.17,863.57,0.637,1282.1
359.89,746.12,324.28,0.7307,1453.11
909.8,51.92,688.79,0.3442,1631.71
11.16,185.38,458.96,0.8399,651.76
87.29,606.44,315.09,0.3424,980.53
920.06,253.59,622.97,0.8581,1765.6
451.81,4.08,605.08,0.6356,1055.4
899.4,37.68,385.9,0.5124,1319.34
170.49,50.12,451.21,0.9427,686.75
398.54,817.47,595.35,0.1972,1825.97
644.45,101.88,8.07,0.4537,761.43
747.38,174.3,175.68,0.3521,1068.61
659.05,21.09,664.19,0.1322,1379.31
229.13,719.34,661.63,0.4977,1606.61
858.59,7.46,67.29,0.8166,913.12
243.08,7.45,649.18,0.179,880.56
701.23,240.62,384.24,0.7846,1352.5
705.71,73.53,896.13,0.4545,1642.98
182.58,42.12,154.0,0.7505,381.22
405.88,677.32,105.96,0.5685,1198.65
71.6,42.77,33.9,0.664,151.38
947.32,330.35,541.75,0.8693,1819.5
783.44,388.7,605.93,0.6243,1734.78
814.04,256.23,694.33,0.8385,1762.47
956.89,1.3,3.63,0.3469,944.46
553.61,22.02,619.32,0.9008,1195.5
420.25,957.14,694.06,0.7798,2037.61
686.9,0.35,211.78,0.0648,885.4
20.95,90.63,583.98,0.3245,703.05
868.16,732.44,772.83,0.7249,2365.67
74.68,116.71,831.95,0.251,1005.41
779.65,207.46,363.87,0.8264,1396.08
920.27,49.9,399.67,0.1169,1398.29
179.71,0.04,230.19,0.4916,399.02
109.09,92.06,133.06,0.1274,318.08
475.96,516.48,153.71,0.4654,1163.35
411.8,564.38,803.47,0.5171,1798.04
733.47,260.83,423.43,0.4778,1388.74
339.24,139.77,51.64,0.5632,524.72
420.56,34.01,559.6,0.4865,987.5
374.45,0.45,341.25,0.5295,718.35
341.63,22.22,343.6,0.1124,714.22
555.34,257.47,164.83,0.8811,972.11
414.37,362.79,273.92,0.8912,1055.88
833.11,903.13,442.57,0.839,2205.81
620.59,45.21,327.88,0.4553,1007.3
616.01,21.55,345.55,0.2746,980.39
102.03,76.0,880.64,0.9399,1057.22
247.46,198.66,439.61,0.0882,903.74
327.17,63.65,462.2,0.8423,848.37
205.55,367.75,787.11,0.6928,1366.41
538.9,589.66,176.06,0.5347,1320.94
635.37,1.21,249.71,0.5469,895.58
333.71,71.51,12.26,0.5094,430.54
408.27,20.64,227.7,0.5137,642.42
861.99,261.22,358.79,0.3972,1502.3
253.37,75.6,256.54,0.5139,582.25
846.81,15.85,814.25,0.5317,1703.88
611.67,569.8,596.83,0.06,1783.24
938.36,92.01,745.55,0.8321,1810.54
857.72,53.77,22.82,0.675,926.67
451.61,5.21,553.76,0.7144,1003.99
355.79,49.97,494.19,0.2241,889.13
102.32,115.18,773.5,0.5265,989.3
239.58,88.43,641.75,0.8495,969.57
242.77,3.13,757.39,0.5486,1010.09
485.68,2.02,94.65,0.878,578.81
248.91,684.42,899.0,0.8458,1794.29
962.07,7.69,789.92,0.3729,1744.17
32.38,6.63,701.54,0.857,743.18
845.38,431.18,47.0,0.7083,1322.76
262.58,149.64,818.33,0.1448,1236.92
576.92,405.56,823.85,0.472,1825.61
617.02,8.5,521.63,0.3324,1170.6
284.54,18.16,850.83,0.8678,1135.87
765.47,947.15,79.76,0.5955,1793.96
800.02,1.04,709.93,0.2305,1525.8
813.82,0.31,835.35,0.2456,1647.73
734.57,1.88,547.87,0.514,1277.67
662.5,74.42,268.89,0.2155,1028.44
401.38,22.48,47.29,0.7261,470.81
190.96,713.02,840.4,0.8426,1725.97
373.28,4.24,339.52,0.601,702.06
463.96,188.22,658.29,0.1322,1346.06
456.07,197.07,846.29,0.2012,1498.74
804.43,982.19,353.74,0.1642,2144.7
792.6,2.55,275.41,0.9386,1089.95
231.21,427.36,244.4,0.5279,905.83
460.83,1.28,695.79,0.3786,1180.84
993.79,571.17,498.53,0.8998,2042.92
573.49,801.91,512.74,0.3272,1909.89
138.81,3.51,658.01,0.1124,792.9
379.07,63.0,422.69,0.7167,856.38
713.55,0.12,284.13,0.9198,1008.24
222.49,976.45,370.19,0.4809,1603.35
656.35,8.9,548.93,0.7317,1211.23
90.38,0.51,758.12,0.8641,850.96
654.07,583.19,818.09,0.6788,2067.1
768.35,633.89,316.18,0.4947,1701.26
304.52,658.05,79.96,0.7362,1056.69
292.62,197.56,2.98,0.6578,502.89
748.57,927.53,374.84,0.077,2099.6
274.58,3.28,791.29,0.2593,1102.98
253.98,361.64,583.87,0.5083,1216.54
227.24,0.01,720.64,0.8504,943.13
707.92,105.1,525.51,0.6725,1327.94
423.67,11.34,328.0,0.7243,785.69
739.09,917.85,831.04,0.795,2471.79
393.93,391.55,600.31,0.9346,1377.77
429.77,586.94,674.62,0.1624,1728.52
592.31,251.99,847.35,0.5918,1648.73
358.38,0.19,337.7,0.5294,682.97
631.85,86.47,415.69,0.947,1139.95
205.52,244.47,631.26,0.4055,1084.59
522.01,3.01,50.44,0.3603,575.2
439.0,441.92,42.34,0.4999,903.15
1.78,402.36,80.76,0.8888,484.06
287.82,792.17,360.41,0.2842,1436.25
611.59,378.87,595.64,0.8791,1611.15
197.06,759.9,96.01,0.9112,1052.69
265.79,74.91,163.57,0.7949,502.53
635.39,223.83,895.18,0.0703,1734.44
125.02,6.29,194.4,0.6142,328.3
664.18,402.06,361.72,0.5327,1426.79
752.64,73.62,751.17,0.5236,1554.05
358.58,51.38,392.86,0.6224,803.74
804.28,0.16,810.49,0.8834,1580.06
100.78,187.01,57.75,0.2567,343.6
613.81,7.34,839.46,0.2132,1453.31
162.32,803.12,790.89,0.0797,1727.43
73.49,0.43,68.42,0.7967,149.45
557.03,0.03,810.8,0.9338,1406.93
656.52,312.77,869.65,0.4854,1892.57
360.28,261.67,425.24,0.1215,1051.35
864.27,109.44,471.12,0.4924,1436.98
102.62,81.54,403.09,0.9479,583.92
312.14,122.02,762.51,0.4651,1188.25
535.27,26.21,493.49,0.6709,1054.18
609.64,0.06,592.92,0.9227,1217.16
802.71,165.38,633.6,0.3289,1564.56
215.14,4.03,40.97,0.5371,275.85
649.52,5.11,586.29,0.1986,1240.96
275.24,75.18,330.5,0.381,672.94
997.77,146.64,360.94,0.3143,1541.39
772.84,223.31,370.73,0.9077,1365.49
689.49,69.32,109.46,0.1334,873.5
147.77,627.39,279.84,0.3595,1063.74
220.16,0.0,401.25,0.5251,624.65
457.99,295.06,761.12,0.379,1499.52
62.68,110.77,338.54,0.4693,526.85
138.83,25.28,246.18,0.3966,405.17
221.17,237.43,338.24,0.1041,815.6
560.15,223.51,719.69,0.2709,1494.72
476.11,610.91,656.99,0.1688,1797.21
355.21,869.87,256.7,0.472,1466.46
63.59,366.55,94.24,0.1977,525.33
960.75,921.5,440.38,0.53,2331.89
418.04,953.98,711.71,0.6777,2081.51
763.06,902.98,889.16,0.5898,2566.37
964.07,158.67,34.51,0.1233,1135.18
835.29,834.62,849.99,0.5708,2489.65
149.6,0.85,27.25,0.7467,182.47
839.83,829.62,493.26,0.7367,2128.51
766.58,427.04,392.04,0.0894,1579.49
885.19,202.54,364.58,0.9027,1486.16
328.08,457.42,319.77,0.4516,1078.68
430.12,33.48,13.85,0.8245,476.47
851.33,235.85,180.6,0.3768,1273.28
739.73,164.72,572.85,0.7278,1474.86
881.99,93.13,595.01,0.2464,1609.41
734.99,43.02,788.36,0.6483,1581.17
380.27,735.51,850.18,0.2821,1968.31
906.93,1.04,267.82,0.909,1155.57
951.54,54.94,474.75,0.4587,1509.79
917.71,335.19,851.16,0.3466,2075.03
707.66,2.26,371.65,0.2738,1107.38
929.55,884.6,12.75,0.1742,1814.73
847.74,228.22,508.88,0.5884,1599.56
275.79,1.88,547.03,0.922,817.52
892.12,719.78,197.33,0.667,1852.96
101.34,276.5,244.8,0.7895,610.84
373.42,309.93,500.24,0.158,1149.87
885.84,966.72,624.57,0.0588,2493.36
228.05,4.55,75.18,0.6253,302.2
518.01,144.88,546.57,0.5851,1213.74
155.12,0.02,518.57,0.4309,668.29
430.07,1.46,161.34,0.6459,592.64
609.66,2.16,732.73,0.3854,1363.45
465.65,102.72,700.72,0.1493,1283.71
101.06,985.97,834.43,0.6805,1983.67
85.07,553.18,170.5,0.2956,816.0
257.33,602.44,707.34,0.8036,1581.87
352.13,278.66,746.2,0.7245,1410.8
983.53,328.72,835.31,0.2946,2166.73
910.32,0.07,531.4,0.5027,1454.51
126.34,146.9,451.14,0.406,740.64
539.55,70.57,770.76,0.1751,1366.98
278.89,814.0,792.3,0.596,1903.26
468.1,186.31,486.08,0.2803,1138.75
907.64,263.19,130.58,0.9409,1308.42
732.97,5.52,839.49,0.1213,1551.48
727.12,11.73,162.82,0.8034,909.17
114.28,304.63,69.63,0.5371,493.4
17.87,53.65,25.68,0.9202,91.12
689.71,305.86,695.01,0.3518,1678.1
530.5,334.74,679.77,0.094,1541.92
112.43,144.41,499.87,0.1643,766.18
638.02,11.22,45.81,0.7475,699.09
90.63,17.06,578.14,0.4271,696.31
424.45,129.02,166.2,0.3993,730.01
6.06,927.41,49.33,0.0891,977.62
976.04,602.36,125.6,0.6256,1697.92
771.66,1.44,351.68,0.2985,1119.7
343.6,131.73,563.79,0.8292,1026.16
693.45,3.83,800.03,0.2341,1508.32
437.27,320.91,134.43,0.3194,863.87
618.21,355.25,467.72,0.45,1463.53
419.19,86.22,519.6,0.6835,1019.74
40.82,616.64,406.19,0.8653,1071.45
475.83,7.46,422.64,0.4936,909.44
887.09,115.09,780.81,0.819,1754.89
361.6,9.56,849.53,0.5764,1249.67
411.46,0.61,183.69,0.3124,588.35
516.71,159.98,68.82,0.0588,738.12
193.48,708.97,387.82,0.3668,1283.79
628.6,0.55,667.2,0.1738,1290.03
356.87,184.38,620.52,0.7707,1155.39
155.39,337.09,430.92,0.58,944.29
416.29,345.0,471.7,0.831,1252.56
476.31,9.83,15.82,0.2349,496.22
118.11,299.54,293.47,0.0772,713.39
784.31,39.22,812.1,0.8175,1635.52
667.79,524.77,350.08,0.6739,1564.15
204.72,840.2,493.94,0.1145,1567.58
461.34,605.27,806.36,0.1521,1845.03
121.69,302.65,479.55,0.7141,886.79
95.89,17.1,298.4,0.6869,404.91
946.82,3.08,844.76,0.2481,1742.23
34.58,26.07,179.74,0.2455,236.72
780.79,413.42,746.23,0.7082,1984.77
18.47,964.13,368.85,0.48,1337.21
8.52,6.0,401.37,0.7426,424.48
147.73,18.19,546.63,0.3749,714.27
383.32,345.35,178.74,0.1057,905.51
526.67,15.63,505.47,0.8429,1039.34
183.57,0.0,883.22,0.5151,1054.19
858.1,985.71,773.67,0.3147,2649.78
962.74,254.09,692.16,0.866,1947.14
692.47,203.58,304.77,0.2739,1198.09
981.12,768.92,188.87,0.8085,1959.98
589.45,805.23,863.4,0.5928,2263.33
389.91,378.94,221.14,0.0805,1005.85
60.36,293.69,393.24,0.0889,741.82
100.72,9.86,571.75,0.5636,676.31
843.05,427.09,614.44,0.589,1862.04
226.59,17.54,268.3,0.717,510.12
959.5,0.06,344.85,0.1893,1282.54
479.61,238.35,538.15,0.1212,1266.1
821.98,224.13,252.85,0.7017,1312.01
912.54,1.62,818.82,0.8484,1760.26
716.2,18.34,211.59,0.6274,942.26
96.48,287.68,856.68,0.0806,1240.88
74.77,0.0,835.48,0.4766,897.89
416.39,991.76,431.94,0.8953,1846.19
947.74,121.39,790.99,0.3505,1854.94
617.18,115.38,451.33,0.2031,1177.36
454.21,3.48,633.9,0.7044,1099.24
332.82,199.44,739.42,0.3295,1281.13
736.57,10.53,806.4,0.7614,1558.19
353.75,4.55,526.55,0.221,879.47
400.57,99.08,290.17,0.3062,771.64
690.14,28.62,624.96,0.7186,1371.81
914.44,869.58,132.17,0.3385,1897.0
781.8,0.36,865.83,0.8206,1658.64
204.38,125.69,396.49,0.3743,742.21
139.61,659.66,477.39,0.5907,1279.12
935.05,821.02,604.31,0.3385,2344.52
595.27,577.76,870.29,0.1114,2031.41
391.15,50.25,601.0,0.5425,1038.39
222.55,63.68,487.04,0.7851,760.76
859.37,139.91,217.44,0.7036,1211.34
285.3,7.81,20.23,0.6498,309.65
134.71,7.94,596.0,0.4424,711.54
605.82,0.15,14.58,0.2848,610.19
104.37,1.52,151.02,0.7021,262.45
181.6,283.3,210.29,0.8421,680.94
129.77,84.69,138.79,0.2285,345.46
660.72,1.6,255.7,0.8225,913.37
168.45,151.95,29.98,0.7736,366.87
132.86,527.91,758.48,0.7113,1393.99
526.99,910.04,429.99,0.9047,1892.98
845.0,7.12,834.06,0.818,1666.61
941.22,490.94,519.07,0.6338,1986.46
749.16,207.26,538.27,0.8423,1497.78
717.95,181.0,754.46,0.2349,1644.68
127.64,286.68,687.39,0.6112,1115.81
343.38,261.88,809.55,0.6993,1410.37
508.72,399.37,453.75,0.5822,1376.56
873.95,0.54,459.5,0.6101,1360.39
265.5,2.74,537.44,0.4709,806.85
942.93,32.02,49.76,0.1029,1039.82
116.74,61.48,72.42,0.555,249.04
597.93,968.06,892.71,0.4253,2539.47
681.55,49.71,700.45,0.5915,1446.38
414.83,644.21,498.02,0.6889,1513.44
482.16,25.8,536.7,0.1518,1066.42
102.74,733.38,669.48,0.2131,1489.57
725.85,386.54,301.75,0.5205,1384.37
376.98,175.99,219.61,0.8374,755.15
326.73,40.14,194.59,0.8283,558.49
798.86,576.61,284.6,0.7491,1683.01
348.45,713.03,408.18,0.0997,1463.33
658.0,255.63,324.29,0.6608,1254.32
464.36,10.18,551.93,0.7795,1047.02
27.01,440.94,290.59,0.3414,768.67
486.74,1.8,684.39,0.2086,1151.59
764.35,4.68,682.39,0.6448,1424.97
711.83,59.42,558.05,0.6457,1360.51
468.63,567.04,258.25,0.917,1282.0
37.55,8.02,834.7,0.761,876.36
905.16,15.0,210.2,0.1661,1143.28
514.13,3.06,103.14,0.4014,629.83
574.26,144.15,146.24,0.0619,865.43
772.89,116.41,517.95,0.9155,1414.96
333.81,614.78,493.64,0.5197,1460.83
429.48,683.27,150.56,0.4297,1278.05
705.39,19.75,382.88,0.8477,1123.24
2.25,193.22,393.79,0.0995,590.61
239.11,17.7,710.7,0.3243,937.9
265.52,858.84,696.79,0.431,1780.29
314.83,0.56,387.47,0.5581,726.34
401.54,364.65,805.9,0.8547,1560.48
629.49,151.26,334.11,0.7143,1092.69
894.01,22.84,196.94,0.2966,1114.35
609.54,40.41,590.76,0.5825,1264.23
310.96,42.8,178.89,0.4675,525.26
211.0,888.64,11.84,0.7746,1101.27
905.25,142.08,612.87,0.0945,1664.77
770.7,1.29,704.16,0.3274,1442.57
647.37,0.48,562.16,0.8724,1197.33
253.0,0.0,466.19,0.7079,725.65
368.03,3.29,26.18,0.3425,395.32
900.77,10.14,703.17,0.4828,1570.09
863.07,630.95,361.21,0.3616,1805.29
228.43,234.01,865.75,0.5954,1314.13
242.42,277.13,189.85,0.134,731.76
850.46,55.85,846.31,0.4971,1774.84
826.95,668.75,146.29,0.245,1645.26
445.55,3.73,585.78,0.3765,1048.85
816.59,379.94,619.84,0.0856,1779.78
432.11,765.31,84.63,0.4281,1272.74
319.79,802.76,841.23,0.1013,1909.42
145.57,85.77,808.02,0.116,1020.46
994.46,301.09,320.64,0.2759,1596.94
179.83,0.01,56.46,0.6472,234.08
301.46,309.45,157.3,0.349,769.92
112.42,11.53,113.56,0.4749,237.6
305.18,378.82,588.47,0.3947,1285.11
787.22,223.84,393.1,0.104,1398.29
545.27,973.29,856.45,0.151,2418.54
754.62,317.12,813.2,0.3425,1896.93
870.95,1.12,638.24,0.7788,1513.74
219.17,313.39,77.15,0.8249,625.84
624.16,617.11,455.42,0.5078,1722.93
600.69,369.1,724.65,0.0768,1658.1
432.53,0.96,676.46,0.5206,1109.88
631.37,38.97,654.17,0.2117,1323.01
86.82,85.42,673.21,0.5935,843.87
591.61,112.1,716.89,0.281,1428.08
631.78,241.79,365.0,0.0616,1247.6
844.25,234.71,520.33,0.5231,1619.22
347.67,237.35,113.0,0.8789,694.92
679.79,27.34,777.31,0.7942,1481.22
462.11,882.28,547.11,0.0554,1895.48
361.31,20.99,748.93,0.9208,1156.54
390.36,21.89,807.98,0.8309,1229.61
42.66,0.13,496.26,0.2002,550.25
260.36,357.01,604.49,0.7567,1233.68
766.41,118.09,281.7,0.5993,1183.2
103.87,526.13,512.5,0.608,1144.26
709.99,198.69,302.42,0.5093,1198.33
995.61,432.34,711.15,0.6795,2147.36
243.18,76.13,500.4,0.5445,834.54
973.53,625.62,745.05,0.7973,2335.82
679.2,16.88,770.19,0.3018,1414.22
110.98,163.92,286.92,0.684,551.44
15.53,1.49,832.97,0.2653,854.3
812.55,406.13,28.9,0.7119,1246.05
710.26,21.13,897.71,0.2375,1617.54
167.91,871.47,514.28,0.2723,1555.1
874.81,0.25,578.94,0.5991,1466.85
681.85,585.27,34.23,0.4373,1269.44
405.22,176.39,534.4,0.8823,1125.02
309.79,341.63,641.44,0.9114,1286.37
617.15,67.55,312.6,0.6057,988.85
35.87,470.53,78.12,0.3454,595.12
623.74,295.76,895.05,0.4112,1816.18
137.95,132.85,345.37,0.8718,619.08
451.95,641.3,716.5,0.6925,1820.07
234.67,182.74,104.19,0.5331,506.62
515.01,0.32,28.19,0.8244,537.27
525.7,468.72,227.89,0.7137,1240.32
748.61,0.26,249.43,0.281,989.3
534.48,599.24,524.05,0.7762,1668.54
449.91,284.86,257.8,0.8769,1005.62
72.73,770.56,163.68,0.6631,991.07
241.24,1.43,680.56,0.4482,911.44
761.86,16.35,87.44,0.912,858.51
652.13,36.91,896.14,0.2503,1574.76
318.28,403.51,213.31,0.3315,937.63
649.95,3.32,589.18,0.3929,1226.09
79.02,923.9,623.81,0.1399,1682.86
80.07,158.81,630.13,0.1009,870.18
374.14,12.94,116.87,0.1811,489.61
480.05,509.03,204.37,0.3362,1184.16
454.52,0.93,40.5,0.9463,494.51
54.77,461.11,325.0,0.7668,862.19
26.57,896.66,149.18,0.3175,1070.96
715.93,4.93,123.14,0.3079,831.72
318.22,5.03,873.73,0.7683,1211.02
103.66,0.43,482.38,0.603,587.92
93.26,600.78,440.74,0.3813,1133.55
40.46,9.95,898.64,0.5473,978.18
292.84,6.31,832.23,0.7756,1125.14
951.78,51.84,778.47,0.4708,1713.9
900.69,99.23,160.2,0.2231,1156.09
222.94,58.53,456.01,0.1284,731.52
2.43,2.64,7.57,0.9379,9.94
196.03,1.67,333.37,0.9283,526.43
354.22,48.44,105.6,0.5153,512.47
728.85,7.07,123.6,0.5733,846.83
497.5,493.1,756.98,0.875,1751.02
904.35,356.48,562.42,0.5484,1829.96
560.33,472.71,889.53,0.4398,1961.21
171.09,879.77,530.69,0.6463,1609.99
982.85,0.09,369.42,0.8377,1342.5
569.59,143.53,726.69,0.8764,1442.64
693.14,164.29,596.51,0.2303,1445.73
549.85,0.0,644.78,0.1954,1180.13
860.61,242.21,801.95,0.9385,1902.82
626.63,90.69,732.21,0.684,1462.31
500.03,12.0,709.73,0.8405,1219.35
111.9,973.94,160.3,0.7129,1266.13
521.35,1.27,124.06,0.5701,647.36
797.46,918.27,731.09,0.4153,2501.27
156.69,336.71,402.62,0.8216,893.78
170.54,69.42,609.25,0.8221,863.08
669.49,5.23,814.24,0.5677,1484.11
396.85,832.02,648.1,0.1883,1852.09
271.75,578.76,704.54,0.4951,1545.38
852.69,615.18,454.71,0.6955,1907.6
348.85,841.38,662.65,0.1149,1879.57
395.74,12.32,895.45,0.1722,1293.57
848.72,2.31,338.53,0.6208,1218.16
408.82,166.48,857.42,0.8338,1412.91
569.43,278.82,293.19,0.2878,1179.45
414.98,741.38,147.2,0.087,1303.82
896.12,72.39,678.5,0.8111,1650.02
654.44,400.56,321.74,0.9014,1358.74
486.73,0.44,827.07,0.5207,1312.21
732.1,324.46,125.87,0.2974,1160.79
969.59,66.55,121.13,0.3668,1157.84
300.42,228.44,7.13,0.7848,524.09
783.51,27.94,569.13,0.3787,1376.66
709.1,600.23,747.89,0.258,2047.72
267.07,248.19,330.48,0.761,835.36
289.98,655.81,666.0,0.5594,1615.06
319.31,8.4,75.05,0.6912,396.39
495.39,704.53,604.0,0.2023,1767.82
214.83,474.39,69.94,0.1775,764.46
280.28,3.42,193.42,0.375,466.32
152.52,0.0,778.49,0.3197,943.54
27.77,727.97,470.83,0.5994,1263.09
522.19,455.22,815.48,0.627,1798.0
480.19,220.4,181.11,0.1943,877.99
284.82,558.28,24.88,0.5922,854.41
593.2,16.04,141.61,0.4692,761.84
378.27,253.7,842.61,0.606,1473.95
557.0,105.22,506.53,0.5632,1212.4
788.37,59.66,97.69,0.6287,951.11
780.02,16.03,582.32,0.9487,1434.39
522.76,28.48,712.1,0.3423,1229.79
160.45,0.3,93.69,0.2843,246.61
150.43,0.04,768.11,0.3874,901.33
83.8,746.99,454.0,0.1306,1281.14
365.57,44.14,367.4,0.5073,805.96
146.41,429.29,24.43,0.6793,603.73
446.82,177.08,582.64,0.7619,1203.93
880.13,871.12,878.44,0.3376,2619.66
715.8,15.98,690.92,0.0545,1411.53
70.14,679.96,586.18,0.1955,1336.34
505.2,679.24,479.1,0.5454,1645.91
728.5,0.13,871.16,0.5956,1559.74
781.07,10.38,260.17,0.3002,1023.34
15.91,565.51,484.07,0.5821,1029.53
124.36,82.94,264.27,0.8529,469.93
162.66,345.83,493.53,0.1235,979.05
147.44,532.42,746.95,0.5974,1424.76
317.12,64.44,255.95,0.573,645.03
19.97,203.16,238.08,0.6679,459.66
611.06,969.4,578.63,0.7455,2154.59
805.44,59.59,390.92,0.3517,1267.18
374.64,964.03,542.7,0.3521,1876.82
780.61,523.84,573.39,0.0521,1935.22
909.8,662.25,604.0,0.0744,2152.11
67.81,3.34,565.11,0.4656,635.21
633.14,0.0,578.53,0.8224,1193.4
157.41,41.91,107.58,0.7263,308.62
484.43,26.93,708.39,0.7623,1198.53
124.42,100.78,806.46,0.5757,1032.9
294.67,40.41,105.41,0.3585,433.19
538.98,61.07,752.18,0.3945,1327.57
84.23,16.11,627.63,0.6136,734.6
858.17,16.16,423.71,0.2014,1309.68
370.92,353.51,750.34,0.3265,1465.45
887.66,474.99,621.3,0.4164,1942.2
723.43,0.81,489.12,0.1047,1228.27
568.41,0.21,377.88,0.2232,934.35
913.28,31.16,26.39,0.8579,983.57
796.85,45.26,71.74,0.9274,896.03
356.61,469.48,603.63,0.0877,1400.02
556.06,6.67,14.37,0.547,591.36
99.62,161.81,388.55,0.4439,672.29
295.89,691.18,310.07,0.2116,1290.57
940.64,0.01,197.24,0.3564,1143.47
375.8,0.01,465.26,0.846,845.91
991.6,40.14,110.22,0.1126,1183.47
748.21,247.17,447.08,0.4616,1478.51
363.84,106.95,189.3,0.156,672.55
970.96,972.32,676.36,0.8035,2684.79
123.03,0.8,56.88,0.7226,177.61
949.04,279.77,153.79,0.7858,1366.94
563.89,0.75,360.7,0.5437,951.84
298.5,665.7,225.66,0.9484,1163.37
832.95,2.31,683.38,0.8261,1507.28
101.33,999.73,873.95,0.7311,1980.37
134.4,73.06,648.31,0.1871,858.48
904.04,342.99,624.46,0.9025,1861.18
318.08,752.15,887.23,0.0684,1918.49
362.41,1.38,199.42,0.072,570.45
106.91,699.35,525.58,0.3705,1322.32
650.67,427.0,790.0,0.7769,1882.2
729.84,53.79,586.65,0.5591,1400.37
500.94,10.91,411.96,0.4232,911.01
581.03,852.03,252.97,0.9222,1701.67
182.92,22.06,818.39,0.7712,1020.45
584.57,21.25,566.78,0.2062,1139.12
388.53,155.47,215.39,0.705,753.55
639.99,736.51,711.45,0.0896,2135.12
659.97,376.17,871.11,0.053,1810.94
831.75,708.62,417.99,0.4854,1980.65
459.97,488.24,853.86,0.2857,1809.28
938.6,76.39,14.15,0.5022,1044.08
244.74,384.89,209.65,0.1577,849.98
529.33,611.93,57.77,0.3853,1180.8
801.73,227.7,706.53,0.3547,1710.41
813.66,767.28,236.52,0.0559,1774.74
492.58,472.65,87.74,0.5859,1035.24
514.6,3.97,821.11,0.2149,1324.56
5.61,3.83,449.4,0.0869,451.06
184.33,383.51,781.46,0.7327,1330.74
496.35,1.37,368.15,0.8056,863.81
251.65,564.73,365.33,0.2618,1203.87
155.73,490.44,160.27,0.9167,813.76
276.43,951.64,103.01,0.8236,1322.65
173.88,163.1,10.73,0.5658,338.81
408.53,560.32,837.67,0.5304,1792.98
145.86,994.3,772.12,0.9041,1917.34
322.91,10.89,459.94,0.1243,795.57
369.92,385.72,563.12,0.2719,1336.08
311.11,15.36,376.7,0.1921,693.56
259.85,0.01,270.79,0.4702,536.29
180.48,35.09,26.44,0.1176,247.6
499.93,418.95,686.86,0.8726,1615.0
101.5,1.41,447.11,0.5805,537.53
486.28,944.65,458.06,0.8918,1845.17
444.02,2.39,293.33,0.3727,740.73
961.7,4.88,18.07,0.7976,983.22
751.17,36.49,142.67,0.2882,940.49
385.85,0.98,417.39,0.7693,797.56
896.71,1.87,590.38,0.2665,1519.83
10.35,74.82,865.71,0.1516,947.66
726.62,32.52,54.41,0.7998,810.92
127.83,609.43,749.9,0.5693,1472.44
39.48,122.15,870.29,0.7477,1031.93
623.53,9.6,199.91,0.2204,840.47
499.29,29.73,700.16,0.8547,1182.58
191.31,994.01,42.33,0.5447,1198.87
937.66,34.32,862.24,0.9255,1823.29
792.72,407.22,857.49,0.2513,2087.52
113.49,47.39,361.65,0.9458,518.41
554.73,254.23,610.06,0.1581,1434.03
634.72,737.17,861.56,0.2615,2282.72
683.75,117.28,669.21,0.8136,1468.72
878.73,18.7,872.46,0.4372,1794.95
199.94,144.83,56.96,0.7114,394.79
843.12,314.92,107.04,0.9356,1221.71
632.77,20.34,744.59,0.3906,1391.86
4.48,190.44,225.66,0.8797,416.8
952.07,59.2,595.56,0.4566,1598.05
324.26,35.46,329.35,0.498,689.67
207.47,276.29,275.36,0.1244,744.92
785.78,862.85,360.24,0.7313,2021.75
619.02,0.07,64.56,0.2257,680.04
192.07,470.22,102.12,0.8546,765.02
727.09,4.87,282.85,0.4957,1006.67
548.32,0.42,831.31,0.4296,1411.24
576.99,477.62,62.58,0.6827,1112.58
439.2,0.0,222.63,0.8969,673.31
13.61,819.66,776.72,0.4644,1608.2
583.77,544.86,257.46,0.2055,1373.47
767.93,89.96,814.51,0.5973,1691.39
103.16,83.12,611.3,0.4171,813.54
695.42,222.2,254.29,0.4496,1151.15
626.91,92.98,234.0,0.1531,942.23
820.31,230.69,514.21,0.1727,1590.41
483.87,98.24,217.88,0.1614,789.35
556.34,641.77,604.79,0.7883,1765.65
106.03,231.33,494.41,0.1368,843.81
181.9,1.27,886.71,0.5501,1057.41
98.06,770.4,848.32,0.2813,1693.86
645.55,1.37,483.26,0.2468,1117.31
603.06,29.81,495.32,0.2861,1114.8
932.23,113.89,451.22,0.4936,1481.51
681.74,0.03,106.16,0.5701,789.43
117.01,127.1,578.25,0.4107,808.95
342.63,241.83,689.14,0.9102,1279.1
351.58,375.18,724.03,0.4232,1521.94
152.47,310.15,400.38,0.1696,874.6
989.88,0.14,463.97,0.8922,1431.13
341.72,5.05,378.65,0.3367,714.11
595.96,453.41,570.74,0.8528,1644.84
518.65,1.7,723.38,0.6927,1231.07
231.96,284.99,75.8,0.7585,603.92
593.48,27.97,429.52,0.7706,1060.31
33.09,0.46,67.03,0.4631,104.47
412.67,339.86,791.88,0.2493,1542.48
978.08,244.97,663.5,0.4847,1902.91
959.94,844.62,290.5,0.2262,2106.99
497.82,790.86,36.85,0.6004,1280.94
379.7,229.19,399.43,0.1089,1004.98
89.06,321.38,279.09,0.7723,680.0
935.03,401.53,652.37,0.3242,2010.25
745.57,376.38,623.06,0.0572,1748.74
67.47,0.03,695.56,0.5422,762.53
85.6,464.81,83.56,0.2496,639.77
692.58,0.79,66.5,0.4158,771.76
246.76,200.38,323.46,0.5798,754.43
843.16,7.51,76.61,0.1565,919.14
324.35,0.02,749.28,0.8141,1066.07
356.48,353.02,517.15,0.6461,1216.22
874.72,42.39,242.3,0.4017,1172.5
994.17,269.85,806.77,0.9059,2053.14
800.52,741.93,135.01,0.2922,1682.81
622.84,453.51,310.5,0.8084,1396.82
372.02,315.42,766.83,0.3524,1451.34
691.83,79.41,159.9,0.8187,940.11
246.34,653.55,577.76,0.4384,1479.46
183.24,0.31,818.48,0.0903,1011.06
752.1,713.9,638.74,0.2679,2101.07
961.38,343.12,745.02,0.4517,2044.5
980.77,45.39,288.47,0.0887,1251.21
240.67,16.37,568.81,0.7149,822.63
944.54,4.23,474.61,0.6056,1458.89
656.85,254.7,712.53,0.7827,1660.36
939.7,140.55,635.35,0.4122,1707.85
7.44,49.67,823.08,0.6575,886.67
522.69,48.98,727.9,0.1534,1277.16
712.07,211.13,246.99,0.7639,1159.49
360.93,18.96,597.51,0.381,993.55
450.56,96.13,746.66,0.9075,1270.98
88.23,38.54,170.65,0.6469,301.87
982.45,89.73,94.91,0.5886,1133.35
177.98,51.06,214.37,0.2275,437.08
810.01,694.72,234.28,0.4536,1809.57
988.68,613.98,444.63,0.8331,2020.12
113.52,0.6,842.64,0.882,952.1
661.82,28.31,631.26,0.4516,1353.04
440.6,94.54,848.48,0.8465,1405.25
278.47,26.83,10.41,0.5274,310.06
124.6,971.0,685.16,0.2148,1791.7
340.63,253.45,423.44,0.175,999.98
961.69,418.73,563.92,0.8092,1992.32
888.2,1.29,116.51,0.769,981.81
562.54,896.58,596.53,0.1268,2085.9
839.21,153.86,669.52,0.3664,1680.83
413.24,146.47,572.9,0.0985,1155.14
82.41,210.57,371.62,0.5001,664.58
40.47,504.47,630.62,0.6691,1184.19
651.72,125.34,684.51,0.1372,1422.84
894.17,0.44,476.68,0.272,1388.22
706.58,416.54,892.44,0.9119,2054.23
915.62,690.84,651.09,0.2819,2244.46
435.61,0.06,255.52,0.116,689.78
616.55,1.38,786.54,0.1371,1407.34
500.98,197.26,287.19,0.6918,1005.22
252.69,93.07,102.09,0.9195,455.01
144.05,504.49,648.34,0.4375,1325.56
500.62,9.63,712.13,0.8859,1226.6
6.72,226.18,659.5,0.2848,882.91
167.64,514.22,788.68,0.2038,1468.23
28.05,264.47,491.83,0.7504,786.08
353.88,2.55,45.97,0.5259,404.99
766.0,60.75,885.35,0.2156,1677.13
230.14,4.76,772.5,0.472,1004.06
748.04,3.85,109.73,0.4521,852.97
423.21,9.53,195.78,0.5089,629.94
438.95,0.04,785.82,0.6081,1220.7
768.57,119.54,459.64,0.2805,1338.87
878.15,3.19,561.34,0.2452,1461.73
533.02,1.81,70.66,0.4857,603.82
921.0,340.06,807.13,0.8855,2077.99
879.86,880.53,407.38,0.6224,2111.46
98.66,18.11,72.49,0.4881,185.37
5.23,11.99,66.39,0.9192,83.65
30.99,539.33,744.54,0.7747,1315.74
468.43,13.72,783.4,0.8012,1275.0
580.72,172.75,438.78,0.5978,1185.24
454.64,21.92,2.14,0.5173,462.82
431.24,1.38,455.06,0.2931,886.32
780.01,247.48,475.12,0.6099,1521.0
123.04,45.47,709.99,0.5974,868.92
902.28,15.56,822.99,0.6463,1758.22
503.21,102.98,66.51,0.0992,652.77
203.56,0.65,21.99,0.9305,240.34
984.69,161.43,172.65,0.1808,1280.54
363.78,8.61,745.22,0.3803,1112.59
501.23,286.89,897.66,0.4492,1651.32
974.08,992.88,702.84,0.7679,2640.56
538.9,43.54,556.97,0.7932,1161.36
535.19,465.43,187.98,0.5993,1186.24
52.15,16.33,22.73,0.0558,101.1
700.67,56.2,558.98,0.2223,1332.94
362.59,353.7,116.95,0.7863,837.24
970.27,66.61,785.7,0.4209,1764.08
687.63,6.13,719.87,0.3514,1413.45
481.44,154.86,661.17,0.6486,1304.68
658.95,200.48,726.46,0.32,1564.41
735.16,157.31,810.55,0.9186,1681.33
547.56,428.87,300.9,0.0633,1267.86
781.5,0.0,777.24,0.8433,1532.31
17.25,672.27,63.47,0.259,748.03
816.53,477.88,613.06,0.7958,1931.14
637.69,4.72,395.93,0.4562,1033.0
405.52,11.71,80.7,0.5417,489.75
190.38,487.06,729.08,0.6448,1430.24
632.69,362.96,209.98,0.1696,1185.11
424.31,3.6,172.54,0.4997,595.72
537.86,947.06,35.65,0.7577,1539.35
752.91,397.78,557.86,0.618,1721.19
747.6,2.28,324.75,0.8078,1065.93
136.94,889.3,889.05,0.5114,1905.28
292.02,137.52,871.91,0.2791,1295.28
897.5,56.8,875.27,0.3646,1828.35
953.73,13.31,624.71,0.0926,1645.35
220.07,512.48,869.94,0.0907,1650.49
715.78,989.34,326.74,0.9455,2043.95
719.31,55.7,483.22,0.6983,1282.45
288.4,173.01,751.52,0.4776,1223.51
327.53,4.1,59.38,0.4155,391.41
760.01,0.59,286.64,0.7771,1049.23
940.02,389.47,867.49,0.6488,2200.57
800.27,11.55,508.51,0.3857,1335.86
759.49,644.74,222.25,0.9478,1615.93
386.7,2.08,314.48,0.1456,720.86
112.92,79.79,600.81,0.4578,794.27
240.99,143.79,821.86,0.3679,1236.05
932.84,124.49,777.82,0.8964,1839.79
785.84,279.41,888.05,0.577,1973.98
345.69,222.98,700.72,0.9202,1271.62
78.89,930.59,542.38,0.0655,1543.79
936.04,954.0,293.14,0.7537,2240.18
398.01,435.85,242.97,0.4337,1043.24
142.64,54.57,863.31,0.427,1072.58
285.07,648.02,562.41,0.9054,1488.21
538.03,6.97,122.3,0.5768,670.65
199.79,347.31,604.4,0.4843,1147.11
593.91,847.93,687.34,0.8479,2065.88
811.0,976.26,147.12,0.5101,1908.07
396.63,131.28,672.86,0.7922,1220.73
391.11,61.4,137.54,0.132,606.99
851.99,862.58,860.67,0.9452,2524.98
396.8,0.55,610.1,0.9252,1014.59
526.33,151.64,146.95,0.8001,828.89
420.46,890.16,222.65,0.3969,1528.9
479.98,219.71,430.03,0.305,1115.71
850.13,20.85,897.63,0.0591,1764.55
947.37,0.2,564.82,0.7544,1523.07
880.12,2.33,853.88,0.5455,1761.77
525.18,39.07,409.9,0.1908,988.46
389.62,101.86,818.62,0.8663,1319.67
30.02,744.61,169.86,0.4445,948.3
95.04,2.36,518.45,0.4709,613.87
809.66,716.15,892.29,0.1607,2383.84
871.34,13.91,432.03,0.0565,1310.03
125.56,354.24,560.02,0.0848,1028.53
68.14,8.27,811.23,0.4525,885.01
314.31,1.36,799.37,0.1974,1127.64
701.23,207.27,835.19,0.9389,1755.17
226.59,261.12,132.06,0.538,602.61
888.13,773.86,232.95,0.1361,1925.64
149.9,5.22,226.96,0.3568,379.71
322.23,0.01,720.89,0.2872,1027.77
646.92,110.97,875.06,0.398,1619.02
577.44,2.75,249.13,0.867,828.52
465.73,109.4,510.11,0.1258,1083.8
579.99,33.13,192.05,0.6326,815.25
327.07,823.69,699.92,0.5865,1807.34
648.1,325.29,523.14,0.6242,1488.58
334.99,706.74,123.4,0.5807,1173.76
14.16,904.57,795.01,0.6936,1686.67
867.72,5.0,629.94,0.3591,1501.48
533.33,449.13,150.32,0.2678,1164.15
395.23,147.05,652.98,0.2027,1219.47
325.65,770.28,123.83,0.3842,1196.19
834.87,301.39,494.04,0.8049,1615.9
924.07,261.07,655.09,0.7478,1854.1
733.07,5.83,683.62,0.4013,1447.1
102.53,13.88,456.97,0.2722,570.2
964.39,0.09,117.59,0.2726,1089.5
271.27,7.03,137.58,0.1849,401.58
708.12,30.12,404.5,0.6154,1123.66
743.15,517.84,879.96,0.393,2146.96
746.9,1.78,394.74,0.7145,1126.8
367.15,136.08,220.7,0.1167,723.58
58.31,940.2,402.87,0.8441,1412.98
449.37,74.28,804.08,0.0812,1368.32
268.61,426.55,753.05,0.608,1444.23
555.0,189.26,571.62,0.88,1283.78
201.57,6.88,627.53,0.8644,826.08
420.67,907.57,130.75,0.8416,1494.76
799.5,38.07,588.22,0.3123,1364.84
107.37,0.0,880.52,0.6396,977.75
579.08,237.26,164.64,0.31,974.08
839.79,2.18,772.5,0.5981,1651.0
143.94,166.29,318.27,0.2201,627.79
460.57,0.51,271.92,0.2134,726.51
243.06,129.86,670.97,0.1927,1053.12
653.28,686.02,588.69,0.1221,1940.94
350.93,58.53,847.46,0.0821,1263.04
492.46,0.64,435.18,0.1464,943.31
270.08,143.06,556.49,0.3252,987.17
510.52,522.51,407.42,0.4918,1465.05
425.21,382.78,4.42,0.4847,824.07
615.9,115.07,694.82,0.4037,1412.53
195.16,1.92,22.97,0.7084,229.01
939.35,5.53,219.59,0.6249,1160.51
503.41,1.89,145.26,0.5109,659.35
212.03,19.96,255.7,0.1776,477.15
692.2,1.36,321.44,0.2053,1038.93
939.48,2.56,791.83,0.8077,1745.8
258.37,573.81,750.67,0.5228,1562.21
192.96,0.18,161.85,0.5076,345.87
653.24,216.98,673.16,0.6259,1520.73
815.36,29.84,835.3,0.1546,1684.6
500.52,77.18,386.74,0.088,962.12
352.35,108.28,762.83,0.5694,1245.44
137.08,22.38,205.14,0.8477,360.92
834.1,183.91,198.67,0.3893,1203.36
18.98,261.7,769.38,0.3431,1061.92
483.56,0.0,255.59,0.5251,760.15
402.03,6.46,54.94,0.6932,478.07
647.1,10.9,679.22,0.3599,1321.07
510.23,391.33,839.25,0.9238,1722.88
611.87,173.01,480.19,0.1531,1270.2
965.27,2.04,280.67,0.1193,1253.79
481.67,45.89,428.92,0.7727,970.05
757.97,499.22,523.02,0.3338,1771.53
363.9,0.12,122.48,0.8524,490.87
447.39,331.33,516.28,0.638,1317.97
662.24,0.0,236.93,0.1612,886.04
145.82,164.0,162.6,0.4228,482.41
439.98,527.48,285.21,0.6857,1240.11
234.21,27.95,272.32,0.7181,531.23
977.77,324.93,361.04,0.9482,1654.76
543.56,0.16,761.81,0.3795,1325.14
927.28,0.03,871.22,0.5227,1785.93
473.04,543.15,792.5,0.3935,1788.97
998.62,434.02,861.19,0.713,2254.52
827.15,295.86,29.76,0.2052,1155.19
743.56,506.51,744.2,0.1105,1973.66
299.44,316.16,757.97,0.8324,1396.17
767.42,263.1,834.06,0.7456,1852.57
783.19,29.3,707.53,0.7531,1476.67
242.4,611.96,152.15,0.7447,993.38
35.8,245.33,593.63,0.7836,859.23
909.43,981.48,604.89,0.4369,2489.23
54.71,427.02,62.97,0.3403,546.26
726.04,210.04,629.28,0.1081,1599.29
406.17,218.6,92.1,0.6325,714.86
905.92,91.01,91.86,0.1431,1087.41
239.81,505.66,650.15,0.119,1340.96
96.13,484.9,100.46,0.3887,680.99
253.63,1.46,708.48,0.6719,961.0
641.55,0.4,574.77,0.7903,1242.55
135.69,311.07,712.2,0.3678,1131.04
167.37,87.53,673.18,0.2291,942.77
629.07,41.42,786.74,0.9111,1462.22
782.4,745.39,631.67,0.746,2194.86
823.76,20.7,63.72,0.5805,871.84
79.85,226.49,88.7,0.8485,389.36
738.19,23.8,506.29,0.0782,1233.21
263.84,94.21,160.98,0.9379,527.98
416.94,16.5,487.43,0.8648,930.72
140.81,0.41,530.42,0.5919,666.7
835.96,1.06,819.47,0.7964,1657.01
347.06,414.47,558.61,0.3677,1320.64
592.46,191.59,139.12,0.8657,918.42
287.1,51.47,614.67,0.1235,961.95
414.48,6.12,100.87,0.4211,526.11
137.3,112.31,452.19,0.9329,694.83
12.17,108.44,19.43,0.5101,129.3
903.51,120.03,764.91,0.5755,1794.5
229.71,6.14,715.09,0.8447,939.97
494.61,23.76,409.76,0.8325,928.64
291.49,336.1,279.56,0.123,878.31
676.39,952.78,802.93,0.5557,2447.95
571.39,120.48,153.57,0.313,832.2
985.6,225.38,850.39,0.2828,2077.6
978.38,35.81,481.78,0.114,1466.02
0.68,743.71,148.83,0.2151,899.73
386.23,16.78,536.8,0.279,932.87
45.55,156.95,116.48,0.8034,320.89
285.46,152.08,519.64,0.6498,968.8
652.53,4.86,423.92,0.1346,1070.52
401.41,235.39,440.83,0.0741,1087.09
264.56,307.46,577.29,0.2192,1165.82
367.06,183.78,301.22,0.8566,826.08
426.58,347.91,702.62,0.4438,1456.19
85.09,34.93,659.32,0.6383,785.95
4.39,265.44,507.96,0.7452,774.62
246.9,393.67,437.74,0.5673,1099.28
204.54,13.38,710.6,0.7053,933.58
143.88,0.02,615.44,0.535,749.26
708.26,602.87,374.37,0.7945,1661.9
707.82,167.41,829.28,0.3831,1720.43
598.09,996.05,69.54,0.5883,1687.88
884.19,501.51,595.66,0.4823,1969.31
554.34,23.71,737.48,0.5113,1317.4
664.35,0.01,648.08,0.4733,1313.44
157.22,370.54,650.95,0.7174,1213.0
640.51,165.7,209.77,0.0707,1021.65
814.92,33.46,674.1,0.6257,1558.06
0.58,80.07,353.57,0.1749,425.98
955.48,1.78,207.85,0.6192,1184.04
934.0,807.85,396.13,0.9373,2134.27
704.44,172.05,719.5,0.609,1579.05
343.89,23.87,681.52,0.4979,1060.3
375.02,513.26,831.53,0.7343,1668.7
811.65,8.06,521.62,0.5848,1353.3
15.3,914.15,653.47,0.0702,1576.93
69.78,219.69,406.45,0.7452,710.07
786.38,50.16,771.2,0.8297,1600.46
263.72,974.51,735.96,0.8165,1972.33
826.14,10.33,457.43,0.6839,1286.18
243.62,125.14,269.79,0.6038,621.66
408.32,207.06,891.47,0.4959,1520.76
989.21,792.44,605.67,0.5403,2402.39
623.85,580.04,883.43,0.2039,2077.02
884.43,638.2,644.99,0.1434,2211.98
469.06,51.17,225.62,0.3362,743.3
161.95,132.11,43.38,0.4196,343.74
738.98,0.32,619.05,0.2265,1325.27
294.17,815.2,49.0,0.8429,1177.09
362.79,680.64,365.67,0.6785,1425.33
286.39,0.38,781.31,0.2582,1053.13
315.04,71.42,387.28,0.4711,764.27
245.09,225.06,264.72,0.1678,727.48
552.4,223.64,237.35,0.9386,1038.2
832.04,0.04,625.7,0.3231,1469.67
836.6,380.83,323.67,0.7092,1537.22
63.49,294.86,843.13,0.1253,1189.13
839.73,212.38,436.86,0.2635,1470.49
396.3,263.73,283.2,0.4896,956.07
209.98,407.52,565.78,0.5827,1191.24
364.81,165.3,689.16,0.6854,1208.82
209.42,473.98,301.87,0.2598,964.27
830.33,242.03,757.18,0.5553,1773.92
556.57,269.39,50.72,0.6527,855.98
242.08,1.43,312.47,0.1042,557.53
545.94,773.15,465.81,0.7068,1797.56
699.66,30.86,373.82,0.1578,1104.6
302.44,165.28,829.37,0.6646,1295.46
514.65,218.36,765.14,0.7644,1511.69
919.64,3.2,248.48,0.0805,1176.72
414.05,14.05,11.35,0.0595,432.95
734.81,340.65,707.16,0.6748,1790.07
925.73,78.85,408.08,0.8479,1447.67
312.82,625.05,467.7,0.4281,1372.36
888.72,698.78,190.98,0.8095,1773.45
691.53,0.11,500.16,0.2467,1197.7
561.63,235.33,218.96,0.4292,1023.42
812.04,228.76,101.73,0.4557,1135.85
538.92,103.71,20.1,0.2368,665.58
544.33,0.15,537.9,0.5029,1077.99
1.96,37.74,701.72,0.1697,741.51
542.45,436.2,879.17,0.2864,1875.22
340.66,0.6,714.15,0.0609,1018.0
794.55,260.18,532.03,0.8111,1581.47
736.39,5.87,18.32,0.3311,747.83
192.62,359.18,503.02,0.8781,1055.98
826.13,735.1,725.72,0.1563,2321.04
401.81,36.62,796.88,0.5218,1235.52
387.16,744.93,64.55,0.451,1198.34
449.63,393.34,324.79,0.7963,1169.87
811.86,154.41,573.85,0.5258,1554.37
689.17,1.76,691.72,0.3697,1379.97
643.67,231.07,653.24,0.9485,1508.68
973.32,192.88,322.09,0.66,1480.65
966.29,85.8,9.57,0.6398,1027.07
88.92,0.01,794.67,0.0803,889.11
489.44,756.15,820.03,0.8788,2077.57
473.5,562.88,108.14,0.153,1134.27
29.43,56.13,175.45,0.1256,241.8
165.95,80.61,230.56,0.4921,474.87
659.72,186.9,459.61,0.1687,1294.5
905.27,552.42,58.27,0.8064,1481.88
801.96,540.97,884.73,0.0997,2221.88
968.44,168.81,614.07,0.3757,1774.32
978.43,47.3,504.78,0.2694,1568.15
258.41,763.41,262.63,0.9022,1244.08
872.06,215.81,102.44,0.3161,1191.37
667.54,45.16,175.81,0.7959,898.53
479.07,43.0,344.02,0.078,887.29
366.55,112.66,321.44,0.3697,788.01
670.36,531.88,64.61,0.8367,1295.38
989.11,2.14,438.03,0.8951,1429.18
60.2,659.19,754.69,0.7522,1480.25
632.29,366.94,356.98,0.7556,1368.01
183.63,633.62,305.39,0.1011,1092.66
799.02,516.6,306.8,0.5929,1627.34
2.29,17.43,472.78,0.5903,492.17
867.66,883.5,107.29,0.7915,1883.38
502.4,116.98,674.85,0.238,1277.41
261.35,0.62,497.59,0.2917,772.98
650.41,11.29,775.41,0.3623,1466.06
267.32,7.6,774.25,0.8768,1027.51
314.97,346.79,204.63,0.8278,870.1
142.12,1.76,286.04,0.8295,430.31
107.47,0.49,259.59,0.6078,358.99
114.22,440.36,569.04,0.9348,1115.49
327.32,1.7,827.19,0.0839,1164.59
530.74,184.99,524.09,0.6954,1240.38
719.35,703.82,27.4,0.0822,1463.24
311.94,94.24,279.06,0.5508,673.38
759.95,44.89,234.52,0.542,1040.79
622.11,228.72,805.01,0.0535,1662.54
786.75,198.73,56.26,0.8983,1052.56
486.0,473.8,536.41,0.386,1508.15
453.43,107.34,640.83,0.4757,1197.1
684.65,0.34,761.7,0.6874,1477.98
454.16,5.1,589.5,0.1485,1064.99
183.34,212.64,136.04,0.135,538.14
709.75,13.56,447.94,0.769,1181.28
597.13,10.67,112.05,0.1841,734.24
86.62,3.48,185.12,0.7592,279.06
790.9,73.52,715.26,0.8559,1610.64
986.37,811.93,13.82,0.5577,1819.97
843.16,305.31,619.43,0.3107,1740.4
63.29,284.11,181.82,0.739,526.8
174.78,499.72,753.75,0.0977,1413.71
192.7,2.02,723.2,0.3139,911.72
3.68,0.5,549.22,0.3832,552.96
82.24,242.69,632.59,0.6001,949.58
249.33,451.53,499.19,0.7592,1176.92
127.03,61.87,350.88,0.1656,549.86
80.78,0.14,29.83,0.777,119.15
425.68,6.51,295.53,0.7867,719.12
238.69,0.03,277.76,0.3968,516.04
681.43,1.93,73.66,0.6972,759.57
184.03,453.85,267.74,0.3273,886.39
226.51,0.06,604.77,0.8162,818.87
255.41,41.5,353.29,0.7918,655.71
614.11,150.8,754.63,0.3253,1502.45
130.58,250.74,491.18,0.5831,874.93
42.49,181.8,72.96,0.8867,295.43
179.95,213.68,118.82,0.8926,501.73
317.76,314.99,2.28,0.3091,620.07
346.18,0.62,871.19,0.4711,1243.74
59.51,602.97,587.73,0.6609,1239.4
526.07,254.85,809.81,0.1626,1580.39
982.69,684.96,462.59,0.7527,2128.14
466.86,0.94,432.58,0.3662,903.24
959.05,366.73,707.24,0.5871,2040.84
584.7,314.81,537.61,0.1644,1443.68
297.55,62.44,495.64,0.9299,856.38
41.88,919.62,861.73,0.2285,1858.33
919.62,0.0,679.27,0.2119,1584.37
20.95,330.29,735.1,0.0821,1085.99
118.76,0.49,828.6,0.8807,960.76
890.21,0.0,460.51,0.8345,1354.78
367.03,34.2,629.98,0.1042,1023.67
249.68,141.89,173.3,0.7109,572.66
540.83,859.32,361.86,0.3078,1719.42
37.93,22.23,621.44,0.22,682.14
482.18,14.87,334.13,0.3054,839.91
109.9,622.12,133.94,0.3042,864.43
354.21,132.69,512.19,0.2831,988.42
939.36,0.0,536.61,0.3382,1508.93
96.59,0.22,364.41,0.6564,462.87
811.23,38.11,828.23,0.8652,1672.56
737.01,216.88,715.04,0.2103,1650.07
565.21,478.17,444.42,0.6179,1508.42
424.41,48.54,666.53,0.2305,1146.84
829.28,639.91,822.58,0.4424,2299.77
444.1,1.05,44.63,0.1072,492.75
359.81,939.04,217.08,0.8717,1503.78
861.12,483.3,875.78,0.1578,2159.6
342.84,22.96,402.14,0.4828,751.65
264.68,757.76,150.28,0.6485,1189.7
960.38,255.58,57.79,0.8812,1264.34
927.4,0.0,196.82,0.3006,1140.0
797.95,250.15,55.82,0.4403,1077.3
358.72,73.85,434.35,0.5486,868.44
210.12,733.11,745.09,0.758,1703.26
525.46,865.68,329.35,0.428,1691.41
869.0,90.51,763.21,0.6199,1727.23
905.5,127.4,764.23,0.7812,1822.57
871.13,4.28,732.47,0.73,1660.17
920.88,216.6,304.74,0.5839,1430.99
364.62,16.44,440.72,0.8585,823.27
897.26,107.25,852.29,0.7624,1831.13
448.22,993.32,858.33,0.4192,2313.61
909.73,15.96,465.85,0.7314,1403.76
805.68,9.4,431.08,0.3877,1207.98
233.16,101.43,239.02,0.0993,558.35
224.52,12.55,42.08,0.5024,276.26
565.5,378.76,41.34,0.2304,980.39
879.76,1.32,669.45,0.9082,1609.5
333.01,455.76,841.66,0.2721,1633.36
731.56,65.95,602.58,0.5442,1385.16
538.72,137.88,602.37,0.1871,1280.02
50.69,246.52,481.2,0.8055,796.52
432.55,286.18,272.98,0.3991,1002.42
100.7,548.84,874.75,0.4903,1523.68
88.34,0.09,790.9,0.448,879.66
362.83,203.36,606.45,0.095,1182.88
799.72,0.01,52.94,0.5199,864.38
973.24,1.32,684.79,0.764,1661.45
43.52,919.56,739.54,0.5969,1668.65
240.16,41.65,771.65,0.735,1072.51
422.54,770.59,806.14,0.0666,2060.0
799.88,294.2,200.6,0.7533,1318.5
602.14,816.5,215.66,0.0998,1619.34
728.42,30.54,421.57,0.501,1190.06
693.08,20.34,245.71,0.3425,955.99
134.28,546.16,748.53,0.2841,1471.91
570.73,361.18,792.4,0.3275,1712.29
308.53,736.11,269.63,0.6128,1307.26
369.78,43.39,675.29,0.3079,1103.18
9.41,31.51,244.93,0.5401,289.24
980.47,162.89,65.47,0.7785,1197.85
837.23,66.66,55.51,0.9296,969.08
461.61,47.58,332.03,0.7641,838.14
489.86,18.73,501.05,0.2437,987.73
533.26,408.2,851.37,0.2688,1845.73
348.65,222.59,329.83,0.1373,915.89
35.56,0.08,795.8,0.8333,826.22
18.0,40.39,311.64,0.6988,366.13
354.24,75.01,202.19,0.7051,623.21
705.48,353.24,140.59,0.8469,1185.0
583.01,0.64,150.53,0.133,743.08
265.51,573.44,392.36,0.4569,1225.06
577.77,58.12,885.11,0.4662,1543.92
382.0,299.7,698.23,0.6158,1409.8
942.3,134.0,743.42,0.0579,1822.08
935.58,325.96,102.76,0.689,1359.85
368.68,13.26,226.7,0.0873,621.69
741.9,24.85,528.17,0.4977,1334.29
812.33,846.69,741.9,0.6419,2445.54
857.89,440.74,253.95,0.2924,1548.94
283.0,914.44,174.21,0.188,1356.33
552.59,405.76,527.71,0.2374,1504.22
379.3,2.79,171.95,0.4444,552.03
601.45,0.39,780.75,0.3528,1379.07
687.57,230.98,893.54,0.4193,1801.69
972.76,111.99,595.37,0.0881,1663.56
987.22,896.9,885.74,0.7915,2771.23
572.02,0.42,713.95,0.7242,1303.21
382.57,18.79,728.93,0.9271,1143.67
55.51,730.77,620.5,0.6543,1425.98
670.5,235.47,639.1,0.4855,1535.87
251.79,383.04,218.35,0.888,862.33
633.57,0.08,404.05,0.4096,1038.63
55.42,65.14,772.32,0.6516,898.32
763.27,290.05,352.17,0.4095,1397.73
195.0,173.82,805.57,0.601,1170.67
831.93,90.38,233.89,0.1221,1164.61
615.98,195.94,648.6,0.5945,1483.88
617.58,2.75,266.56,0.5336,876.92
821.78,0.09,335.13,0.459,1170.91
154.87,554.13,383.5,0.276,1112.28
925.31,65.64,343.2,0.2122,1331.09
319.88,4.57,677.58,0.8584,997.43
286.5,52.06,832.35,0.5752,1160.7
632.49,64.61,15.67,0.9229,736.59
413.5,284.42,527.42,0.0538,1182.82
727.27,612.66,165.55,0.0831,1524.77
680.43,94.17,652.55,0.1914,1471.35
654.24,674.42,501.04,0.7707,1842.35
133.08,44.29,807.23,0.6783,969.05
235.21,213.9,533.61,0.5278,949.95
242.81,133.42,277.57,0.235,658.73
802.95,1.48,247.93,0.5297,1044.3
827.68,473.17,610.13,0.3042,1901.89
313.91,217.03,91.3,0.7912,600.98
737.56,71.27,717.5,0.2953,1497.41
366.61,328.36,17.02,0.6176,719.25
102.13,81.49,95.27,0.2166,274.81
63.45,244.14,54.26,0.6962,375.28
429.53,907.46,577.34,0.5859,1928.71
952.36,639.5,118.58,0.0758,1726.12
159.43,37.98,862.62,0.8257,1046.43
275.83,192.91,843.75,0.7616,1276.66
761.11,127.76,127.36,0.7867,1021.42
772.68,395.46,221.5,0.3071,1358.28
407.27,5.61,578.44,0.3185,987.66
590.06,291.62,894.09,0.2996,1716.54
763.46,625.9,722.25,0.0707,2109.79
105.77,305.47,53.68,0.0799,465.68
917.06,242.7,413.93,0.7956,1548.45
54.29,1.11,814.58,0.1395,850.78
553.51,141.94,87.88,0.7058,777.16
928.84,111.28,821.17,0.2155,1834.55
948.98,0.98,212.89,0.1772,1139.64
780.24,732.59,132.13,0.3396,1620.33
973.47,198.06,303.75,0.3189,1449.67
712.18,165.73,561.25,0.4735,1430.25
687.11,379.7,162.22,0.6344,1230.58
602.77,298.8,630.64,0.3419,1521.53
472.65,12.45,618.29,0.6934,1103.26
954.2,791.46,118.75,0.48,1878.79
963.92,181.35,630.14,0.9301,1766.33
870.78,13.92,206.45,0.4471,1088.81
39.12,85.99,742.42,0.2097,892.29
69.96,0.0,287.01,0.7751,368.97
364.8,386.83,332.22,0.4809,1083.61
907.97,671.97,57.26,0.673,1642.53
354.52,119.49,791.82,0.7458,1244.2
175.6,236.78,448.22,0.4522,878.05
992.63,861.06,664.99,0.589,2502.56
947.18,94.58,181.47,0.1497,1229.27
328.16,449.85,564.65,0.3052,1309.23
844.87,5.07,109.57,0.5905,924.83
332.19,821.91,158.0,0.4734,1327.03
347.93,50.69,234.0,0.7371,630.12
539.52,727.31,122.99,0.5059,1370.21
620.91,955.68,536.17,0.914,2145.03
42.62,45.31,757.2,0.0955,843.21
985.02,263.33,353.8,0.1201,1601.6
925.31,407.77,104.77,0.5287,1421.49
904.04,442.98,721.77,0.4224,2080.29
759.4,254.02,127.33,0.7311,1143.5
739.68,363.4,6.77,0.7473,1117.93
506.58,897.77,827.86,0.3944,2263.02
513.09,555.82,287.69,0.4738,1284.87
926.68,730.75,248.46,0.5747,1905.63
155.8,0.09,740.55,0.3102,898.69
902.68,0.01,492.66,0.9099,1381.33
219.31,8.11,686.24,0.1218,946.51
234.1,591.13,341.47,0.4235,1172.64
88.09,217.04,866.36,0.6353,1143.21
908.53,2.14,331.96,0.2135,1260.48
264.89,17.8,372.2,0.3075,653.16
555.92,4.22,822.14,0.364,1381.98
242.39,885.25,546.35,0.1049,1652.32
480.45,6.63,544.53,0.3271,1059.57
786.66,144.19,101.73,0.3847,1023.87
846.16,438.7,759.17,0.1324,2021.22
18.64,1.95,741.19,0.0841,762.38
247.12,576.97,722.58,0.7394,1546.94
925.59,718.98,585.73,0.6013,2276.38
735.89,826.59,284.59,0.3073,1849.08
983.16,157.74,870.81,0.6056,1985.18
586.4,3.76,403.29,0.4486,984.28
387.24,94.28,788.54,0.2124,1259.24
538.54,248.71,93.84,0.1807,899.72
900.66,139.68,150.77,0.7672,1183.26
670.18,6.11,371.22,0.8959,1058.88
170.75,345.64,488.79,0.2343,981.44
936.67,625.46,5.88,0.8391,1569.9
267.13,0.82,874.09,0.0761,1149.15
671.25,435.43,240.0,0.7134,1350.53
802.73,428.53,29.4,0.8531,1244.62
431.05,0.01,531.72,0.1965,968.35
189.21,325.54,79.96,0.5903,593.16
395.25,771.49,473.89,0.7255,1666.29
791.71,722.7,371.69,0.9206,1906.4
846.17,145.39,124.57,0.6128,1117.6
887.49,543.31,588.88,0.2597,2007.87
853.16,365.85,328.83,0.4858,1519.67
849.39,29.47,214.48,0.2429,1098.72
622.97,575.2,832.24,0.1221,2058.41
362.74,531.64,816.66,0.2016,1722.52
901.96,190.92,366.93,0.2692,1430.85
108.45,306.28,648.37,0.3791,1105.99
156.03,0.01,89.84,0.1453,225.85
236.01,2.41,715.85,0.38,945.79
220.37,2.69,71.91,0.6621,301.16
148.44,497.63,17.21,0.4376,662.56
27.77,166.98,139.89,0.1117,340.85
843.64,114.53,71.69,0.3239,1009.05
281.16,38.46,450.15,0.8982,778.57
204.38,484.21,355.09,0.7841,1021.17
713.19,181.02,556.71,0.5423,1445.51
474.25,0.13,151.65,0.478,623.15
47.94,2.58,418.76,0.9209,461.96
772.55,86.97,172.55,0.0691,1029.53
919.49,34.27,331.67,0.6734,1251.02
608.38,38.69,850.73,0.3673,1487.66
843.16,817.98,860.91,0.5299,2598.3
183.71,702.59,682.37,0.4093,1615.27
759.65,79.83,880.75,0.8191,1707.94
333.79,360.41,680.33,0.4185,1351.36
735.28,25.53,119.49,0.0884,866.84
509.94,0.06,507.06,0.8558,1046.81
524.59,12.53,395.32,0.5905,953.02
881.84,92.3,165.3,0.6866,1168.01
957.9,987.01,227.01,0.8032,2150.71
15.04,305.86,107.89,0.3995,427.18
86.79,9.08,499.02,0.3487,587.51
648.97,0.0,762.93,0.102,1384.7
976.06,737.59,487.96,0.7427,2224.88
937.09,0.01,496.33,0.4651,1413.65
745.03,36.0,147.18,0.7648,948.42
97.87,393.65,464.12,0.3308,958.99
724.07,2.3,765.73,0.2881,1473.21
284.24,346.33,105.44,0.3587,733.39
585.46,194.69,71.46,0.0804,816.72
37.71,10.74,53.33,0.5246,106.44
415.24,455.75,695.15,0.556,1557.57
536.7,16.13,511.57,0.8676,1043.68
940.58,9.08,241.49,0.1839,1158.66
10.5,799.01,406.56,0.895,1186.51
743.91,773.23,237.61,0.8207,1736.71
599.54,236.79,815.54,0.886,1638.79
80.77,20.27,729.16,0.1374,833.13
399.21,759.37,738.02,0.507,1894.26
834.61,14.59,489.02,0.8885,1381.78
930.09,86.36,566.37,0.8964,1577.19
832.04,0.47,232.62,0.7173,1071.3
802.31,30.71,558.94,0.6453,1379.51
587.7,958.57,490.22,0.2249,2032.62
175.75,325.96,811.71,0.6583,1315.63
727.69,83.72,484.38,0.5293,1291.67
92.92,345.68,42.45,0.2336,487.58
987.09,28.9,715.23,0.4275,1707.05
26.58,0.69,375.06,0.4102,401.9
62.22,22.89,21.08,0.8347,105.07
584.29,358.75,241.17,0.1715,1167.41
903.36,711.12,277.42,0.2895,1924.83
245.25,897.27,31.2,0.2222,1164.97
853.98,104.83,205.25,0.4059,1130.0
107.67,848.97,626.47,0.6248,1598.59
489.82,460.18,47.15,0.6507,984.09
306.7,10.03,775.58,0.8884,1108.96
169.83,296.89,696.61,0.4922,1152.6
873.03,2.01,128.2,0.1273,1001.13
557.63,834.28,656.31,0.7088,2049.49
109.52,806.84,434.34,0.9445,1390.64
621.42,187.94,61.27,0.517,865.35
453.87,105.58,630.76,0.7526,1218.4
451.97,87.54,426.02,0.9221,962.46
622.75,22.99,810.37,0.2038,1493.01
414.57,321.85,47.33,0.3316,780.44
659.22,0.6,181.63,0.7027,823.78
9.7,978.2,552.54,0.4361,1564.25
670.18,121.66,592.26,0.6877,1395.47
423.71,28.26,717.61,0.7429,1188.35
437.48,190.44,635.05,0.3399,1239.78
378.62,154.87,744.11,0.7224,1278.43
408.33,258.57,392.14,0.5828,1052.2
121.78,339.12,48.45,0.7106,522.34
493.37,19.03,289.72,0.6159,813.43
487.57,996.83,109.45,0.3958,1597.99
813.71,22.52,354.46,0.7891,1198.82
856.07,0.27,258.37,0.552,1106.06
17.64,128.53,828.28,0.9035,992.8
3.46,758.92,510.47,0.5726,1285.32
393.35,74.15,766.34,0.4924,1214.27
905.03,60.97,800.04,0.3447,1755.35
305.37,12.85,648.74,0.8798,972.88
740.12,921.24,501.7,0.8489,2156.22
132.16,20.01,851.51,0.2272,1001.08
35.53,0.48,524.38,0.138,562.34
885.8,240.89,356.66,0.849,1465.96
190.61,41.3,326.83,0.5718,556.95
818.28,245.92,226.91,0.4119,1245.24
242.25,0.77,640.03,0.416,862.68
479.47,175.91,23.18,0.762,662.92
25.55,640.03,526.73,0.9169,1191.31
412.61,291.35,822.58,0.762,1533.16
795.52,0.85,651.76,0.5708,1451.56
238.55,23.96,110.59,0.2959,376.06
672.74,134.45,114.91,0.6775,931.07
494.89,778.96,684.83,0.5757,1986.69
64.19,77.86,276.41,0.4772,426.37
786.52,226.96,634.22,0.7075,1613.35
866.36,235.23,664.23,0.0599,1743.42
364.18,0.17,581.52,0.8859,924.61
79.89,0.18,310.53,0.2647,390.28
40.07,41.12,120.18,0.2252,209.31
993.68,520.84,209.49,0.2083,1758.17
783.91,284.17,723.38,0.4883,1729.59
786.87,0.13,327.65,0.5537,1084.82
403.35,249.58,496.95,0.8253,1148.94
921.14,33.43,828.36,0.2735,1784.51
932.24,21.37,763.88,0.5011,1714.85
663.69,7.83,592.95,0.209,1276.61
610.65,2.74,90.62,0.5966,693.03
625.09,997.07,110.68,0.4764,1712.36
937.1,0.03,727.21,0.2647,1624.15
355.0,11.37,423.65,0.2083,798.18
394.82,892.67,487.91,0.6774,1750.98
997.3,123.27,67.71,0.5984,1203.13
293.93,31.86,405.38,0.3084,734.27
178.96,2.86,94.02,0.4193,278.07
294.41,941.28,9.83,0.1075,1269.16
497.88,1.14,805.25,0.657,1278.21
543.73,504.69,88.27,0.8899,1158.69
458.55,15.18,598.69,0.8058,1106.62
223.98,473.42,848.4,0.1949,1545.47
529.6,404.85,114.29,0.0956,1059.13
797.23,26.36,524.69,0.7731,1343.04
336.16,27.87,650.75,0.6496,1009.25
548.64,11.84,389.79,0.4064,944.7
953.92,95.89,574.96,0.2099,1608.24
728.41,445.5,876.26,0.9388,2050.05
860.6,400.52,472.14,0.0771,1758.6
965.23,139.11,309.99,0.1506,1429.5
803.41,68.64,506.55,0.3213,1323.64
758.77,711.86,446.48,0.3202,1895.76
854.01,621.89,318.05,0.2365,1756.44
756.66,376.09,64.15,0.9358,1192.6
608.35,0.09,10.62,0.1637,615.06
944.77,385.86,899.31,0.6619,2199.9
694.5,263.78,797.68,0.5398,1796.94
732.72,427.65,462.79,0.1353,1608.1
839.92,27.99,658.49,0.2782,1545.95
337.05,2.49,316.05,0.7013,658.97
299.74,344.04,463.93,0.4423,1098.11
381.94,161.3,28.6,0.3555,558.76
885.75,0.01,630.04,0.7306,1539.21
257.1,4.48,249.39,0.8725,517.54
456.72,18.48,626.28,0.3505,1083.92
58.29,754.81,469.43,0.1121,1279.94
780.03,98.06,881.22,0.2534,1772.02
846.43,141.61,486.1,0.1511,1469.71
422.78,773.88,193.07,0.4775,1362.69
299.23,51.48,866.59,0.2237,1231.44
53.75,142.27,467.51,0.2263,642.04
318.85,0.0,735.35,0.7455,1062.82
574.3,35.35,24.11,0.5808,622.41
333.85,14.06,237.81,0.3642,586.77
754.92,7.88,635.71,0.9181,1421.33
507.6,47.15,540.41,0.8428,1094.86
443.05,434.4,460.17,0.7448,1334.8
711.81,0.22,220.76,0.7572,935.46
517.94,227.45,738.0,0.776,1452.08
679.7,493.6,94.9,0.4869,1260.04
342.4,50.87,92.59,0.7469,470.85
434.92,137.69,78.52,0.438,652.02
232.52,45.23,440.76,0.4408,731.8
350.37,0.06,225.71,0.1266,569.38
502.49,797.4,175.29,0.7077,1466.79
335.85,64.67,97.52,0.6231,499.7
800.68,206.98,667.16,0.1978,1651.28
705.48,93.17,569.11,0.4221,1347.53
641.53,26.87,793.51,0.7091,1475.74
37.7,367.25,568.83,0.882,968.37
208.19,0.07,479.17,0.4967,694.48
708.37,729.12,680.91,0.6446,2134.44
580.04,130.68,755.07,0.2612,1474.49
559.49,83.7,189.92,0.2985,847.05
151.72,0.0,233.3,0.3237,376.3
581.82,66.81,884.7,0.3807,1505.56
941.47,328.36,472.71,0.7896,1739.09
367.86,8.85,229.86,0.1728,622.63
1.25,76.48,327.8,0.3989,389.12
821.06,291.96,620.2,0.7732,1735.56
450.54,14.66,214.25,0.8912,680.41
452.99,0.06,668.52,0.9037,1112.92
714.16,271.77,108.76,0.1271,1088.81
563.74,761.58,783.99,0.3255,2143.49
310.34,149.02,728.03,0.7548,1192.21
521.72,285.09,858.51,0.658,1642.26
326.85,0.43,99.45,0.4927,416.8
188.94,32.77,302.9,0.8061,531.16
34.04,242.79,474.17,0.0524,748.98
423.86,164.41,603.73,0.0962,1199.79
463.14,5.08,104.92,0.3425,575.93
849.87,210.58,836.46,0.4615,1879.08
311.45,0.54,154.81,0.1109,453.95
349.0,0.03,676.98,0.2794,1020.5
823.08,28.03,212.14,0.9438,1079.74
926.62,0.0,538.5,0.29,1448.5
748.37,145.24,712.82,0.1548,1673.52
348.56,861.29,608.81,0.148,1806.95
560.66,6.72,168.51,0.9078,719.61
576.12,6.56,306.23,0.2408,872.13
400.28,54.04,721.28,0.9172,1169.03
414.42,154.45,221.29,0.4117,796.76
41.22,486.26,305.18,0.6867,826.87
670.67,278.92,739.31,0.2341,1663.08
901.18,10.63,112.38,0.3603,1038.84
157.39,1.7,897.97,0.4038,1061.02
558.62,0.0,383.02,0.0826,959.98
624.77,0.0,461.43,0.9005,1095.0
954.5,894.37,216.22,0.5696,2125.77
709.16,439.2,234.84,0.8764,1407.44
644.81,692.48,323.54,0.5469,1657.37
928.49,89.94,542.88,0.1776,1549.06
21.43,108.25,491.15,0.1277,626.28
266.3,708.0,89.33,0.4907,1057.06
870.17,333.01,239.0,0.1593,1452.41
770.28,26.07,304.08,0.208,1092.43
334.54,45.51,30.41,0.4663,418.32
535.68,299.66,491.5,0.1818,1360.53
412.8,46.42,133.9,0.9449,596.7
456.37,0.84,607.93,0.3044,1076.96
67.13,26.16,671.09,0.4064,770.62
789.54,900.3,338.86,0.6094,2007.0
554.98,402.87,569.62,0.3332,1548.47
544.33,286.84,517.05,0.1653,1386.43
744.65,3.16,795.04,0.4699,1530.76
340.81,46.35,870.33,0.5606,1275.49
957.67,52.67,639.2,0.1657,1662.66
959.07,56.12,130.25,0.5519,1137.81
442.14,241.41,125.37,0.9032,798.52
361.28,71.83,763.31,0.4784,1207.56
62.17,19.98,466.6,0.1723,563.44
519.98,17.78,148.15,0.2915,672.98
195.93,0.23,857.28,0.1949,1052.02
957.38,436.52,240.32,0.841,1599.33
740.99,207.71,526.24,0.922,1454.59
808.56,1.42,630.74,0.9406,1447.92
257.9,483.64,660.43,0.7108,1372.32
95.86,307.68,577.07,0.2352,1001.77
650.21,280.39,540.06,0.4657,1481.74
321.89,13.11,535.88,0.6056,857.96
416.07,446.16,825.94,0.4331,1699.51
910.26,27.07,650.39,0.5695,1578.18
864.2,3.85,31.86,0.2364,898.08
343.6,319.97,207.76,0.4918,874.37
245.37,58.14,235.59,0.1406,532.09
563.63,0.73,322.1,0.4664,895.49
610.32,836.6,471.94,0.7729,1880.97
564.42,43.96,655.59,0.8398,1274.37
88.28,239.55,669.69,0.0769,1006.3
680.29,31.23,55.97,0.8505,758.77
373.47,978.78,770.92,0.5503,2165.86
936.24,384.75,303.74,0.2237,1606.68
186.67,0.01,410.35,0.3463,585.16
871.46,1.86,567.36,0.5624,1495.49
253.84,13.06,564.48,0.5524,844.54
173.07,27.17,4.5,0.6994,196.45
236.09,221.37,226.53,0.1011,652.85
849.72,211.03,424.05,0.4923,1472.43
161.22,648.35,481.35,0.9456,1299.87
723.43,194.88,15.62,0.8672,932.91
9.05,9.25,315.34,0.3076,336.67
280.24,720.06,529.95,0.3443,1564.73
751.29,370.7,2.13,0.9441,1130.97
262.4,27.28,865.55,0.807,1155.63
494.26,34.97,301.56,0.3431,846.79
681.31,67.32,894.19,0.2097,1630.31
368.14,946.52,21.62,0.1229,1329.82
987.43,40.51,610.27,0.8276,1627.63
89.82,3.28,232.96,0.7664,337.55
170.25,54.49,125.83,0.4758,332.55
992.1,58.73,45.03,0.5184,1088.26
369.49,548.34,375.06,0.5615,1293.79
874.16,183.3,341.16,0.7403,1413.91
272.52,23.5,512.04,0.8008,820.79
458.33,0.28,873.05,0.316,1328.99
832.87,705.79,268.73,0.5437,1799.81
21.7,961.28,291.56,0.4818,1287.49
46.94,1.39,289.01,0.8794,337.59
325.74,91.82,238.54,0.6116,657.48
378.55,323.0,352.52,0.7759,1085.18
202.15,4.35,230.36,0.8764,433.93
972.22,412.37,823.0,0.3698,2236.26
391.5,646.92,897.28,0.721,1943.06
880.94,0.87,433.62,0.7092,1280.94
540.33,57.43,198.41,0.8802,767.85
613.53,0.62,100.5,0.4391,714.35
148.92,0.54,264.65,0.06,400.36
599.34,130.83,888.2,0.4837,1603.94
189.37,18.57,295.68,0.9413,510.76
448.6,602.19,209.88,0.5833,1250.78
575.21,10.98,527.18,0.4358,1102.66
161.19,129.93,284.73,0.1795,573.88
138.43,78.02,290.83,0.5387,499.37
134.58,21.72,501.07,0.8005,649.25
90.87,506.12,305.85,0.2812,918.77
970.71,133.23,144.8,0.4154,1246.96
168.69,937.12,400.59,0.6721,1513.23
205.62,2.1,234.23,0.6913,442.28
489.09,0.01,3.83,0.4164,490.33
791.1,860.86,833.13,0.469,2462.84
483.81,1.13,849.54,0.6542,1333.01
759.25,14.71,676.31,0.4116,1424.77
989.79,32.83,496.06,0.2641,1502.09
491.95,952.17,798.2,0.2954,2204.43
619.85,32.17,228.33,0.5406,887.89
537.6,25.47,139.83,0.2153,693.9
468.05,103.4,879.07,0.8762,1440.73
797.67,15.24,650.07,0.206,1465.44
939.2,174.03,314.68,0.852,1418.35
63.89,61.54,636.55,0.6458,780.26
510.17,148.43,337.07,0.1247,989.0
724.27,531.55,355.96,0.3463,1582.52
21.77,184.73,422.13,0.4477,628.29
942.87,5.21,101.7,0.3973,1041.88
765.0,134.07,494.27,0.4597,1401.59
277.86,58.84,499.01,0.6431,829.96
507.37,303.34,864.58,0.3008,1633.43
720.98,180.52,803.85,0.5595,1734.58
148.56,518.8,191.94,0.0942,883.03
580.7,24.6,129.56,0.6162,713.3
380.54,153.74,775.27,0.7022,1348.67
822.59,641.74,338.66,0.1848,1755.92
638.86,820.8,34.69,0.4975,1529.81
531.51,628.68,708.24,0.9242,1903.58
663.4,725.39,627.86,0.9178,2072.54
134.97,3.32,767.17,0.0976,897.48
464.11,330.27,671.0,0.432,1454.73
616.98,875.16,22.99,0.2543,1531.84
10.13,676.38,691.3,0.2785,1358.6
712.42,1.69,414.47,0.8286,1142.85
585.8,72.51,223.24,0.6022,884.59
809.91,9.2,108.51,0.1148,931.2
467.8,63.36,469.07,0.5786,998.78
343.8,6.55,782.15,0.4825,1145.55
158.16,640.81,844.53,0.4528,1649.19
27.06,27.63,442.64,0.4395,496.01
209.74,924.38,252.53,0.9019,1369.06
69.99,210.66,886.99,0.8057,1159.01
95.51,97.62,88.83,0.3179,283.46
653.55,480.85,486.53,0.2013,1635.07
765.76,79.12,450.0,0.211,1264.6
132.23,8.56,800.0,0.695,920.52
874.17,204.96,273.79,0.4933,1349.02
817.34,517.07,457.5,0.3898,1805.93
75.58,34.32,843.73,0.1119,956.54
528.68,85.7,110.66,0.1142,717.77
598.61,81.8,258.6,0.0619,938.37
714.82,222.56,142.29,0.7641,1077.59
795.46,134.71,645.24,0.1247,1601.97
721.46,5.38,123.79,0.7238,857.88
647.69,0.0,165.28,0.7213,826.83
80.28,5.37,749.16,0.3619,829.72
577.5,51.74,84.33,0.2811,709.91
909.52,405.37,740.75,0.781,2056.28
749.01,112.02,697.17,0.9139,1523.97
604.79,28.26,804.43,0.2786,1454.9
887.95,1.03,444.61,0.5732,1315.88
120.07,0.06,374.98,0.4585,499.86
755.66,214.53,189.1,0.8613,1141.88
947.38,846.42,880.1,0.3047,2680.88
628.78,75.6,349.65,0.5507,1060.8
332.12,37.63,549.32,0.1142,906.36
799.01,680.9,678.45,0.5061,2195.42
490.99,487.6,57.25,0.6881,1045.26
27.7,126.69,107.5,0.3426,262.76
550.28,394.44,705.2,0.4822,1681.83
202.1,0.61,286.64,0.7363,499.85
466.74,186.51,727.17,0.8113,1354.83
274.09,319.96,773.8,0.2015,1354.25
237.67,5.9,303.8,0.7652,541.15
478.7,364.28,365.26,0.2395,1224.94
53.79,731.48,709.99,0.7012,1485.3
810.01,0.02,531.91,0.2849,1337.35
674.72,9.9,139.33,0.5787,812.51
663.45,113.49,841.94,0.787,1597.65
437.39,118.66,238.16,0.7852,794.23
703.75,669.83,496.95,0.1909,1862.27
673.24,11.34,35.16,0.359,730.36
551.53,4.69,543.59,0.4197,1088.3
874.43,0.48,475.08,0.2063,1335.62
610.46,300.37,545.6,0.8811,1437.8
198.61,257.09,558.31,0.6319,1023.4
947.62,99.72,710.42,0.4832,1741.21
395.64,0.0,449.87,0.5432,857.45
665.18,622.26,781.51,0.3892,2038.3
858.39,995.0,47.35,0.1056,1934.18
462.48,482.91,84.31,0.6701,1021.05
32.96,211.27,534.47,0.305,770.44
353.99,802.36,779.69,0.5248,1909.33
581.72,1.05,438.45,0.8551,1030.52
952.67,149.62,820.66,0.7399,1872.65
991.46,27.61,565.25,0.2808,1623.02
585.88,5.44,379.12,0.2136,954.01
77.59,899.42,536.96,0.9416,1524.35
384.42,807.58,622.77,0.113,1815.36
188.84,17.95,658.58,0.6896,862.26
5.41,15.51,310.41,0.4103,339.91
675.38,707.94,890.7,0.7682,2330.92
511.29,767.91,59.94,0.2555,1341.28
609.58,861.5,434.33,0.5575,1902.48
851.53,23.47,563.62,0.8828,1450.36
382.64,1.4,831.95,0.8789,1202.82
81.34,6.35,582.16,0.3224,684.29
799.63,14.51,864.38,0.4446,1698.34
943.64,1.73,103.45,0.4402,1030.96
508.07,870.75,893.85,0.0868,2251.7
553.63,857.73,251.92,0.3804,1634.46
967.43,3.64,508.11,0.0707,1433.36
392.45,180.99,72.23,0.132,653.66
835.19,379.78,115.54,0.3344,1346.93
98.64,592.65,326.64,0.6534,1015.51
914.3,408.41,30.99,0.1896,1349.39
391.83,933.77,184.92,0.6843,1515.08
34.16,0.95,93.51,0.3191,123.84
620.66,1.86,63.23,0.9237,696.24
270.46,596.28,499.4,0.254,1352.52
371.53,196.7,87.1,0.8422,671.73
4.34,174.75,325.87,0.865,505.15
333.71,446.89,202.71,0.3318,989.47
712.33,46.53,420.67,0.5471,1185.0
661.51,208.0,729.84,0.3239,1614.78
686.65,65.88,431.17,0.1943,1202.93
640.23,627.63,76.87,0.8596,1330.98
745.3,204.35,365.46,0.8811,1347.67
24.75,141.09,479.21,0.7199,635.64
73.94,42.68,542.35,0.5403,672.83
270.2,184.48,878.03,0.3323,1338.55
994.22,3.01,516.23,0.3833,1506.89
760.78,7.86,802.85,0.4261,1565.99
246.01,577.74,336.49,0.2806,1190.52
583.19,16.94,841.8,0.0944,1444.0
428.96,9.03,700.76,0.8749,1147.35
854.02,513.13,142.76,0.1203,1506.94
982.52,575.74,554.67,0.1498,2097.33
682.97,814.47,638.47,0.1432,2084.67
403.76,74.82,569.66,0.8597,1048.35
22.3,3.18,326.87,0.6662,352.81
503.69,79.58,710.61,0.1361,1315.56
808.49,20.21,182.03,0.6561,1000.33
488.22,785.89,54.62,0.8682,1325.86
482.35,2.31,638.88,0.948,1144.27
924.69,388.96,868.88,0.6546,2152.8
943.74,384.9,762.71,0.3061,2103.37
640.06,16.12,386.86,0.82,1043.24
943.88,44.63,252.56,0.2423,1253.39
429.64,778.89,310.42,0.309,1522.4
618.06,144.42,396.2,0.4698,1141.35
153.11,0.13,5.35,0.4955,152.68
670.97,971.62,548.97,0.5082,2143.37
882.17,0.0,419.85,0.4201,1322.03
187.26,0.02,568.51,0.6125,748.03
539.75,212.43,317.74,0.4285,1066.35
771.02,58.95,580.95,0.434,1419.53
700.64,72.69,166.82,0.8901,939.93
727.16,191.16,562.67,0.3742,1479.47
592.06,405.24,445.63,0.856,1447.59
376.47,77.05,633.78,0.0747,1111.93
742.92,170.74,278.89,0.641,1199.36
505.13,403.97,178.57,0.4757,1082.87
992.79,10.47,852.67,0.4178,1824.71
523.89,14.14,215.04,0.3884,770.05
700.77,992.83,79.54,0.7334,1751.5
511.02,7.57,842.49,0.5065,1354.37
307.4,90.49,99.63,0.6658,490.94
99.56,1.07,263.67,0.4758,354.0
131.33,0.89,274.6,0.6167,409.96
282.87,85.52,565.61,0.374,903.87
692.73,193.52,448.11,0.4928,1350.04
77.24,588.3,814.87,0.9271,1486.23
946.41,346.48,379.91,0.8767,1709.72
533.93,473.9,698.94,0.598,1698.29
134.34,993.87,64.5,0.1714,1192.18
78.08,727.58,461.93,0.9229,1271.18
494.01,58.51,229.54,0.9437,780.7
840.72,954.71,201.55,0.8824,2040.96
454.65,854.11,530.91,0.4043,1856.04
727.9,463.74,186.22,0.3847,1354.63
557.25,216.07,763.43,0.0735,1520.25
31.57,842.43,461.6,0.2714,1336.37
96.52,373.49,432.26,0.711,901.14
439.55,242.81,191.09,0.3088,867.49
711.8,197.43,400.21,0.5606,1294.31
812.89,431.17,163.8,0.8471,1417.27
463.64,149.94,713.61,0.1976,1327.27
936.42,824.77,728.07,0.2016,2426.3
445.97,0.53,67.99,0.8212,528.04
271.39,3.42,517.59,0.734,793.02
782.05,5.36,321.06,0.2686,1087.08
981.01,399.99,185.18,0.9198,1598.59
454.17,769.21,686.55,0.7063,1937.66
127.96,648.6,612.14,0.7855,1384.62
903.11,52.95,315.18,0.2632,1290.29
482.9,123.67,103.01,0.5932,703.76
456.24,132.67,279.49,0.6665,868.32
441.43,68.72,21.34,0.7441,519.42
130.97,24.25,762.23,0.6878,908.31
649.53,771.7,197.71,0.6617,1582.01
95.3,816.11,863.4,0.7098,1780.95
603.96,272.65,138.72,0.3154,995.76
370.46,413.67,796.96,0.3841,1616.18
594.84,105.52,624.79,0.1857,1285.79
348.03,910.74,857.81,0.6198,2084.4
633.21,79.16,259.55,0.055,974.23
972.17,412.79,621.14,0.81,2031.15
667.64,493.25,112.65,0.2189,1253.86
96.88,286.74,748.98,0.8038,1140.26
202.69,881.2,821.15,0.3322,1913.24
881.01,38.63,326.87,0.8887,1225.05
617.53,865.24,778.41,0.1173,2199.71
895.71,1.37,65.0,0.8232,962.56
167.2,5.94,749.35,0.2382,926.12
907.56,521.76,363.41,0.6134,1823.79
274.46,960.93,491.08,0.6238,1720.94
500.74,23.82,386.35,0.615,938.16
802.33,0.0,481.41,0.386,1255.22
881.67,465.55,297.66,0.7152,1623.22
128.16,11.48,359.77,0.5096,496.7
627.8,1.91,469.33,0.2952,1054.05
508.88,2.33,349.41,0.7347,850.9
764.57,12.31,678.76,0.225,1431.41
153.77,999.53,206.09,0.6892,1386.9
82.19,0.02,132.56,0.4173,195.5
478.52,250.59,86.24,0.6588,811.12
230.65,496.63,225.0,0.4497,944.76
687.22,127.82,332.7,0.5573,1155.08
971.44,563.87,104.79,0.4211,1675.09
705.36,5.58,747.69,0.617,1448.17
59.1,323.08,679.99,0.3294,1076.79
219.84,60.34,568.69,0.2189,844.02
248.87,530.59,831.63,0.1977,1617.83
705.37,698.31,312.13,0.8273,1666.24
189.67,989.78,853.27,0.1623,2049.24
986.2,164.97,447.38,0.2258,1604.6
498.19,364.07,405.03,0.6215,1297.02
763.79,0.0,577.94,0.7937,1347.09
147.32,601.74,71.28,0.1097,814.51
182.52,89.35,842.97,0.2381,1119.03
584.44,66.77,413.31,0.4193,1075.86
813.99,52.07,627.52,0.5287,1454.85
50.05,37.94,302.23,0.5871,392.9
531.69,940.79,39.16,0.5031,1507.01
582.4,13.97,812.26,0.3362,1374.72
4.13,576.17,235.52,0.2315,813.49
304.37,199.05,663.1,0.4273,1139.1
922.34,271.47,803.16,0.741,2006.85
589.88,0.0,794.39,0.7978,1425.45
878.16,6.25,253.67,0.1914,1132.76
438.39,1.08,518.07,0.3551,975.98
261.38,4.18,405.73,0.2535,666.27
382.28,831.71,168.16,0.3078,1372.06
295.86,110.77,685.75,0.0539,1065.94
462.83,438.02,828.73,0.8391,1719.41
555.19,69.25,479.13,0.7517,1131.52
477.21,224.73,243.51,0.5959,940.72
621.65,2.94,698.09,0.2246,1313.49
581.2,76.95,580.91,0.8119,1248.04
673.92,670.01,587.55,0.1938,1945.95
549.45,2.04,579.25,0.6919,1133.31
119.9,350.62,329.57,0.2401,793.75
572.72,95.3,756.76,0.1902,1416.18
267.02,0.12,305.16,0.6963,576.93
418.75,106.97,281.25,0.1599,817.61
815.39,491.27,210.01,0.4409,1520.94
802.45,7.59,119.01,0.8885,929.89
989.11,214.89,449.1,0.22,1605.53
172.17,64.61,43.23,0.0703,284.71
207.74,216.86,651.06,0.4926,1066.3
241.15,547.07,185.61,0.5816,956.94
793.2,0.13,330.46,0.8173,1172.66
636.41,1.28,363.84,0.915,1016.66
801.4,72.94,670.27,0.0989,1539.46
300.63,658.91,611.82,0.6006,1541.1
347.3,614.67,98.7,0.2037,1079.75
959.48,348.03,101.28,0.9094,1408.29
736.61,167.73,354.18,0.1489,1227.89
127.69,205.32,485.68,0.5869,808.8
411.18,83.22,53.98,0.309,557.61
141.76,77.74,366.47,0.8923,606.15
149.3,423.34,20.16,0.6359,587.4
628.99,23.84,93.23,0.9448,764.22
730.64,6.54,387.82,0.6888,1099.73
957.33,871.62,135.45,0.2274,1975.87
450.68,85.61,619.38,0.4732,1169.51
261.02,69.53,467.37,0.8807,810.84
804.34,30.04,654.33,0.2824,1484.89
443.26,423.18,149.63,0.3619,1008.7
657.59,0.44,85.25,0.6966,733.99
165.62,18.23,538.39,0.908,707.36
797.06,225.25,334.06,0.916,1386.17
808.62,17.23,547.07,0.9341,1392.64
850.14,557.58,408.41,0.4037,1810.77
285.11,109.31,114.12,0.8533,484.78
62.03,287.43,682.83,0.8255,1015.75
630.73,21.04,763.99,0.8376,1442.76
285.07,1.09,358.88,0.0546,645.5
431.45,152.52,668.36,0.6911,1274.86
782.77,263.08,196.35,0.0763,1238.49
165.65,1.43,378.37,0.8795,555.23
798.06,19.66,751.55,0.4238,1599.53
569.75,222.8,823.62,0.9036,1610.18
232.46,231.75,3.25,0.3358,461.72
523.48,213.11,170.11,0.5327,908.39
990.96,0.28,756.62,0.9495,1741.59
680.57,2.09,315.74,0.2133,981.22
942.09,0.03,445.0,0.7012,1405.27
538.87,92.94,537.74,0.1117,1176.87
511.78,6.01,481.28,0.4668,1018.05
563.83,66.23,703.02,0.3717,1355.68
426.41,114.7,720.16,0.6887,1272.84
494.58,1.94,656.41,0.938,1185.0
379.86,0.38,299.31,0.5228,679.14
512.99,954.02,332.25,0.0504,1798.02
219.14,14.49,15.68,0.5283,231.46
994.29,583.56,649.07,0.3685,2214.95
668.94,0.01,397.44,0.0975,1073.5
559.54,149.4,643.13,0.2553,1319.18
416.16,347.09,105.08,0.8473,870.46
598.97,20.93,367.89,0.105,968.9
303.7,4.9,347.68,0.7431,659.51
360.49,924.68,113.3,0.8193,1430.59
572.96,0.22,828.94,0.4433,1417.05
891.42,77.79,449.45,0.5639,1434.83
503.75,700.71,153.21,0.605,1364.51
325.04,9.6,62.95,0.2856,404.52
278.21,386.0,787.64,0.6749,1462.52
573.21,848.22,686.65,0.3404,2079.66
671.86,424.27,287.43,0.5086,1384.95
975.71,46.63,438.03,0.3477,1427.64
38.79,867.74,494.43,0.2939,1410.62
560.74,201.41,625.72,0.5229,1382.97
304.13,7.31,225.9,0.3873,541.52
118.25,266.7,34.17,0.0888,412.55
357.19,6.85,797.61,0.3242,1176.99
994.12,16.37,556.91,0.7219,1566.23
57.48,495.6,260.12,0.3391,806.44
39.05,617.2,777.0,0.8342,1425.97
976.21,289.44,533.65,0.7,1796.84
416.13,199.1,526.63,0.057,1137.89
470.7,174.18,636.5,0.7274,1256.15
284.39,237.53,233.82,0.7858,747.22
894.96,2.09,634.93,0.4364,1533.01
559.02,9.51,263.12,0.4606,843.31
388.72,62.58,15.28,0.3806,468.12
592.74,111.23,155.29,0.5791,866.67
333.27,238.46,561.58,0.2124,1150.88
457.7,69.64,616.87,0.7162,1158.05
745.27,678.01,822.52,0.1004,2239.44
163.71,38.73,343.5,0.3191,540.84
169.41,286.21,522.41,0.6022,979.36
220.84,201.55,588.35,0.0967,1002.73
579.79,260.1,512.71,0.6716,1342.54
799.15,4.22,147.35,0.2476,971.41
357.04,31.61,206.38,0.4833,600.62
674.18,6.62,753.62,0.901,1450.48
593.62,303.15,662.38,0.8235,1572.43
531.48,6.07,336.8,0.1261,844.83
992.29,0.88,396.18,0.6801,1396.61
439.57,502.04,263.89,0.6437,1214.27
700.03,13.85,151.5,0.0652,883.14
186.84,276.16,494.26,0.8003,955.03
361.21,26.0,73.96,0.7307,455.36
336.3,348.26,246.69,0.4802,938.13
270.23,493.86,636.6,0.5176,1422.46
89.4,79.41,540.14,0.4044,695.9
522.22,56.13,373.81,0.6946,967.76
838.15,0.19,119.41,0.7792,989.51
372.76,0.81,547.7,0.6702,910.01
752.1,0.99,697.34,0.6812,1447.25
813.5,602.27,861.94,0.8099,2287.39
196.13,430.5,569.44,0.9154,1220.24
259.58,4.42,253.22,0.4821,515.64
215.09,12.62,271.68,0.7766,486.99
78.38,161.91,5.35,0.6563,260.28
166.38,602.49,611.12,0.1387,1354.64
227.34,8.71,301.1,0.8669,551.29
926.7,166.07,465.33,0.6564,1569.57
957.64,0.0,358.32,0.2111,1316.46
147.03,357.57,46.03,0.8031,552.14
409.27,77.01,610.53,0.0597,1090.6
180.14,5.91,495.53,0.2713,680.17
717.32,239.1,297.02,0.0946,1241.01
487.55,74.9,716.8,0.1238,1302.67
212.53,43.14,773.94,0.8039,1027.77
81.67,205.88,685.57,0.2861,958.22
497.04,420.7,454.4,0.2655,1336.4
872.01,285.32,66.86,0.2589,1169.96
781.3,106.67,273.64,0.8461,1165.18
916.24,150.86,552.85,0.1625,1613.39
974.69,371.18,429.37,0.5193,1715.04
783.33,0.36,348.29,0.4196,1156.81
415.53,886.71,718.11,0.9134,2028.52
302.23,944.97,73.1,0.8844,1374.96
806.91,474.43,593.73,0.7543,1916.18
373.51,38.1,883.38,0.4753,1275.99
259.31,601.39,802.48,0.8846,1671.15
688.09,65.13,661.93,0.7919,1412.57
500.34,35.06,410.33,0.3116,954.03
272.28,26.58,520.17,0.5903,805.07
390.58,284.2,868.92,0.4697,1552.15
969.75,492.62,72.45,0.2238,1547.55
686.22,302.7,123.44,0.4544,1125.23
689.87,17.77,214.0,0.5871,938.5
668.85,84.85,482.71,0.7718,1225.3
209.95,731.63,666.88,0.2864,1586.65
457.19,235.21,707.98,0.0903,1446.7
338.46,137.51,327.38,0.8969,790.52
846.6,16.92,328.15,0.7584,1214.52
999.99,287.6,807.14,0.1441,2110.31
335.92,915.4,130.27,0.7233,1379.71
851.36,933.4,725.3,0.2769,2558.52
526.76,278.84,252.4,0.7844,1075.44
808.37,77.99,554.89,0.1427,1410.08
952.97,382.76,155.43,0.588,1499.88
598.71,90.18,751.72,0.0957,1432.55
473.01,272.31,261.4,0.1962,1026.74
864.23,750.95,691.88,0.1084,2305.86
381.42,37.36,224.3,0.2126,643.21
121.21,360.28,837.37,0.3923,1364.54
221.16,416.82,313.68,0.6465,940.44
756.78,281.24,200.01,0.8888,1236.4
219.86,181.97,373.79,0.8754,781.92
886.31,409.15,611.9,0.2154,1897.61
864.44,185.72,868.76,0.5148,1950.75
997.11,366.9,324.03,0.795,1694.07
525.08,13.47,895.21,0.8911,1391.28
401.14,386.67,234.7,0.401,1014.34
56.41,0.12,594.97,0.7471,653.51
674.68,736.26,89.99,0.7975,1526.12
422.36,0.14,345.67,0.7645,775.87
176.31,12.52,762.86,0.4396,955.42
973.33,16.28,716.84,0.0615,1705.95
337.12,634.78,673.15,0.3272,1651.79
810.06,134.23,457.1,0.5086,1421.13
812.73,364.92,764.45,0.7841,1955.37
780.38,842.44,544.87,0.7951,2150.48
270.23,181.06,656.72,0.1431,1110.48
2.84,13.88,437.73,0.3262,455.39
637.4,19.15,15.37,0.2792,672.72
762.23,219.66,50.24,0.4699,1015.3
904.05,409.17,255.43,0.07,1572.77
374.44,308.71,63.53,0.881,744.62
971.0,647.92,387.21,0.6462,1954.98
203.88,0.0,276.83,0.4437,457.58
442.06,272.95,741.98,0.2542,1448.79
939.2,68.7,496.79,0.059,1555.11
872.01,0.01,759.3,0.1841,1660.52
541.9,50.72,847.14,0.6011,1456.9
766.0,6.07,830.95,0.1998,1562.88
522.58,179.2,479.97,0.4451,1157.08
155.56,487.95,33.71,0.8079,687.58
849.71,330.17,871.69,0.068,2044.6
623.3,967.47,398.74,0.3017,1990.73
325.69,347.11,298.66,0.9012,969.25
319.79,556.26,56.23,0.1344,941.01
323.41,5.5,528.44,0.2791,828.89
820.6,703.01,750.23,0.8473,2255.19
673.41,746.1,617.36,0.9474,2090.58
70.94,126.25,247.99,0.8375,436.52
566.62,0.2,312.01,0.2197,875.64
984.84,40.45,660.58,0.7979,1703.12
149.53,13.39,200.95,0.3176,366.29
539.38,406.75,234.74,0.6258,1163.17
99.17,13.79,217.34,0.4898,330.75
301.37,2.05,242.3,0.0862,547.17
617.78,26.38,103.93,0.5891,734.07
810.84,383.5,592.8,0.792,1795.86
944.9,0.0,132.0,0.5718,1071.75
340.51,415.01,482.07,0.5238,1224.69
461.3,224.78,252.08,0.2651,943.32
911.96,1.58,278.2,0.1023,1212.14
694.84,32.36,358.65,0.8919,1095.38
539.55,813.8,457.66,0.2031,1811.39
898.9,694.65,225.93,0.6109,1848.09
231.49,780.37,361.59,0.2377,1361.41
851.01,577.91,595.82,0.7821,2015.74
963.65,282.09,538.11,0.8651,1806.67
492.89,634.14,881.07,0.4291,2086.73
837.72,139.6,364.08,0.1084,1348.51
331.43,64.79,698.59,0.2001,1100.45
587.78,0.0,837.78,0.2804,1404.38
379.53,996.56,451.14,0.9166,1813.4
714.25,0.26,400.47,0.2937,1105.96
532.44,262.15,228.44,0.1551,1005.87
442.27,72.53,867.55,0.1564,1373.8
60.25,321.3,503.68,0.7042,886.28
132.04,20.73,227.16,0.5972,379.91
515.88,86.43,527.09,0.3662,1134.31
965.01,43.2,822.83,0.7637,1770.62
562.81,53.85,720.84,0.8545,1315.29
630.13,375.2,445.56,0.4736,1456.1
818.36,271.38,129.58,0.1764,1224.68
659.09,59.83,343.57,0.8559,1054.46
475.66,370.59,406.89,0.5928,1248.53
497.54,265.28,397.6,0.7334,1164.68
12.88,764.18,324.93,0.2769,1114.38
249.37,394.23,276.12,0.9425,928.18
361.87,156.05,3.0,0.0537,528.8
81.67,439.09,784.64,0.4219,1299.68
612.74,0.85,422.83,0.9134,1050.44
84.06,22.09,493.13,0.8316,617.2
344.81,40.38,756.83,0.4724,1138.1
176.95,1.98,876.72,0.4878,1066.72
906.36,868.47,213.46,0.3345,2009.66
15.76,34.11,387.09,0.7433,453.08
338.41,388.06,764.38,0.1339,1479.6
659.77,31.06,601.59,0.2065,1273.53
321.42,37.65,160.98,0.2402,536.07
581.61,560.29,567.25,0.4351,1706.4
701.79,160.27,198.8,0.6237,1043.71
346.51,260.31,395.44,0.4032,996.37
228.95,13.08,696.83,0.3414,941.84
213.51,9.59,528.37,0.5745,752.58
693.19,258.51,180.09,0.0999,1125.87
431.25,9.04,434.16,0.083,891.64
351.51,882.27,789.03,0.906,2038.7
971.95,6.81,479.15,0.7189,1490.66
213.75,279.5,874.09,0.5209,1392.62
40.52,1.13,699.5,0.4867,719.81
860.08,82.93,716.17,0.7802,1688.64
972.57,721.49,112.89,0.3594,1825.34
655.57,87.37,775.91,0.625,1552.01
271.25,616.52,762.09,0.8765,1637.37
184.77,58.63,295.27,0.2821,535.3
124.64,110.05,779.08,0.7601,1012.6
35.55,70.89,534.16,0.8193,643.33
265.81,329.59,361.49,0.7927,963.47
419.01,75.24,528.79,0.3728,1027.06
734.89,5.03,214.53,0.1421,954.26
505.39,6.77,66.22,0.9467,587.49
831.55,403.21,148.9,0.5111,1361.21
157.84,1.4,236.9,0.2851,398.76
252.46,163.5,264.96,0.7445,689.36
621.51,460.9,393.45,0.3374,1495.15
327.79,1.62,522.97,0.6111,855.9
955.86,757.14,268.09,0.7091,1931.51
757.81,398.26,320.97,0.3983,1497.91
280.22,187.87,798.86,0.4504,1264.07
652.85,145.52,21.27,0.6524,828.07
417.42,71.16,761.77,0.8264,1249.1
819.73,10.48,644.66,0.7244,1487.31
794.78,4.35,231.23,0.7553,1029.22
123.96,932.61,871.01,0.3531,1924.42
398.25,0.02,129.09,0.2517,541.98
375.3,0.0,573.19,0.1136,951.52
245.35,13.44,357.34,0.1467,617.64
914.37,644.1,824.69,0.659,2391.25
973.19,356.04,373.71,0.7092,1724.69
671.68,559.69,842.56,0.767,2081.68
567.5,38.76,602.72,0.5506,1195.81
575.88,72.73,332.61,0.702,980.13
197.14,502.26,152.64,0.5688,858.65
905.84,29.34,736.99,0.8409,1654.8
384.72,467.74,13.25,0.6132,868.19
517.51,73.23,175.85,0.3636,748.38
610.96,108.71,635.45,0.2154,1315.53
548.6,0.0,133.4,0.6954,678.63
285.26,56.02,612.92,0.7744,954.29
826.17,920.27,79.16,0.2519,1779.23
36.7,22.91,760.07,0.6635,822.66
612.0,126.44,690.07,0.8288,1416.9
482.69,471.85,679.81,0.4602,1681.25
410.14,119.97,132.26,0.2466,647.92
72.29,181.44,628.27,0.6023,864.33
406.5,510.37,672.91,0.6899,1584.14
231.45,184.65,697.44,0.139,1101.05
914.27,422.96,36.75,0.4688,1369.08
669.01,155.42,76.68,0.8736,914.97
145.13,0.6,706.32,0.6015,852.02
533.03,847.85,443.8,0.4016,1815.06
182.28,754.44,154.53,0.0992,1091.5
182.49,76.67,818.68,0.1713,1077.26
437.34,738.21,834.42,0.9057,2013.68
705.54,271.31,27.43,0.6551,1021.15
656.66,10.04,299.13,0.5484,968.0
158.75,341.16,149.14,0.065,649.72
75.53,22.47,684.3,0.7575,774.36
570.29,0.68,168.38,0.7558,718.59
271.62,468.67,307.85,0.7561,1058.25
546.33,529.03,626.55,0.9237,1672.06
955.05,566.93,444.18,0.5007,1981.12
587.44,38.55,37.24,0.3197,675.77
129.03,304.31,356.13,0.1351,776.72
140.42,214.5,384.22,0.8908,751.15
765.17,37.61,679.03,0.7113,1503.59
661.17,768.96,780.22,0.8769,2248.29
223.99,200.23,829.51,0.9257,1232.08
441.09,520.36,439.7,0.6726,1394.45
302.57,86.31,276.28,0.4309,669.67
200.75,309.9,66.26,0.0514,577.02
202.36,578.33,680.44,0.6497,1418.89
662.99,564.48,480.51,0.0659,1752.86
470.42,800.28,803.7,0.4094,2069.73
58.58,290.55,613.34,0.8061,971.68
240.57,0.09,420.56,0.4579,637.89
636.42,150.04,104.0,0.0933,886.97
742.17,99.38,446.44,0.153,1291.15
824.78,2.02,93.87,0.5523,908.47
379.12,269.43,811.93,0.8521,1445.24
295.58,188.51,831.78,0.6628,1292.33
579.16,0.01,403.13,0.8629,987.64
617.99,53.98,363.27,0.5608,1024.28
920.14,28.01,683.35,0.1329,1602.38
157.87,10.62,508.05,0.3578,670.06
863.4,308.09,859.69,0.7704,1976.21
460.37,848.23,381.58,0.5404,1666.97
280.63,604.54,222.31,0.1796,1123.28
841.16,798.46,600.32,0.3635,2231.69
186.27,9.54,806.64,0.814,1001.01
380.42,881.4,352.79,0.3447,1593.64
407.65,48.08,661.33,0.3623,1135.91
321.36,32.58,226.1,0.4983,567.54
57.57,805.79,313.92,0.7318,1186.58
11.4,1.88,171.49,0.8472,190.47
310.94,0.09,31.95,0.5698,335.99
385.57,23.79,725.9,0.829,1138.77
748.19,657.26,342.51,0.1947,1803.53
62.21,0.05,742.41,0.8175,802.65
856.71,818.62,617.79,0.8705,2307.56
274.46,857.22,885.46,0.3018,2013.63
220.2,61.05,561.65,0.0837,837.86
486.04,1.9,616.13,0.8982,1106.72
437.76,2.01,186.31,0.4924,636.03
649.16,18.41,698.62,0.2151,1361.31
400.15,0.17,89.75,0.5297,485.12
515.34,91.23,695.52,0.2541,1309.82
218.27,604.06,793.2,0.2251,1609.83
723.34,278.25,559.49,0.5084,1561.72
719.48,4.28,488.56,0.362,1181.65
832.26,94.95,444.11,0.8566,1358.76
801.31,642.44,625.66,0.1796,1949.22
300.72,9.06,34.78,0.4092,352.42
101.95,389.49,821.32,0.6087,1335.07
166.46,453.14,367.75,0.4906,996.64
783.54,0.21,349.36,0.7385,1129.52
341.69,0.07,6.63,0.4326,333.84
229.2,511.28,651.11,0.2194,1376.01
864.85,776.51,886.1,0.6678,2509.82
148.5,3.78,37.38,0.5347,174.92
568.81,0.0,476.06,0.85,1059.87
367.01,0.32,220.62,0.503,588.74
776.39,817.85,158.6,0.055,1706.68
802.86,0.15,671.68,0.4147,1469.39
730.77,32.78,729.44,0.1349,1482.62
903.68,4.43,499.37,0.6269,1406.49
543.26,16.06,678.22,0.5612,1227.06
742.53,391.94,189.43,0.0731,1298.72
882.59,62.49,181.31,0.382,1123.21
454.07,91.14,268.28,0.3195,804.28
663.03,313.6,171.47,0.9427,1117.68
682.53,410.86,240.46,0.1194,1354.84
565.56,900.39,654.92,0.8867,2129.32
498.01,843.2,736.96,0.0815,2102.31
149.42,851.93,608.29,0.4562,1662.24
336.35,87.61,359.15,0.1687,779.09
591.01,0.34,837.97,0.3449,1442.35
139.68,43.23,622.03,0.9116,799.37
177.6,2.69,516.59,0.1552,680.47
743.93,499.02,283.11,0.5733,1594.16
48.96,255.69,257.58,0.4182,564.66
718.34,103.01,684.06,0.3335,1514.06
906.99,84.07,518.67,0.6535,1535.36
636.14,229.66,750.17,0.9426,1628.74
124.88,309.53,295.72,0.423,727.57
145.11,332.35,264.15,0.7873,728.6
49.96,214.69,674.8,0.605,948.06
804.13,0.08,1.66,0.2519,826.29
562.95,12.02,328.36,0.4583,894.19
996.74,326.38,239.21,0.3657,1547.18
419.52,204.48,854.49,0.2911,1510.67
17.23,189.78,896.28,0.384,1075.02
58.24,186.25,189.06,0.0639,435.86
147.74,1.03,205.36,0.1738,356.18
670.99,162.75,318.27,0.2241,1143.57
524.43,374.57,455.51,0.7719,1344.39
813.34,166.12,865.57,0.8179,1844.49
728.14,2.3,819.98,0.361,1555.99
20.57,653.12,853.21,0.4735,1513.44
693.79,26.19,864.01,0.33,1604.68
49.44,969.74,518.54,0.9278,1509.22
527.16,0.01,693.74,0.1999,1203.44
670.04,0.55,705.26,0.7752,1368.78
604.96,0.84,403.93,0.807,1023.35
988.71,114.73,11.51,0.3559,1114.27
958.99,350.75,522.93,0.9199,1826.37
379.7,453.36,535.04,0.2471,1366.29
267.21,174.56,770.61,0.2976,1212.61
861.33,31.9,176.95,0.8292,1091.15
311.35,0.0,174.61,0.5114,476.78
502.3,21.13,836.22,0.3823,1348.91
945.35,62.3,434.17,0.7968,1455.35
528.72,650.11,230.5,0.8549,1421.38
854.39,60.92,493.34,0.5463,1428.39
172.99,360.06,742.88,0.1732,1274.61
326.91,210.04,481.17,0.719,1006.84
93.42,21.76,358.13,0.5648,479.93
337.43,0.25,290.31,0.511,635.64
177.74,0.02,339.47,0.5968,505.94
345.55,0.05,827.02,0.5016,1180.03
396.9,574.75,706.22,0.1358,1664.6
149.5,557.12,242.57,0.4062,941.55
651.88,77.5,404.25,0.3453,1162.1
148.32,704.73,877.37,0.7929,1724.35
178.35,132.02,85.15,0.8735,396.51
973.61,627.02,367.93,0.3328,1945.03
587.9,678.44,292.68,0.5418,1539.82
183.24,158.41,75.06,0.3875,419.45
145.24,428.06,171.73,0.7057,749.43
688.88,64.2,711.1,0.5558,1465.84
663.8,58.37,320.58,0.4331,1035.29
614.94,769.86,0.34,0.1949,1403.78
669.65,0.72,264.78,0.9397,924.83
380.12,13.62,15.7,0.3069,404.88
381.02,12.56,363.47,0.2925,760.86
291.39,6.71,685.83,0.7806,997.64
344.85,580.55,602.88,0.3929,1525.1
2.45,0.19,121.34,0.2726,127.87
821.62,0.07,13.43,0.5774,836.0
801.78,920.83,444.83,0.2097,2152.32
422.21,72.58,633.53,0.3829,1094.54
741.7,6.42,35.34,0.4979,778.57
790.94,933.74,853.77,0.184,2599.37
111.84,44.52,75.9,0.7904,247.1
664.9,443.65,342.69,0.7604,1464.42
148.23,97.24,639.29,0.0857,888.22
255.64,316.11,102.64,0.4005,685.44
468.44,20.4,476.28,0.2996,969.61
133.34,716.22,117.58,0.4057,966.11
616.05,41.34,257.68,0.9221,944.43
132.62,332.5,800.85,0.9238,1256.5
784.43,35.2,559.44,0.5117,1390.93
912.7,1.43,200.55,0.5772,1096.89
557.86,479.66,629.54,0.7399,1649.09
30.36,662.43,406.37,0.6221,1081.98
707.72,1.05,708.61,0.1046,1380.67
343.3,9.53,886.0,0.4562,1217.91
46.48,118.65,57.56,0.6153,238.54
329.58,527.6,868.95,0.9212,1780.35
869.98,43.41,525.47,0.6466,1472.35
313.41,47.21,59.13,0.4609,424.02
649.78,244.3,545.33,0.0703,1435.4
169.12,761.79,771.41,0.5691,1708.28
963.62,0.29,87.41,0.6089,1046.79
981.3,516.89,844.4,0.6995,2311.72
686.8,145.26,522.03,0.8611,1312.22
565.38,60.36,596.66,0.5934,1228.67
689.31,153.98,168.73,0.6243,1011.34
822.99,744.87,70.14,0.2811,1637.56
771.83,0.36,487.0,0.3994,1258.48
639.13,161.16,453.15,0.7475,1229.83
419.81,0.02,241.7,0.3829,655.25
673.2,892.21,249.02,0.54,1812.86
310.52,165.04,376.69,0.4075,858.13
24.24,25.77,821.06,0.2235,865.34
620.21,880.71,51.45,0.7209,1536.05
135.33,820.24,631.09,0.5534,1595.21
559.05,0.24,354.99,0.684,922.34
675.17,1.55,682.74,0.9107,1354.81
87.93,0.96,462.03,0.5217,567.61
368.88,136.18,183.33,0.9019,701.89
904.07,706.6,45.43,0.7479,1713.68
224.71,65.18,831.54,0.409,1139.05
524.59,68.73,17.11,0.2177,607.49
522.19,263.78,646.5,0.2371,1414.52
411.04,0.12,834.93,0.6741,1275.45
40.21,0.0,508.35,0.8409,554.89
5.54,259.72,313.75,0.1598,575.22
576.45,379.86,148.56,0.1545,1099.98
527.87,197.19,669.81,0.6472,1399.94
175.0,73.09,539.98,0.5168,783.15
944.27,2.76,877.17,0.7539,1812.41
127.47,179.32,79.15,0.8887,390.38
399.52,258.2,16.87,0.5377,679.3
207.26,3.65,438.89,0.5329,644.6
295.61,68.84,281.06,0.2747,628.7
395.64,82.54,0.21,0.6734,481.99
206.7,518.66,885.74,0.9423,1594.88
259.41,581.84,585.29,0.9376,1424.71
526.17,0.08,174.96,0.6502,713.73
475.63,0.02,359.58,0.1637,849.3
141.31,1.64,411.99,0.5377,568.48
367.98,721.7,538.74,0.0925,1607.35
468.77,84.85,407.14,0.1015,968.65
60.77,395.33,541.31,0.1728,1013.58
942.94,0.33,170.24,0.4007,1130.96
158.53,922.12,689.79,0.7063,1749.58
187.04,704.32,884.41,0.5777,1774.22
816.12,32.12,299.11,0.6582,1156.17
384.94,0.1,20.65,0.1382,401.66
27.41,3.25,871.27,0.4555,912.58
189.96,46.09,604.09,0.9409,831.04
902.21,0.12,273.44,0.8445,1172.21
169.86,4.9,682.79,0.1922,846.7
181.29,9.04,357.56,0.1563,549.36
166.12,425.28,469.18,0.3618,1079.05
407.62,0.56,278.2,0.5222,673.56
732.35,45.29,184.31,0.0572,951.11
237.28,49.42,137.98,0.5405,414.47
954.66,180.17,716.96,0.4296,1811.48
449.56,70.1,561.29,0.8696,1059.0
96.55,365.98,0.35,0.7651,470.41
825.8,0.74,183.34,0.5465,1014.26
845.83,96.28,386.54,0.2163,1313.36
345.95,91.45,244.17,0.598,673.58
20.56,12.31,609.61,0.686,636.75
286.18,416.52,502.52,0.4001,1187.43
653.02,25.14,519.38,0.7001,1183.82
253.27,9.82,634.43,0.8524,876.74
803.27,218.93,777.89,0.4007,1803.99
430.24,211.0,152.93,0.4975,817.99
366.51,214.04,793.69,0.7934,1346.39
733.84,164.23,313.47,0.8673,1202.02
805.15,9.56,803.21,0.6992,1600.1
77.32,5.85,148.46,0.7354,236.46
367.67,29.6,587.24,0.3473,980.52
694.97,14.28,291.44,0.5445,1006.67
111.48,46.11,539.26,0.3421,693.39
431.95,7.15,543.09,0.8405,981.57
471.41,25.27,344.16,0.2555,828.4
134.72,32.21,153.53,0.2347,313.91
992.74,308.12,219.7,0.4169,1519.21
867.39,364.38,130.84,0.5935,1381.77
374.33,898.13,802.87,0.2811,2118.49
329.52,0.0,765.1,0.7902,1106.76
772.09,0.03,485.81,0.9334,1245.83
575.56,48.96,661.81,0.9279,1294.58
49.53,53.7,465.19,0.2707,559.66
305.87,946.73,238.81,0.7727,1483.67
499.54,7.91,801.34,0.4121,1312.32
49.04,42.18,500.36,0.6737,586.58
583.5,19.99,501.45,0.1138,1105.24
351.84,0.01,67.79,0.0566,411.65
825.54,43.39,812.21,0.8464,1636.85
211.87,40.14,421.5,0.4384,690.14
238.89,238.58,608.89,0.3782,1071.78
586.07,292.05,639.89,0.7799,1555.19
378.87,42.1,30.91,0.4247,440.78
627.66,208.6,201.43,0.5865,1030.19
341.02,199.68,40.84,0.3303,571.25
163.95,43.67,623.54,0.2907,829.03
399.05,10.8,700.45,0.7898,1102.17
612.99,390.02,338.39,0.636,1353.22
429.83,490.67,711.97,0.4104,1640.91
541.54,115.62,451.39,0.7514,1132.41
690.06,39.75,465.12,0.3265,1189.63
999.22,647.07,425.47,0.358,2086.25
316.24,975.12,181.72,0.7788,1463.5
651.68,785.89,532.88,0.6051,1981.1
128.83,157.92,333.58,0.5982,619.73
174.96,505.8,760.63,0.9212,1415.39
311.47,22.14,837.1,0.5877,1178.18
890.33,14.76,385.04,0.4223,1276.69
997.7,5.25,695.19,0.2549,1663.39
202.71,146.43,601.0,0.4387,974.22
705.55,3.89,334.93,0.3326,1030.03
211.75,6.41,783.14,0.9404,1015.45
791.26,11.78,469.5,0.2274,1264.58
410.69,350.47,426.63,0.779,1161.19
571.85,1.21,106.02,0.328,670.67
775.46,130.63,580.1,0.1006,1431.56
523.29,0.55,144.53,0.0697,670.5
431.24,0.09,414.44,0.8488,843.9
237.87,947.64,768.52,0.5437,1974.04
219.52,639.3,607.98,0.3658,1475.22
136.02,387.79,583.87,0.3729,1093.16
755.12,266.87,215.56,0.9064,1243.78
556.28,11.14,636.77,0.5556,1215.86
505.89,140.4,378.27,0.088,1029.95
968.82,6.7,412.89,0.3146,1389.09
578.09,366.15,573.28,0.5033,1539.49
703.18,326.83,621.43,0.4701,1648.77
604.5,700.92,880.97,0.4847,2227.63
290.26,604.28,639.61,0.8816,1503.25
708.65,0.86,546.06,0.3891,1251.46
326.57,23.7,738.65,0.5519,1089.43
766.71,0.42,263.84,0.3527,1041.69
842.69,306.04,603.27,0.5834,1753.73
659.01,399.15,484.63,0.4737,1512.23
84.0,0.07,642.82,0.3638,734.73
507.91,89.25,566.03,0.2149,1130.29
330.23,455.09,223.08,0.4711,990.32
348.62,82.48,752.57,0.5,1197.18
216.68,958.65,80.88,0.633,1245.31
431.93,45.51,879.46,0.5461,1346.09
926.65,40.79,795.03,0.7783,1775.92
962.3,975.24,724.76,0.4563,2704.92
80.65,781.53,199.58,0.695,1070.56
969.58,559.09,736.24,0.6848,2196.84
41.88,920.32,404.07,0.7671,1366.87
456.06,98.84,891.01,0.2402,1444.95
154.69,120.64,491.37,0.173,771.82
827.99,543.39,656.3,0.1768,2090.77
698.36,437.86,638.46,0.6159,1814.41
852.32,184.53,130.77,0.7844,1177.53
686.61,25.47,134.69,0.7526,842.49
402.35,131.76,15.69,0.5873,542.41
241.45,980.83,504.25,0.9214,1744.81
803.42,0.05,262.13,0.3049,1052.18
952.1,128.54,533.67,0.5184,1590.8
924.3,299.41,111.24,0.4656,1335.14
674.74,143.54,813.78,0.9026,1617.32
89.5,726.79,460.89,0.4727,1265.21
466.4,231.78,854.16,0.5954,1530.58
213.38,901.75,521.46,0.56,1620.63
918.39,103.56,899.78,0.2011,1952.79
210.08,54.41,878.97,0.4233,1166.4
755.27,26.45,521.91,0.8165,1317.04
264.93,643.12,500.55,0.932,1400.7
448.85,82.83,792.1,0.9325,1316.05
163.02,0.06,290.14,0.3578,447.05
145.03,119.58,849.03,0.2592,1101.75
37.98,266.85,843.77,0.3041,1152.44
82.45,45.97,6.03,0.3696,143.76
692.76,25.54,740.79,0.3123,1480.58
494.53,282.89,799.85,0.7822,1573.19
978.29,26.07,899.52,0.3967,1908.29
382.8,201.04,426.54,0.0952,1003.64
491.82,291.82,857.75,0.9103,1638.83
569.09,340.12,751.79,0.7207,1684.85
447.27,656.12,596.29,0.1933,1723.94
310.56,8.37,583.96,0.628,892.67
976.22,68.31,160.67,0.1764,1250.92
395.89,40.28,559.03,0.1016,985.9
875.75,379.93,375.71,0.1545,1601.12
265.42,57.03,120.01,0.5681,459.09
496.37,23.18,408.48,0.6914,945.0
510.09,236.41,600.91,0.8805,1352.87
738.99,653.97,822.98,0.8054,2171.85
843.1,34.78,856.78,0.2061,1758.71
158.53,469.12,391.05,0.7142,1018.47
403.28,720.23,388.93,0.6066,1562.94
212.6,65.32,130.41,0.5384,403.5
55.03,0.22,667.07,0.6886,718.13
360.69,22.43,55.58,0.5122,425.13
865.36,159.1,136.76,0.3274,1162.67
618.19,458.51,372.14,0.1108,1451.47
349.22,0.58,528.2,0.7196,888.15
613.86,72.65,732.31,0.7553,1454.7
19.88,137.67,706.81,0.2704,864.98
904.25,596.34,889.32,0.4977,2450.82
8.25,352.09,735.01,0.4355,1085.83
840.27,6.44,57.1,0.9191,901.05
772.38,870.28,729.38,0.4708,2386.26
632.25,792.81,126.97,0.6761,1532.35
359.08,355.34,224.86,0.1292,932.97
529.93,0.14,533.18,0.388,1061.04
226.48,402.61,340.92,0.703,962.17
796.94,301.58,671.93,0.5628,1793.39
61.71,927.16,756.22,0.6547,1750.25
576.81,0.84,287.46,0.3557,856.94
604.96,63.11,295.28,0.8185,970.62
813.1,61.82,431.32,0.5659,1279.73
362.28,118.46,603.34,0.4545,1077.14
425.11,150.03,585.7,0.8184,1125.14
559.73,72.71,618.25,0.8368,1289.65
844.17,0.0,821.0,0.7596,1664.27
675.3,135.98,873.63,0.3239,1629.28
522.86,10.81,732.3,0.7187,1277.17
944.05,795.73,736.19,0.1871,2467.36
305.81,185.27,877.27,0.2579,1379.51
851.93,0.0,156.81,0.3446,989.15
480.46,60.85,826.87,0.7303,1367.75
340.03,633.58,227.78,0.9013,1205.63
820.09,764.08,203.86,0.2565,1747.59
341.33,125.19,77.36,0.1817,545.81
180.14,462.77,290.21,0.0917,924.94
307.24,3.1,194.0,0.2359,498.91
524.08,241.31,818.45,0.6693,1562.9
449.19,388.23,499.62,0.2024,1341.44
196.65,40.82,660.29,0.9224,904.4
969.81,62.45,392.26,0.1966,1453.25
780.43,0.33,287.11,0.883,1077.08
297.13,817.56,310.32,0.7978,1433.45
257.01,6.55,56.4,0.4238,325.91
505.34,67.58,183.99,0.6652,757.43
32.08,897.35,848.24,0.243,1730.81
580.1,78.08,799.01,0.4342,1454.63
546.66,1.45,402.49,0.5696,960.68
293.36,273.9,0.16,0.8343,566.28
240.82,1.08,706.72,0.1009,921.77
315.53,359.64,869.22,0.2974,1524.66
370.54,132.21,74.96,0.2339,565.53
344.94,0.0,288.77,0.6527,639.57
854.12,433.57,836.38,0.6435,2119.05
539.59,841.86,1.92,0.5141,1386.54
38.11,557.81,759.58,0.5212,1338.18
142.63,838.73,43.96,0.0835,1019.31
735.24,343.08,495.19,0.7553,1624.4
850.2,1.55,883.28,0.8427,1733.45
363.61,848.92,127.35,0.1201,1344.2
933.08,906.66,444.17,0.7267,2258.96
113.46,278.62,132.18,0.6406,512.73
263.33,307.45,418.45,0.7972,973.42
295.0,469.31,58.21,0.7113,820.68
302.11,142.78,816.41,0.2811,1241.25
252.11,330.09,661.85,0.5284,1245.7
815.11,531.92,688.71,0.7301,2034.38
492.73,289.41,149.13,0.5938,905.41
847.83,1.72,695.17,0.2498,1551.57
657.96,80.14,39.27,0.5965,778.65
798.3,498.15,618.33,0.291,1921.38
497.06,92.56,605.65,0.5295,1211.1
480.79,128.21,784.95,0.2038,1395.95
221.85,29.87,551.18,0.8084,821.94
998.29,0.0,171.11,0.1284,1158.41
426.97,30.17,281.39,0.8537,727.69
313.4,124.92,370.43,0.6688,821.27
800.47,601.57,359.95,0.8295,1765.7
860.38,100.79,23.01,0.6422,973.57
930.29,3.51,440.6,0.8355,1369.65
518.16,992.81,434.38,0.221,1930.85
461.37,136.28,827.94,0.7628,1457.89
816.81,0.34,12.64,0.5423,835.69
316.44,97.69,828.33,0.6587,1265.71
933.95,4.33,157.67,0.2597,1079.33
70.99,29.69,493.79,0.2505,609.75
650.47,74.08,588.01,0.2732,1309.94
972.77,17.83,575.43,0.7386,1557.84
291.14,9.86,581.93,0.4819,903.28
89.35,0.04,333.77,0.4769,422.67
114.05,202.56,731.73,0.8686,1046.44
518.47,727.17,483.85,0.116,1777.21
2.61,23.34,41.74,0.5393,76.25
637.93,2.77,15.68,0.2891,660.6
35.28,18.39,898.95,0.7731,937.57
376.09,803.96,595.78,0.8033,1815.43
169.29,0.0,241.43,0.585,417.63
308.61,614.4,595.97,0.6391,1511.71
511.53,305.63,713.95,0.5804,1519.22
510.6,212.75,787.82,0.0547,1489.6
367.94,517.72,435.89,0.3247,1339.16
504.36,188.84,385.5,0.7025,1076.92
1.68,318.37,23.99,0.3535,321.62
613.81,460.87,739.64,0.3021,1799.18
980.8,0.08,732.43,0.0681,1750.94
641.49,109.02,508.24,0.0728,1260.75
553.3,567.07,493.58,0.4995,1555.72
389.82,57.28,66.62,0.7549,517.15
136.16,0.18,173.15,0.445,305.57
411.44,111.32,99.72,0.0996,614.02
650.53,223.81,113.95,0.1327,995.23
874.36,808.68,469.45,0.862,2158.08
657.23,273.05,404.4,0.714,1357.98
856.47,2.51,15.59,0.3903,873.29
179.13,0.11,387.54,0.7135,566.77
356.68,0.0,458.16,0.3449,789.54
451.55,4.92,289.46,0.8836,757.93
989.75,247.53,87.28,0.6492,1379.5
912.71,170.52,108.12,0.6288,1189.43
56.04,9.49,87.33,0.4509,159.1
660.4,334.94,723.24,0.2653,1741.44
712.94,28.11,348.81,0.6812,1082.74
361.63,244.95,597.88,0.886,1217.36
194.53,244.9,861.96,0.3904,1306.86
539.21,83.92,513.24,0.4326,1157.27
761.12,151.15,841.38,0.0579,1755.7
157.34,441.08,783.21,0.7557,1406.21
122.71,885.82,293.71,0.0754,1300.1
738.62,578.05,722.73,0.5531,2040.88
906.81,292.26,316.07,0.9054,1528.9
627.89,181.42,843.17,0.7503,1713.99
958.17,380.08,665.11,0.4108,2006.24
271.73,36.3,410.3,0.6812,703.5
372.13,15.28,691.65,0.7588,1068.08
217.56,10.65,596.53,0.7453,818.36
870.67,429.46,437.34,0.2906,1703.35
283.73,0.98,129.51,0.0614,405.32
835.21,154.96,350.5,0.2636,1315.97
973.39,42.13,762.76,0.8953,1790.8
591.44,27.55,30.05,0.7129,635.91
689.2,0.05,125.5,0.4037,829.3
84.9,32.12,496.69,0.1508,596.99
68.7,127.1,257.87,0.0856,451.05
730.45,299.2,615.88,0.5456,1624.53
62.38,6.94,632.97,0.3522,694.11
27.05,655.05,754.18,0.1044,1419.45
214.55,8.84,232.27,0.3173,441.83
969.85,0.09,290.6,0.6507,1246.99
191.13,4.73,538.15,0.1859,721.76
749.69,40.62,805.08,0.4968,1594.2
192.76,684.89,113.01,0.334,999.54
987.73,925.24,622.86,0.262,2571.32
60.1,0.23,846.73,0.5932,897.78
781.32,0.45,470.15,0.2262,1279.16
229.07,2.54,834.17,0.8779,1027.5
786.2,8.21,357.27,0.253,1162.97
423.87,413.33,670.33,0.449,1530.44
602.9,812.46,135.05,0.4144,1544.76
548.71,498.49,416.37,0.8789,1470.83
445.95,0.0,509.54,0.2335,964.69
429.74,91.12,774.59,0.0782,1279.47
632.32,240.62,285.99,0.2102,1152.8
892.34,18.16,442.58,0.8981,1312.48
870.74,410.8,436.88,0.904,1699.95
854.59,7.73,318.78,0.1601,1210.53
169.09,16.6,53.66,0.3246,242.81
685.35,259.91,598.92,0.6584,1595.46
213.83,401.09,433.97,0.6171,1066.45
386.31,84.03,623.12,0.8709,1081.33
761.11,266.46,818.91,0.7797,1818.67
222.3,758.29,537.7,0.4547,1498.75
281.72,528.68,474.97,0.8339,1291.1
260.22,899.92,362.19,0.7393,1524.72
417.08,402.41,626.63,0.8951,1457.78
324.18,643.39,828.96,0.9087,1792.27
695.37,504.01,583.07,0.3377,1813.77
227.57,80.23,309.15,0.2049,611.64
471.93,146.35,451.84,0.6704,1063.41
500.81,17.63,874.49,0.1042,1405.68
59.92,1.3,815.64,0.6331,886.64
588.36,4.59,58.38,0.0943,645.45
179.4,65.61,789.0,0.3907,1030.64
120.77,966.49,130.72,0.3545,1209.13
454.93,38.65,643.65,0.0797,1149.81
580.23,973.27,870.79,0.6136,2443.67
550.05,814.44,600.46,0.1843,2002.98
902.21,10.19,591.16,0.8404,1470.84
923.64,5.84,321.45,0.8988,1267.68
23.28,650.35,624.35,0.8345,1327.29
981.51,418.9,683.42,0.4342,2070.32
205.56,0.2,811.32,0.5816,1030.71
338.03,404.73,366.19,0.7784,1091.59
247.43,22.76,21.0,0.6471,286.92
413.39,503.32,858.36,0.713,1788.73
449.62,169.55,259.3,0.2697,879.84
480.87,11.4,420.63,0.7811,930.57
321.9,89.21,445.94,0.2954,875.21
29.0,114.88,584.12,0.4696,707.75
155.03,92.99,262.62,0.8629,510.05
521.43,76.4,825.5,0.5518,1435.92
586.57,360.06,28.79,0.2721,947.18
415.58,191.47,824.3,0.5592,1443.25
525.86,78.72,581.16,0.6231,1197.48
997.29,0.02,686.01,0.8194,1635.86
757.39,1.16,488.28,0.3402,1264.21
647.17,65.27,149.45,0.5959,863.38
42.24,552.9,888.07,0.358,1442.06
995.82,100.14,828.61,0.7541,1889.76
122.51,475.14,212.89,0.7227,827.34
783.92,713.94,451.57,0.4399,1944.89
235.98,976.83,657.73,0.7422,1868.9
441.11,42.18,24.54,0.7787,521.5
342.95,136.61,520.22,0.6417,999.17
196.72,323.77,677.28,0.0655,1160.37
416.72,693.46,849.36,0.5754,1946.61
938.07,19.64,443.3,0.3678,1409.83
894.3,15.72,715.81,0.7279,1620.14
108.99,64.31,834.18,0.3793,1010.83
725.56,325.09,522.13,0.3766,1540.99
229.54,207.21,896.53,0.7551,1329.51
569.5,350.89,451.72,0.8127,1405.89
247.45,178.74,220.87,0.5321,648.98
727.56,19.76,656.36,0.1614,1405.83
314.87,235.05,776.12,0.1704,1329.05
683.32,433.67,872.37,0.4847,1985.41
695.95,162.15,730.71,0.7637,1641.79
397.04,107.64,824.44,0.4424,1342.42
683.51,1.55,692.47,0.0635,1333.04
568.4,4.75,705.77,0.8101,1295.86
41.26,144.29,576.51,0.2014,752.1
526.39,644.07,734.25,0.1688,1916.55
502.87,101.36,146.1,0.7229,734.87
205.51,0.03,548.23,0.9332,760.66
252.7,664.73,484.26,0.5088,1418.57
60.67,194.41,726.03,0.7279,980.25
502.76,239.16,564.47,0.3922,1305.42
838.9,0.3,863.34,0.8095,1659.8
122.03,400.51,489.3,0.634,1028.75
883.69,160.08,508.92,0.9415,1564.46
688.81,650.92,891.85,0.7813,2202.11
191.34,666.13,793.09,0.5873,1637.07
623.77,161.83,165.04,0.6419,952.36
536.5,731.71,98.26,0.9099,1382.39
949.82,8.08,48.86,0.6089,998.25
734.89,217.57,462.86,0.8623,1431.25
271.55,519.7,316.47,0.5568,1076.33
294.46,45.02,36.63,0.3016,370.67
16.81,557.78,796.81,0.2096,1396.41
441.97,2.09,22.47,0.6472,471.4
891.02,492.4,651.86,0.8085,1980.43
626.9,8.79,467.78,0.3727,1117.61
734.53,27.51,110.61,0.8415,873.06
205.42,0.01,466.72,0.7928,658.5
743.78,104.72,800.51,0.7404,1647.79
239.47,217.39,19.42,0.5193,476.3
738.47,467.6,285.38,0.4083,1459.65
267.28,0.64,350.11,0.7405,618.16
43.71,293.71,662.05,0.5925,996.35
191.05,67.59,322.39,0.1417,572.67
924.62,2.97,506.11,0.4368,1439.0
580.33,94.14,406.35,0.1793,1069.97
579.93,0.18,337.89,0.246,913.75
118.86,227.59,523.37,0.5835,895.33
722.04,598.32,374.71,0.4397,1702.84
605.17,132.4,663.43,0.3291,1403.54
701.92,269.67,385.69,0.0913,1329.27
730.77,57.31,180.95,0.5498,974.97
457.2,965.58,665.28,0.9364,2085.57
87.13,898.94,778.72,0.5563,1773.46
738.75,0.01,822.99,0.6775,1551.82
164.54,0.19,693.44,0.1651,852.25
358.19,165.54,625.33,0.239,1132.69
337.6,817.9,399.63,0.2813,1547.44
180.37,448.03,287.34,0.9344,920.09
611.56,24.52,160.57,0.12,818.27
979.62,9.97,894.08,0.6043,1879.91
988.35,927.63,511.23,0.5244,2442.89
219.78,58.78,744.83,0.1488,1045.7
315.69,197.65,170.46,0.8853,694.52
81.27,34.6,38.87,0.1609,155.93
329.46,141.11,261.81,0.349,723.96
874.91,0.0,542.05,0.1779,1423.74
835.95,287.99,605.85,0.8163,1752.9
707.67,1.73,38.08,0.6247,743.0
45.88,0.25,881.72,0.2508,920.42
266.53,818.27,66.44,0.5389,1131.57
692.11,724.92,0.36,0.0649,1414.35
401.62,706.1,250.98,0.8135,1388.4
77.4,413.69,686.38,0.135,1193.7
80.46,691.24,174.53,0.0698,939.18
184.33,148.39,744.12,0.1892,1027.77
531.54,16.75,37.4,0.2866,585.84
367.93,368.44,368.84,0.3923,1110.46
463.93,957.1,517.02,0.8935,1941.8
414.04,229.97,126.72,0.5243,777.16
483.75,6.26,779.6,0.122,1264.41
944.12,1.2,390.32,0.5765,1301.23
865.38,71.08,871.13,0.3481,1761.82
506.26,473.78,172.95,0.7182,1153.56
262.48,925.35,590.82,0.4663,1723.85
435.26,1.21,447.81,0.9099,887.91
52.87,407.44,408.96,0.3512,848.57
930.0,15.67,180.47,0.5305,1113.24
149.8,195.78,517.04,0.5949,867.02
290.05,35.39,750.92,0.6126,1072.87
613.27,42.73,776.38,0.7049,1470.65
56.17,0.04,24.78,0.4972,87.65
674.53,112.51,84.13,0.0552,870.99
533.34,201.85,317.71,0.121,1038.48
405.71,79.12,343.31,0.1035,840.29
664.81,4.45,241.72,0.5422,910.85
997.93,122.38,794.01,0.2342,1932.99
321.8,816.09,496.06,0.6386,1660.49
487.69,194.58,261.36,0.7122,920.51
561.31,47.02,608.85,0.1429,1212.96
895.64,13.01,781.6,0.8465,1657.44
80.72,446.68,862.72,0.2801,1377.3
208.17,46.39,797.32,0.3237,1052.64
146.97,54.34,846.66,0.2537,1052.29
919.55,483.65,853.19,0.8994,2215.68
601.66,77.8,614.46,0.7183,1264.38
799.87,68.52,591.06,0.4349,1404.78
693.9,159.14,767.63,0.7574,1658.01
765.77,770.69,141.0,0.6264,1706.47
499.65,639.05,653.04,0.5746,1824.65
173.29,806.44,191.23,0.2003,1175.34
936.22,97.88,479.76,0.3911,1519.62
66.66,0.0,485.1,0.2241,552.37
460.32,151.06,803.53,0.0889,1399.35
131.86,795.36,825.71,0.1759,1760.25
98.08,3.95,140.12,0.1972,241.47
377.91,16.37,375.37,0.8544,757.95
286.47,764.44,289.45,0.1598,1314.48
281.79,140.57,691.19,0.559,1097.31
344.7,4.8,355.2,0.4207,689.65
686.84,29.61,836.39,0.298,1582.89
32.7,305.83,558.19,0.5764,890.42
590.88,226.89,789.62,0.2181,1612.42
712.1,29.18,197.54,0.166,938.39
666.08,232.57,154.58,0.492,1046.09
935.97,379.71,156.0,0.3107,1478.51
557.12,45.1,538.58,0.4005,1133.52
873.54,4.13,609.7,0.8038,1465.04
871.51,73.85,276.95,0.9357,1209.0
290.51,148.62,579.12,0.6907,1030.3
616.6,608.21,723.29,0.3148,1983.77
12.59,472.76,285.4,0.8971,795.05
881.16,15.98,716.77,0.3494,1641.87
904.34,373.95,576.51,0.1661,1840.23
123.51,0.42,851.92,0.5832,976.86
469.03,23.58,138.52,0.7872,636.54
166.35,12.59,641.2,0.2217,807.54
902.35,180.5,155.71,0.8239,1237.14
834.23,0.49,145.64,0.1326,990.38
387.38,72.0,329.89,0.4317,787.99
159.66,184.3,782.25,0.9447,1115.97
411.23,14.01,510.21,0.3743,934.4
935.2,34.36,320.78,0.5315,1293.17
752.46,1.0,45.98,0.6604,814.34
672.75,27.44,154.96,0.1501,845.24
403.03,0.57,222.09,0.8254,620.29
853.34,844.81,60.26,0.8989,1723.3
698.27,65.51,553.16,0.6528,1316.4
431.12,8.82,107.38,0.5827,541.84
257.57,0.0,873.68,0.4774,1136.32
75.22,238.58,686.34,0.0926,1001.81
142.01,3.17,553.32,0.6073,708.77
510.17,103.82,433.1,0.351,1047.05
265.65,748.86,240.04,0.3871,1254.97
742.69,469.27,649.51,0.3227,1872.79
817.03,668.74,821.63,0.8225,2374.84
153.51,301.34,584.48,0.2731,1004.26
998.24,4.79,340.72,0.4019,1368.85
788.07,353.85,195.27,0.822,1331.35
550.91,321.27,786.74,0.2542,1684.55
671.58,696.4,695.06,0.873,2044.32
425.46,28.75,447.46,0.7797,918.12
35.15,301.87,9.26,0.138,327.09
831.0,32.19,512.11,0.5425,1387.86
544.85,0.0,737.97,0.7233,1293.23
262.33,6.87,857.49,0.8112,1104.96
466.21,534.44,532.41,0.3195,1557.06
409.09,43.55,218.07,0.4084,661.04
196.19,2.85,621.21,0.5237,796.45
907.9,98.18,298.56,0.2446,1316.0
273.75,651.28,802.79,0.4213,1722.62
130.35,367.26,791.18,0.42,1264.87
81.09,178.57,574.81,0.6299,839.37
94.75,21.62,623.76,0.5829,749.88
784.18,104.47,480.37,0.6437,1368.15
364.21,1.81,215.5,0.7966,590.94
860.46,702.16,725.35,0.7359,2308.61
269.29,349.03,270.94,0.3876,875.14
705.87,1.21,649.08,0.7644,1355.41
685.12,0.88,688.75,0.6407,1354.4
760.54,144.8,839.06,0.8884,1702.07
440.58,7.82,297.65,0.2508,744.2
0.64,495.67,143.05,0.2967,628.78
353.95,0.46,773.02,0.4235,1137.74
46.96,5.14,752.24,0.4674,793.96
46.68,716.56,235.54,0.4198,996.76
667.64,457.33,424.35,0.6757,1526.62
170.29,187.82,833.03,0.3607,1146.65
416.08,326.55,564.32,0.4794,1287.47
264.54,31.12,659.24,0.4067,954.0
445.86,80.61,645.9,0.6533,1176.01
207.41,407.61,266.58,0.0501,876.84
11.8,0.94,37.02,0.5957,38.0
809.17,45.23,301.66,0.5133,1162.99
696.4,8.81,687.16,0.5061,1411.69
516.81,23.44,685.03,0.0764,1240.17
543.18,5.42,21.69,0.0919,580.49
487.72,354.27,120.42,0.1931,954.26
227.92,567.46,85.54,0.8032,891.89
147.67,38.6,299.8,0.1705,483.88
677.84,389.9,182.61,0.6996,1245.22
42.5,7.37,308.01,0.0823,364.13
356.25,790.39,572.22,0.8909,1706.97
868.1,2.5,213.25,0.1403,1075.0
202.45,404.16,679.43,0.3114,1269.35
163.65,0.07,148.54,0.2712,315.03
109.79,27.74,767.2,0.8199,925.37
98.01,0.0,509.05,0.5929,622.25
797.04,873.59,298.52,0.9013,2032.57
475.64,7.67,525.99,0.114,1005.6
173.17,72.75,619.25,0.3504,870.77
971.49,670.65,897.27,0.2093,2563.56
784.24,801.77,216.8,0.939,1749.31
772.11,139.3,267.84,0.148,1186.4
647.4,169.91,389.48,0.6135,1208.41
141.32,17.89,388.61,0.408,545.14
941.91,152.32,239.09,0.769,1352.01
492.17,982.83,787.29,0.8866,2215.98
462.15,454.94,140.41,0.7421,1072.32
887.21,72.83,225.24,0.8752,1161.26
462.97,887.58,542.15,0.5783,1847.33
834.72,200.49,559.48,0.8926,1600.48
790.91,532.95,57.05,0.7001,1360.1
536.37,1.37,71.04,0.0712,590.81
621.21,185.31,458.8,0.4255,1240.33
883.24,564.55,643.54,0.3131,2108.45
861.22,851.36,557.15,0.3497,2279.54
327.37,43.22,383.02,0.8915,742.08
404.37,261.37,257.71,0.0579,899.98
332.45,13.39,481.52,0.195,816.8
512.3,925.12,219.53,0.4703,1649.04
712.91,142.24,660.06,0.8278,1532.04
835.66,18.14,728.41,0.623,1570.0
463.93,162.26,211.12,0.4983,854.19
381.57,55.67,312.68,0.7861,749.7
580.33,918.93,27.08,0.2479,1510.52
716.71,53.35,80.79,0.5125,853.21
422.89,601.17,261.44,0.4956,1262.68
525.57,638.4,136.98,0.5986,1281.41
353.42,0.0,479.69,0.9368,831.76
234.25,11.59,505.92,0.2209,738.36
696.32,244.49,3.58,0.4735,950.93
506.99,402.4,613.85,0.8865,1543.99
825.37,17.66,501.78,0.6061,1328.52
102.37,81.86,177.29,0.4886,364.35
483.42,53.72,12.16,0.6105,558.3
582.37,695.31,777.97,0.5032,2026.59
533.31,59.47,265.59,0.1919,850.48
61.64,41.1,149.8,0.1045,244.17
455.97,174.63,804.93,0.6655,1431.77
553.3,8.15,764.87,0.4771,1331.78
6.35,88.5,304.99,0.3175,405.77
824.54,644.88,720.66,0.7805,2210.2
693.57,438.82,199.04,0.9115,1332.94
262.76,93.91,740.94,0.6732,1104.33
438.65,430.59,624.58,0.2206,1551.11
674.84,14.59,276.82,0.4275,978.25
951.44,984.31,620.32,0.4212,2604.69
592.99,111.79,603.65,0.918,1299.12
370.62,191.25,315.64,0.2084,863.86
39.38,53.6,875.43,0.4804,961.19
834.29,5.74,225.75,0.9162,1074.52
321.91,271.18,438.99,0.8532,1043.7
660.81,3.32,224.88,0.0739,875.58
562.52,29.17,208.92,0.4577,772.82
852.95,575.68,536.53,0.8614,1923.3
490.91,215.98,76.89,0.2457,777.17
112.25,530.64,153.2,0.4266,788.31
157.93,14.2,435.95,0.1461,613.33
23.19,129.9,740.05,0.7797,872.96
687.44,970.03,381.07,0.8724,2049.47
176.84,87.67,837.72,0.2008,1087.22
267.26,0.0,114.39,0.4336,380.16
213.72,613.38,889.11,0.4678,1673.89
577.81,0.22,99.51,0.5116,670.14
98.48,186.87,729.9,0.9348,1012.52
106.04,0.45,184.74,0.3019,302.4
645.21,836.49,376.96,0.4191,1871.75
437.52,494.76,627.03,0.7608,1579.78
4.29,13.36,588.83,0.4516,612.97
64.79,839.5,763.6,0.3371,1662.29
146.76,2.46,300.27,0.3031,436.29
24.36,163.93,768.71,0.0733,945.34
379.99,10.06,211.83,0.783,608.19
45.88,68.33,735.05,0.6702,839.25
773.09,5.0,60.14,0.4663,824.55
547.7,302.99,228.89,0.9395,1111.11
714.97,68.12,615.98,0.9351,1393.08
435.93,338.65,771.17,0.6235,1539.86
645.16,241.49,39.28,0.5962,921.51
289.47,13.64,691.1,0.1084,988.97
701.07,9.16,105.85,0.9346,814.34
268.77,3.65,6.4,0.7248,276.51
194.56,737.61,626.7,0.7794,1554.0
916.71,40.87,140.77,0.056,1087.66
853.86,232.45,41.0,0.1461,1140.04
384.89,464.41,842.9,0.7304,1683.55
649.67,211.01,763.12,0.2303,1647.21
599.78,108.92,261.98,0.0734,972.31
107.43,53.74,446.54,0.3467,608.39
328.49,137.64,85.67,0.441,547.97
861.83,5.99,304.77,0.2834,1165.31
385.62,749.45,335.64,0.2949,1499.44
715.47,50.52,674.39,0.6247,1417.56
111.01,157.34,631.91,0.9479,888.96
140.69,917.03,412.89,0.4894,1469.14
813.63,148.29,876.51,0.5171,1807.97
770.31,3.22,255.01,0.8955,995.6
776.66,8.86,667.73,0.5846,1475.52
446.14,92.99,290.12,0.5342,833.6
848.49,721.83,351.74,0.9037,1908.01
847.88,708.01,306.29,0.7814,1871.63
977.04,210.94,624.73,0.3258,1803.91
163.1,2.87,398.19,0.3133,568.22
841.52,157.33,767.14,0.5766,1746.1
745.14,397.37,247.41,0.765,1396.16
80.94,0.19,793.13,0.931,889.36
170.79,74.72,18.94,0.7896,282.66
335.15,178.17,628.26,0.8664,1134.53
191.03,1.29,592.69,0.1659,777.33
456.24,72.26,234.82,0.8616,746.62
524.68,76.11,324.4,0.4092,940.69
421.41,0.0,830.92,0.5836,1235.14
126.59,53.4,551.01,0.8953,737.59
352.78,17.01,379.07,0.7629,756.96
934.97,16.86,677.44,0.6255,1615.88
843.88,223.82,704.22,0.5802,1736.65
47.49,268.47,800.1,0.6353,1107.35
990.97,3.81,620.2,0.8575,1627.42
173.66,15.56,792.25,0.9295,987.34
474.0,297.62,93.56,0.9312,862.57
596.32,2.93,852.7,0.8562,1435.74
507.85,42.21,339.44,0.4974,894.5
128.69,272.76,823.66,0.2964,1218.6
794.46,136.39,474.73,0.74,1422.77
714.92,763.19,91.71,0.1042,1535.1
735.4,59.88,418.04,0.7055,1222.76
600.13,615.51,406.13,0.8373,1615.24
401.86,17.79,657.28,0.6097,1067.81
546.7,651.36,258.7,0.7075,1460.25
113.92,147.46,208.2,0.1056,460.62
977.54,714.76,881.82,0.0757,2553.47
235.1,399.9,880.3,0.4157,1548.07
88.44,249.12,810.0,0.6433,1152.04
487.48,91.11,332.84,0.7882,910.78
299.62,138.9,104.13,0.0912,538.73
867.56,17.02,866.78,0.3545,1735.79
812.04,11.23,818.46,0.6381,1614.45
956.62,23.76,208.76,0.8584,1176.44
722.67,0.04,828.94,0.4183,1540.52
981.25,408.14,714.12,0.5007,2085.94
290.88,139.07,342.55,0.4326,771.33
810.85,10.35,426.21,0.643,1239.96
342.43,18.36,119.57,0.7821,484.25
456.27,2.33,462.69,0.2907,920.63
526.83,316.92,51.1,0.1006,922.86
206.76,3.63,865.93,0.212,1084.95
814.98,35.55,416.77,0.5487,1258.23
296.0,893.29,246.2,0.7811,1449.27
645.73,95.6,529.46,0.5361,1214.78
802.84,681.97,230.0,0.1723,1699.03
211.9,649.97,92.34,0.1319,934.09
11.85,417.9,357.43,0.9008,802.32
703.0,318.79,292.24,0.8534,1310.88
551.38,63.14,391.81,0.0992,1001.19
948.33,574.77,792.16,0.6916,2302.29
898.59,155.6,824.37,0.4237,1817.35
471.68,0.01,179.06,0.8851,632.71
46.57,904.86,835.2,0.6908,1791.54
294.98,647.78,54.54,0.2636,1009.71
716.33,55.64,824.35,0.7726,1574.46
299.0,107.12,593.83,0.9273,1004.96
626.76,294.45,170.05,0.459,1090.27
421.13,2.77,583.33,0.2188,1004.51
495.99,0.06,599.47,0.5849,1102.5
95.21,1.9,598.84,0.079,684.98
763.77,4.65,446.16,0.1387,1224.25
879.37,427.3,169.67,0.2431,1503.72
632.29,197.46,256.19,0.9021,1107.01
651.61,748.5,264.61,0.3198,1689.72
160.4,2.74,818.34,0.822,977.06
660.62,13.57,20.58,0.4474,691.42
679.86,220.64,832.84,0.2384,1726.35
79.63,821.12,409.19,0.4115,1301.8
427.75,37.54,187.81,0.4459,663.08
914.1,7.0,623.1,0.056,1521.3
280.15,0.06,354.82,0.8533,632.48
287.3,4.72,883.45,0.4394,1184.82
91.87,90.29,426.87,0.2803,618.48
350.55,14.99,328.78,0.6217,706.61
409.27,621.88,580.43,0.6233,1674.81
750.06,0.05,192.24,0.4215,943.91
28.04,88.04,107.84,0.257,225.29
98.48,570.73,74.63,0.5768,737.18
106.52,99.08,310.88,0.0907,509.02
299.18,479.74,766.25,0.1097,1564.15
339.09,274.73,256.65,0.2497,875.06
681.44,115.86,601.62,0.0537,1386.3
609.49,275.82,175.0,0.3489,1106.54
898.52,25.95,793.8,0.8453,1729.87
870.82,0.45,113.55,0.416,1003.22
970.55,101.76,6.64,0.2134,1069.45
689.98,201.78,788.5,0.289,1690.88
144.25,268.64,686.12,0.5121,1082.52
185.87,814.96,545.55,0.7836,1540.52
251.31,112.25,482.61,0.4145,825.74
450.37,49.02,36.04,0.6735,532.4
311.25,901.22,888.23,0.5617,2114.99
545.53,17.8,63.02,0.36,618.73
922.29,916.17,478.55,0.5569,2327.55
747.45,4.25,856.76,0.5642,1616.15
196.22,505.94,114.99,0.8162,811.12
35.26,36.28,456.19,0.1184,529.37
980.26,216.15,444.34,0.8302,1655.45
901.19,0.05,89.66,0.6039,1024.57
521.05,589.55,844.61,0.3502,1989.25
504.0,285.66,112.89,0.107,894.83
598.45,559.24,104.2,0.2047,1254.39
650.13,233.27,383.0,0.1718,1270.31
258.97,0.0,853.88,0.2032,1115.44
798.57,984.94,558.49,0.278,2375.19
59.65,1.3,638.63,0.7965,700.37
738.39,262.6,458.7,0.3103,1434.77
247.96,9.09,98.95,0.6431,353.3
134.16,1.14,813.98,0.6445,979.13
710.29,459.57,415.55,0.2645,1590.97
358.21,103.64,464.12,0.0739,939.5
358.53,535.59,50.67,0.5506,937.81
93.3,70.8,368.34,0.728,536.24
830.38,0.11,464.14,0.6341,1292.84
69.13,20.46,343.31,0.3619,444.67
166.94,706.72,850.12,0.208,1728.16
998.19,15.23,452.46,0.733,1491.6
833.17,42.23,108.59,0.6588,997.68
646.06,106.11,412.75,0.8434,1169.74
624.51,915.08,242.77,0.6697,1842.3
598.92,545.56,830.51,0.4344,1954.3
335.07,288.84,789.87,0.6669,1396.78
837.63,16.09,672.21,0.6239,1519.41
975.09,70.2,211.37,0.8053,1265.38
745.27,799.75,739.42,0.6198,2296.57
488.91,0.43,661.44,0.6952,1117.43
406.1,3.05,92.4,0.3609,503.67
521.37,4.95,217.64,0.3636,739.61
839.44,977.17,539.33,0.4003,2337.75
511.02,230.48,294.25,0.3415,1028.64
659.96,91.29,501.94,0.5043,1226.09
870.34,0.75,191.72,0.5555,1073.62
595.35,777.92,257.4,0.1856,1611.57
59.06,494.45,411.72,0.2802,975.65
777.36,823.0,359.49,0.6705,1976.15
865.48,750.33,567.23,0.6431,2210.91
591.56,84.48,666.29,0.929,1370.34
309.57,125.33,537.36,0.124,954.04
102.46,133.05,78.28,0.3752,309.18
7.46,20.63,334.56,0.581,372.31
639.75,713.99,146.34,0.3097,1504.35
5.18,93.44,407.6,0.9016,501.97
906.33,200.53,269.98,0.1834,1390.24
17.64,37.67,470.76,0.5525,519.97
963.97,3.26,897.74,0.6722,1840.01
634.33,9.93,675.59,0.8134,1321.05
873.94,0.26,865.76,0.8953,1739.23
637.41,606.97,544.41,0.493,1828.66
207.54,617.55,396.49,0.3127,1221.42
637.3,6.1,676.04,0.4052,1351.69
157.15,0.18,145.4,0.2125,302.5
492.57,445.99,672.27,0.2707,1602.71
769.06,0.62,515.11,0.4214,1309.89
367.12,122.24,320.04,0.4666,804.28
730.6,3.48,120.16,0.4981,863.46
563.86,230.78,246.71,0.633,1030.85
495.89,209.49,550.91,0.6052,1234.67
499.5,833.34,851.77,0.3518,2181.41
420.94,924.86,834.66,0.4456,2146.31
686.02,49.66,594.33,0.4292,1330.05
378.72,505.69,541.24,0.6649,1441.66
796.23,132.28,228.79,0.3771,1150.12
238.76,476.06,206.42,0.3517,921.42
697.7,61.46,680.13,0.8618,1451.77
915.9,155.79,403.95,0.7663,1489.74
682.53,68.17,240.54,0.3743,974.19
563.97,788.75,411.0,0.65,1770.35
731.69,974.59,721.83,0.0857,2452.7
999.89,0.05,537.47,0.5895,1548.06
875.31,539.99,154.84,0.1427,1581.34
886.72,0.95,581.56,0.6649,1440.68
229.78,583.68,378.07,0.4995,1183.12
183.19,84.77,242.39,0.3201,515.42
626.54,23.6,149.09,0.7776,805.28
858.89,477.17,334.64,0.5555,1630.63
358.02,13.74,146.85,0.8959,513.19
590.08,64.11,356.35,0.3387,1023.07
738.76,149.91,404.04,0.6221,1302.64
824.17,0.28,812.35,0.522,1638.43
390.98,150.81,198.29,0.4976,741.94
293.99,9.55,774.19,0.8152,1090.77
231.46,91.35,833.08,0.7515,1172.53
702.74,379.52,134.66,0.3622,1226.21
177.27,0.42,761.77,0.7527,938.51
528.12,0.07,133.67,0.2815,653.4
304.94,532.38,21.19,0.0539,849.48
730.95,861.55,283.9,0.5512,1903.31
1.26,0.0,87.59,0.8369,87.85
898.31,581.97,688.58,0.3683,2163.71
103.36,0.02,160.0,0.0672,267.14
388.85,147.33,430.96,0.3051,938.66
542.29,644.4,674.73,0.8883,1925.06
845.71,377.25,848.7,0.309,2047.62
508.16,83.3,419.18,0.4393,1010.49
944.41,291.42,173.5,0.4285,1374.93
670.99,0.35,588.72,0.4701,1262.9
63.52,0.15,802.96,0.5691,871.19
17.5,458.3,189.56,0.3951,662.71
134.53,505.68,751.76,0.5175,1374.45
340.56,530.5,659.2,0.3676,1522.32
357.74,40.11,860.99,0.6146,1267.51
283.56,48.34,419.55,0.929,746.56
154.05,973.09,242.37,0.6096,1370.11
615.76,793.82,763.29,0.0815,2141.35
720.85,51.4,818.58,0.7708,1564.46
223.08,9.61,198.49,0.5803,430.86
148.88,165.04,225.26,0.8694,535.45
115.62,16.06,850.07,0.3191,990.38
50.46,58.32,553.32,0.4096,656.2
979.92,135.43,417.27,0.6841,1532.72
59.8,83.79,449.77,0.3267,594.19
886.98,604.07,570.4,0.7648,2105.93
25.68,135.37,368.99,0.8435,524.64
381.85,0.01,247.39,0.3744,636.94
903.28,10.79,707.32,0.7057,1647.21
16.17,0.03,557.32,0.8124,575.66
773.68,127.16,236.58,0.0858,1155.26
474.23,673.3,333.17,0.2984,1464.7
604.35,349.27,81.97,0.125,1025.01
548.27,0.8,387.17,0.6202,943.39
186.5,798.69,30.93,0.2953,994.21
283.37,321.84,21.43,0.0849,618.45
27.68,59.34,207.13,0.3399,302.66
432.2,0.0,492.13,0.1484,936.07
327.31,20.15,100.52,0.3186,422.82
251.14,0.03,803.34,0.6363,1059.55
408.09,188.47,632.68,0.371,1207.71
772.36,23.66,299.52,0.2155,1093.11
811.32,179.42,319.22,0.4192,1315.5
514.27,168.85,548.71,0.7147,1232.98
684.33,295.58,833.82,0.7128,1797.67
897.96,729.97,316.36,0.7748,1998.17
206.84,62.55,373.91,0.5995,629.31
305.61,428.22,700.71,0.6765,1456.68
571.72,22.44,123.53,0.3507,727.32
652.62,620.95,142.82,0.6435,1358.79
380.1,5.19,269.59,0.8227,662.55
108.6,7.87,759.28,0.4191,869.44
561.22,130.39,410.56,0.7461,1067.09
127.05,68.12,254.49,0.8594,444.07
292.33,68.1,377.29,0.8886,728.45
18.43,389.15,86.89,0.6177,494.28
762.71,166.51,157.71,0.8546,1095.73
420.68,226.33,497.18,0.5308,1165.56
493.98,11.41,718.06,0.8139,1232.92
736.73,1.51,8.87,0.0623,720.19
814.11,30.2,832.17,0.429,1689.2
459.08,246.44,455.14,0.4466,1151.05
699.34,43.02,873.52,0.4106,1653.63
859.65,9.09,151.3,0.6967,1022.91
417.35,91.77,705.19,0.5669,1239.83
987.49,359.37,250.97,0.7403,1563.45
430.79,286.89,441.36,0.1648,1177.74
443.65,41.57,420.96,0.5738,907.44
908.69,320.37,894.86,0.1917,2114.16
790.43,254.25,775.9,0.661,1824.18
672.7,9.48,402.24,0.6724,1089.41
382.54,362.57,849.74,0.2577,1663.88
135.02,95.83,268.41,0.4707,506.68
246.93,41.84,840.46,0.3173,1117.89
311.03,822.35,384.51,0.7867,1522.24
135.78,122.51,631.58,0.8107,915.31
986.65,117.1,452.06,0.8227,1567.38
757.38,182.92,121.87,0.0796,1052.7
866.49,951.45,606.77,0.6312,2479.54
642.3,116.5,339.6,0.6642,1073.65
503.89,435.72,746.98,0.491,1644.28
572.37,2.11,82.33,0.7872,658.63
417.27,69.81,884.76,0.6847,1380.82
669.91,20.24,325.01,0.2149,1016.07
77.91,738.43,176.8,0.2422,978.29
319.78,4.62,887.09,0.3017,1152.87
726.08,14.63,249.92,0.5312,952.09
739.53,27.83,38.87,0.5967,833.45
343.89,269.85,856.52,0.8631,1483.16
959.28,61.92,90.95,0.457,1105.5
801.42,825.27,465.44,0.3858,2076.89
606.85,332.47,569.16,0.2256,1523.86
74.27,140.92,192.78,0.8503,409.27
112.41,89.19,162.19,0.0894,357.4
313.73,774.16,833.46,0.8913,1916.54
518.89,0.01,544.03,0.5076,1078.93
52.62,1.15,281.73,0.2678,339.75
851.29,0.02,196.09,0.8753,1095.21
355.24,520.52,137.01,0.6264,1015.87
471.97,4.65,520.92,0.7234,1012.42
379.13,22.93,617.02,0.2749,1002.48
182.37,49.63,395.33,0.7024,603.0
425.95,284.68,490.46,0.7592,1199.6
212.74,750.21,796.83,0.3775,1784.6
515.23,533.09,673.22,0.9162,1695.95
736.07,0.0,829.57,0.229,1541.9
843.08,108.98,597.4,0.3753,1535.67
845.46,710.99,410.67,0.6981,1998.22
939.65,385.13,388.15,0.4983,1729.18
941.0,16.59,163.22,0.4569,1164.43
682.71,16.5,238.46,0.2621,924.3
957.1,703.57,454.06,0.3901,2110.38
806.22,275.38,37.14,0.1181,1123.4
532.32,886.42,126.97,0.7769,1551.45
377.63,4.24,221.68,0.6465,612.05
885.6,433.13,715.0,0.7163,2036.06
730.89,215.13,45.87,0.3062,980.98
542.91,5.88,474.5,0.9118,1072.71
151.48,102.98,405.52,0.8755,646.15
243.33,11.31,31.1,0.7173,289.08
787.95,166.67,640.48,0.2329,1604.72
418.15,45.42,455.53,0.7235,914.86
594.31,11.52,265.87,0.8651,893.37
94.93,781.64,24.0,0.724,903.25
666.37,6.48,807.43,0.0949,1498.42
783.04,182.59,379.69,0.442,1345.37
994.87,305.71,438.35,0.3397,1737.05
922.62,10.5,310.93,0.1085,1240.8
767.02,252.47,730.65,0.7437,1723.6
452.44,0.59,481.86,0.7439,934.46
449.23,400.9,15.16,0.6416,871.13
970.67,388.93,117.8,0.4985,1494.31
400.93,483.9,522.99,0.7078,1428.71
688.34,435.12,196.7,0.1388,1321.79
808.75,873.9,843.15,0.0616,2480.62
886.53,7.86,501.66,0.9362,1383.47
953.44,160.82,309.93,0.1945,1389.52
706.69,35.15,366.96,0.8935,1125.31
373.27,752.49,846.54,0.7725,1975.55
125.46,491.93,755.13,0.6934,1355.36
652.43,346.35,798.69,0.1752,1797.1
403.7,534.7,804.33,0.3006,1743.27
607.71,4.53,713.14,0.4738,1334.41
548.35,578.14,44.18,0.445,1178.27
193.94,177.16,675.45,0.494,1035.54
292.98,26.56,150.15,0.7557,472.61
149.77,0.0,349.44,0.4432,505.27
766.17,71.32,3.84,0.5985,848.76
25.04,469.77,221.25,0.7298,719.2
883.31,45.94,585.07,0.5614,1526.39
329.34,215.45,486.79,0.0892,1034.75
903.0,263.08,551.82,0.7188,1714.1
232.08,274.78,646.55,0.6167,1158.55
588.87,342.84,365.76,0.5576,1310.25
169.55,461.13,342.0,0.7502,987.26
362.61,458.05,113.72,0.1945,939.62
655.8,26.4,290.9,0.8255,976.8
912.54,0.01,718.57,0.7356,1630.44
226.63,0.04,739.86,0.5968,964.36
225.26,573.39,541.91,0.8202,1346.3
952.59,8.93,273.17,0.8835,1244.86
595.2,40.74,665.72,0.3302,1291.4
83.78,781.08,815.43,0.7738,1583.46
70.59,485.74,465.37,0.2993,1029.72
984.04,0.9,327.84,0.6622,1346.78
126.38,238.85,302.76,0.2035,649.03
900.45,424.45,146.22,0.2067,1513.21
21.13,0.01,226.72,0.146,249.01
43.44,14.44,52.38,0.5274,100.48
83.03,44.5,0.58,0.7929,122.0
665.9,356.04,499.42,0.58,1519.04
407.45,28.64,64.11,0.3645,497.1
133.73,748.72,7.54,0.2514,893.33
823.47,106.32,529.75,0.2957,1466.44
644.16,2.27,662.79,0.165,1314.08
491.22,377.01,896.69,0.3843,1742.36
672.39,6.25,578.56,0.8415,1273.21
479.78,271.53,726.16,0.2527,1468.79
651.24,0.04,742.75,0.3219,1361.61
764.67,11.07,361.28,0.4225,1146.26
264.42,253.88,898.78,0.5894,1418.72
283.26,153.23,290.07,0.5149,720.59
735.53,241.74,628.15,0.2465,1593.45
825.13,425.64,163.84,0.1076,1396.37
444.08,69.16,22.52,0.3935,527.75
34.35,63.47,742.33,0.8522,883.97
274.97,0.96,818.37,0.1087,1099.75
641.45,486.51,197.99,0.5968,1343.61
658.67,216.39,741.5,0.6304,1647.63
490.33,168.11,68.27,0.1474,732.24
118.4,2.59,234.42,0.3006,345.77
486.43,796.72,308.64,0.1071,1635.31
842.67,47.95,63.37,0.8428,948.4
997.17,59.8,114.42,0.39,1156.16
43.27,20.62,847.75,0.0898,908.11
581.02,878.49,846.29,0.2818,2237.3
965.01,249.67,199.41,0.6743,1418.64
493.78,116.48,101.27,0.7605,725.42
184.75,85.68,578.74,0.5481,855.41
843.31,239.01,496.54,0.5601,1587.28
469.27,146.12,720.78,0.7213,1325.02
977.83,899.6,251.3,0.949,2114.07
226.74,374.02,43.16,0.6689,655.6
350.55,37.47,245.18,0.4167,629.26
762.06,696.96,493.7,0.4775,1945.38
466.96,131.71,566.36,0.1117,1171.52
761.77,481.97,488.89,0.8347,1736.48
797.29,498.62,655.74,0.8206,1918.74
503.76,562.41,98.38,0.1897,1153.34
564.06,379.36,504.74,0.245,1418.27
264.98,631.68,445.56,0.0864,1358.82
654.06,681.38,523.92,0.9423,1861.64
245.7,87.15,592.58,0.1355,916.79
624.3,56.55,704.9,0.2873,1395.9
515.02,836.83,6.61,0.2453,1330.73
991.32,2.31,740.88,0.5181,1751.21
301.71,107.49,880.09,0.1357,1268.83
958.33,2.03,756.03,0.2985,1692.52
166.49,398.08,32.22,0.4285,589.56
139.63,11.25,137.23,0.0735,281.7
496.76,845.78,655.27,0.9231,2001.73
978.76,15.29,150.84,0.4022,1103.71
824.66,158.73,857.22,0.3097,1879.3
651.65,3.79,706.96,0.6255,1342.79
413.51,263.07,660.05,0.4256,1306.05
260.68,28.37,10.59,0.4888,304.05
602.05,900.47,899.69,0.387,2444.14
960.71,143.4,300.54,0.1902,1424.56
854.09,17.37,243.6,0.722,1132.59
208.44,326.55,401.94,0.2991,932.66
777.49,0.98,64.01,0.8706,848.06
528.56,2.96,70.7,0.1904,604.25
683.86,1.34,123.24,0.6917,808.06
216.06,197.79,70.91,0.6162,488.27
233.03,91.43,567.85,0.2335,890.22
919.03,111.09,245.17,0.1494,1291.57
133.57,26.65,296.06,0.2915,454.88
207.1,419.37,184.86,0.7377,816.52
81.02,565.57,571.64,0.6009,1215.79
623.35,505.4,896.74,0.6538,2054.96
818.87,0.13,377.36,0.709,1213.88
58.92,1.37,150.47,0.7981,220.52
763.87,751.91,272.34,0.7188,1813.08
785.69,337.0,890.82,0.7314,2012.87
699.81,1.05,491.49,0.1916,1203.33
792.63,24.17,137.42,0.333,960.64
183.56,338.94,633.89,0.5262,1157.08
529.65,853.44,345.32,0.4312,1746.81
178.41,14.65,621.85,0.1954,833.42
385.89,28.73,494.78,0.2531,916.43
524.54,283.97,752.72,0.7922,1587.14
74.22,6.65,0.42,0.217,82.2
714.73,162.91,32.16,0.6059,902.2
28.54,2.05,424.08,0.0881,454.77
582.42,178.05,725.99,0.1201,1476.61
18.63,27.37,43.8,0.2698,89.32
201.88,228.51,19.5,0.5922,452.2
69.56,0.0,365.36,0.8142,444.43
801.17,273.78,383.9,0.7601,1461.82
183.62,366.72,713.32,0.8608,1291.06
732.39,732.93,174.85,0.545,1633.66
631.65,807.85,45.39,0.2426,1508.54
78.53,241.48,361.31,0.2682,693.34
676.17,0.06,395.55,0.6982,1091.96
794.95,233.8,646.32,0.2754,1621.08
173.7,636.81,185.4,0.2914,985.52
333.55,29.52,56.29,0.7881,429.75
393.05,14.8,499.7,0.5536,907.37
85.6,230.26,255.57,0.9354,561.1
152.05,0.09,617.87,0.3116,763.67
110.44,0.14,207.32,0.407,316.0
101.2,49.09,893.17,0.663,1075.94
79.41,66.37,207.21,0.8974,351.92
569.02,28.97,490.37,0.834,1072.0
765.26,325.33,87.78,0.7321,1190.41
870.55,29.69,507.83,0.3072,1406.0
780.13,365.32,831.28,0.5653,1959.52
170.84,59.0,297.59,0.4172,529.54
988.65,0.63,665.24,0.5609,1671.92
613.34,738.88,607.64,0.2938,1967.15
828.11,109.27,634.38,0.3883,1540.89
424.1,119.94,835.59,0.4954,1404.42
531.43,0.0,251.05,0.5937,791.2
455.4,214.76,203.85,0.246,867.21
974.2,29.03,186.95,0.9356,1202.38
935.99,0.1,840.24,0.8045,1768.52
624.22,5.1,375.94,0.5922,1035.72
966.49,802.18,780.63,0.1657,2570.39
890.43,2.61,582.57,0.2338,1445.37
647.52,662.17,437.15,0.733,1719.32
642.63,674.15,650.69,0.8407,1971.46
551.41,766.17,291.06,0.7235,1632.35
814.26,123.23,444.24,0.0808,1356.37
387.31,168.22,178.4,0.6046,757.93
585.05,397.61,548.99,0.0776,1525.66
560.87,13.55,291.3,0.7799,861.77
813.46,696.11,440.89,0.4251,1938.93
394.57,351.68,551.74,0.1876,1279.61
212.47,1.98,378.16,0.2286,587.92
206.96,237.05,727.59,0.4666,1192.93
650.46,276.46,888.17,0.5981,1846.73
866.74,239.42,412.33,0.7182,1559.58
672.55,451.61,574.71,0.219,1701.76
809.94,65.32,834.99,0.0933,1692.51
232.86,273.0,854.41,0.5675,1374.64
858.65,99.64,507.82,0.3264,1475.47
715.81,132.1,189.76,0.0677,1056.54
850.26,882.64,506.18,0.7962,2251.76
853.59,23.69,157.91,0.2994,1045.07
6.96,40.36,634.02,0.7253,674.01
246.47,313.97,548.62,0.4975,1115.88
499.46,67.53,709.09,0.8497,1281.35
269.74,925.22,79.4,0.9069,1292.76
710.16,75.98,321.38,0.251,1123.57
312.77,16.49,480.33,0.8215,820.96
746.98,19.15,576.98,0.6145,1372.01
15.24,0.0,151.86,0.9323,178.46
625.25,29.22,439.04,0.4441,1089.8
358.23,6.93,251.71,0.4256,622.86
196.42,7.5,222.62,0.7604,412.95
819.45,33.59,272.63,0.3904,1141.27
419.78,61.34,897.99,0.6738,1379.18
893.63,77.82,697.69,0.4737,1710.49
734.51,196.94,456.52,0.0607,1411.2
37.98,1.74,38.23,0.6136,73.64
893.77,208.21,703.37,0.1807,1817.87
624.45,6.62,343.81,0.729,969.59
901.9,173.92,186.17,0.8409,1226.39
485.61,0.6,227.61,0.7269,715.16
294.76,50.24,709.56,0.4433,1061.26
671.6,483.6,304.28,0.2047,1469.87
160.15,1.5,396.81,0.2148,562.34
0.06,866.95,11.9,0.3428,878.7
872.06,0.66,720.97,0.7264,1545.01
626.91,49.49,280.65,0.0797,952.76
526.16,0.0,110.56,0.1369,635.61
668.95,429.2,875.87,0.9319,2014.83
351.72,177.03,39.77,0.2232,582.1
408.15,113.82,662.88,0.7779,1158.58
894.87,25.55,584.14,0.1501,1498.82
390.38,806.13,567.14,0.3095,1786.48
488.7,206.13,601.56,0.1982,1275.42
362.59,841.26,588.11,0.8763,1805.97
903.37,676.54,459.71,0.9288,1988.18
995.06,432.66,823.67,0.2274,2285.2
507.74,387.85,238.5,0.4253,1127.06
925.53,412.52,34.54,0.0702,1352.92
396.08,218.48,853.06,0.9102,1452.34
635.44,978.64,161.69,0.6465,1784.47
75.56,57.97,184.76,0.1011,325.75
341.78,194.27,858.26,0.8921,1366.05
771.44,0.07,365.07,0.7514,1147.23
462.25,344.88,895.8,0.6107,1711.16
966.31,358.04,118.71,0.9312,1465.03
264.59,962.44,71.68,0.8959,1289.82
274.96,636.97,54.37,0.907,988.92
521.09,973.36,23.73,0.5112,1527.56
112.27,0.0,553.69,0.3542,641.76
622.3,57.59,193.1,0.2647,889.26
715.99,2.42,874.96,0.0543,1603.75
802.69,0.73,529.18,0.3116,1349.98
218.98,0.36,552.37,0.3884,775.52
914.98,502.56,115.78,0.6423,1557.37
25.24,7.67,445.01,0.456,479.64
523.41,18.45,125.74,0.5627,670.96
212.92,252.23,774.19,0.268,1249.35
950.37,821.33,127.07,0.094,1878.48
382.05,5.61,402.37,0.5384,787.31
37.85,477.85,410.49,0.2699,939.48
759.06,65.28,245.57,0.7063,1037.84
883.99,0.0,566.65,0.3036,1467.42
24.82,115.82,639.73,0.7261,782.75
472.12,752.16,519.08,0.5191,1791.31
443.2,224.63,296.11,0.241,953.58
336.03,0.05,438.03,0.6406,778.79
567.32,29.8,36.71,0.1372,636.93
539.14,873.44,613.43,0.9163,2039.08
582.48,174.34,471.25,0.8577,1236.18
263.64,345.9,238.36,0.125,830.61
137.48,364.33,394.38,0.8296,887.85
396.19,78.88,642.35,0.1897,1142.64
267.88,58.39,820.5,0.6182,1147.9
129.01,191.37,718.86,0.3749,1044.36
351.47,4.13,744.95,0.559,1097.38
925.69,561.07,893.46,0.6725,2435.74
538.84,45.11,162.84,0.7926,749.59
887.86,18.08,215.46,0.0564,1092.67
88.81,6.28,619.48,0.4238,713.7
316.88,0.0,823.67,0.8244,1113.59
240.45,1.22,634.67,0.1584,870.16
258.35,387.89,353.92,0.1732,993.07
690.06,321.55,537.53,0.3409,1549.98
42.21,220.65,703.16,0.1744,980.51
905.01,882.04,27.03,0.8561,1798.72
379.42,164.91,199.54,0.3601,749.4
175.08,156.41,744.29,0.267,1090.85
980.11,18.84,425.7,0.0601,1406.5
137.3,78.3,605.41,0.6355,817.64
17.12,395.74,671.41,0.5408,1110.06
0.6,4.59,66.82,0.3316,74.39
186.08,73.86,561.26,0.5391,842.65
393.8,67.79,9.64,0.7342,465.14
125.8,7.04,154.04,0.4168,292.21
778.66,32.2,826.83,0.2945,1685.03
920.98,4.78,761.1,0.1863,1729.99
873.99,4.08,33.7,0.2654,912.63
407.09,411.48,43.14,0.5647,873.84
807.19,903.04,742.83,0.1429,2472.75
720.57,9.49,222.31,0.8143,948.83
396.86,103.37,231.02,0.1288,706.33
291.95,134.26,52.79,0.1843,468.65
51.13,275.87,15.23,0.4612,339.76
363.1,3.39,201.05,0.1883,570.6
356.26,62.41,200.78,0.2608,617.16
23.05,86.03,836.27,0.7353,936.11
548.51,946.78,644.69,0.5807,2157.91
894.25,7.39,520.81,0.3652,1385.31
39.92,499.09,165.86,0.5564,709.59
257.46,35.2,365.5,0.5396,642.25
738.43,249.69,83.91,0.5087,1089.97
350.63,950.11,364.93,0.0716,1629.75
599.57,147.01,69.38,0.2014,819.47
7.24,12.25,882.65,0.6401,913.33
194.01,72.26,581.01,0.2039,865.99
41.93,7.3,531.25,0.6856,585.51
261.81,57.29,33.87,0.0504,351.95
543.35,553.64,866.4,0.5892,1971.92
130.48,544.67,228.05,0.4188,899.36
468.04,276.27,226.85,0.7778,968.16
570.68,14.54,634.75,0.3151,1222.8
285.19,84.61,203.12,0.3535,573.47
753.86,630.84,742.41,0.2239,2142.51
640.54,13.45,338.4,0.3609,999.72
844.84,69.73,49.2,0.7136,960.9
572.28,107.26,694.89,0.0699,1363.29
951.94,501.12,247.97,0.8759,1735.77
546.94,244.13,30.63,0.1645,827.76
180.9,73.64,635.22,0.6128,864.64
921.17,795.56,353.15,0.1597,2081.17
919.01,455.23,627.32,0.7723,1996.05
501.76,7.99,604.39,0.3632,1109.94
250.68,133.21,485.98,0.7936,865.78
309.15,36.54,253.07,0.3218,579.65
629.1,0.47,515.28,0.813,1156.04
905.47,16.94,294.99,0.4095,1210.36
98.47,13.93,4.85,0.5695,118.66
93.35,178.67,533.36,0.6439,806.03
884.32,1.95,707.66,0.4201,1580.57
234.53,851.3,780.46,0.2059,1828.56
243.08,2.87,349.22,0.5316,592.32
331.69,35.25,144.93,0.2505,507.59
159.07,570.73,662.55,0.94,1417.57
182.39,0.43,314.96,0.8789,506.92
958.54,763.59,341.77,0.4441,2037.34
741.91,184.6,57.08,0.8768,977.77
932.96,15.52,677.69,0.6205,1583.84
259.57,7.05,138.04,0.6344,412.49
987.87,9.94,606.81,0.1205,1675.25
847.38,834.62,873.59,0.468,2585.07
369.13,344.48,136.97,0.1599,854.84
311.53,722.14,20.46,0.7983,1048.02
15.55,58.98,727.44,0.054,794.55
258.23,2.39,79.17,0.2741,331.75
974.4,0.01,116.56,0.7764,1095.67
468.25,57.19,311.71,0.9261,855.63
261.76,98.06,671.36,0.7923,1045.82
955.81,550.08,453.19,0.5006,1956.38
815.79,163.17,731.29,0.8272,1746.84
46.88,89.82,230.08,0.0891,362.63
512.83,0.23,559.62,0.221,1086.06
697.13,0.0,784.27,0.1086,1482.06
395.23,3.77,736.1,0.9002,1143.17
368.2,24.93,308.37,0.1279,694.53
244.05,15.66,644.29,0.606,891.34
981.27,72.66,828.83,0.9096,1868.73
932.52,215.99,102.89,0.8236,1242.58
925.14,139.99,440.74,0.7982,1505.5
106.22,481.41,261.55,0.8113,855.63
391.91,301.32,15.84,0.7646,698.23
264.36,670.57,368.36,0.7911,1277.17
949.51,301.3,600.48,0.1614,1824.49
520.24,370.7,780.72,0.6829,1659.1
764.75,757.35,124.3,0.4991,1637.01
720.34,1.8,558.18,0.1515,1246.42
535.68,330.81,450.97,0.7077,1334.88
641.95,57.41,138.8,0.8181,817.26
239.59,3.91,688.02,0.9416,926.56
790.92,3.19,205.25,0.1768,986.84
587.5,289.98,152.0,0.1231,1019.31
529.8,74.93,614.67,0.4269,1195.04
777.7,37.86,804.79,0.4928,1631.79
720.99,874.52,29.97,0.2077,1605.44
441.77,633.13,316.32,0.928,1416.79
948.91,492.53,876.69,0.1956,2247.05
197.6,571.29,241.48,0.5232,1018.19
707.41,410.2,103.61,0.6673,1213.44
954.22,681.3,181.41,0.356,1761.98
806.83,839.33,377.12,0.49,2018.49
349.46,976.08,843.7,0.4224,2089.86
572.95,75.84,677.33,0.6169,1333.18
374.32,235.05,620.64,0.6332,1246.43
890.19,19.29,140.64,0.0812,1037.1
335.41,129.47,66.0,0.8842,542.43
124.69,67.09,281.59,0.83,475.2
790.47,58.48,848.86,0.2978,1687.74
523.47,83.84,169.63,0.2659,788.15
668.71,807.44,613.16,0.1047,2025.01
723.51,15.8,223.8,0.4157,987.19
638.81,7.33,806.65,0.925,1452.6
193.07,500.01,469.45,0.0757,1134.53
63.31,12.26,502.62,0.762,569.57
219.38,784.64,793.53,0.8741,1782.61
932.7,39.28,465.17,0.4608,1464.87
262.67,878.61,863.24,0.8757,1981.96
375.03,8.5,427.95,0.2738,810.52
867.69,856.47,393.85,0.4384,2109.18
911.65,0.49,275.64,0.2274,1181.65
378.27,896.7,881.28,0.8428,2155.82
930.93,53.55,353.53,0.4756,1351.24
63.48,153.88,869.26,0.1106,1063.6
943.8,574.28,0.58,0.4562,1543.31
167.56,0.14,224.92,0.6375,401.04
307.63,18.09,87.4,0.5837,428.92
980.02,11.64,146.64,0.6865,1117.75
508.57,355.68,377.6,0.3842,1235.37
456.95,0.0,169.75,0.5984,624.94
276.44,85.43,397.65,0.093,756.99
90.48,671.6,891.73,0.2108,1614.87
121.11,619.64,875.12,0.5823,1582.8
769.69,183.93,822.87,0.4714,1787.78
719.91,419.63,319.06,0.478,1471.73
119.8,43.54,443.51,0.1916,608.86
123.98,671.66,624.69,0.181,1409.63
485.83,180.87,745.75,0.4784,1399.75
780.14,4.05,832.26,0.8974,1654.97
772.25,783.78,827.3,0.1529,2347.48
490.41,168.27,309.69,0.119,960.62
281.13,89.71,245.97,0.4423,630.18
360.36,9.35,356.93,0.2844,729.78
633.82,254.67,286.23,0.9133,1182.44
902.41,103.44,471.4,0.6723,1499.22
668.23,80.87,119.56,0.7808,869.59
608.37,50.25,433.96,0.6251,1081.45
140.93,13.05,156.49,0.5683,311.75
246.43,0.09,690.78,0.0986,935.69
455.78,92.99,124.65,0.6885,657.27
629.07,54.02,469.05,0.457,1128.31
346.47,3.58,324.75,0.4991,684.24
918.45,7.85,837.55,0.4138,1753.77
683.02,0.27,372.53,0.3035,1060.69
669.0,4.54,524.6,0.4014,1172.55
906.58,0.0,729.76,0.2018,1647.7
812.01,23.76,660.47,0.2668,1464.19
439.02,7.91,48.04,0.5959,489.41
680.53,123.15,362.48,0.6071,1161.8
239.45,16.68,700.58,0.4472,951.8
895.06,57.23,69.28,0.4266,1029.36
801.46,209.05,683.2,0.5148,1681.3
840.19,38.4,400.85,0.2538,1292.24
137.04,105.18,869.89,0.4694,1120.38
18.34,857.75,636.44,0.6886,1547.38
501.14,174.11,690.33,0.5085,1352.73
532.58,316.13,52.12,0.4763,932.87
896.14,58.58,566.04,0.4599,1551.18
929.76,0.58,17.7,0.6842,946.96
554.44,79.93,674.81,0.6833,1300.32
324.98,889.94,365.19,0.2381,1552.2
706.24,174.09,690.96,0.2498,1589.21
273.55,642.65,123.05,0.2458,1051.34
437.63,2.35,489.99,0.7095,932.76
887.23,618.98,45.74,0.1115,1526.18
313.57,117.96,510.71,0.624,959.4
857.05,223.28,94.54,0.1726,1195.9
708.79,428.8,466.8,0.5904,1589.72
348.24,9.82,872.09,0.8769,1234.26
401.88,396.81,159.72,0.0787,951.04
564.79,12.21,232.1,0.0636,819.75
843.63,394.68,122.66,0.9115,1419.08
259.13,950.06,399.77,0.0875,1633.02
526.71,632.28,320.11,0.74,1491.92
34.95,305.02,431.52,0.2322,773.84
857.22,328.18,564.48,0.1234,1753.64
758.53,857.33,718.24,0.1219,2345.28
791.93,0.0,641.42,0.3236,1380.67
282.79,389.09,168.05,0.8011,851.64
24.09,2.3,346.09,0.641,382.98
475.71,648.52,503.34,0.5068,1614.7
978.41,14.32,140.01,0.4931,1146.53
21.67,629.41,254.8,0.6308,901.84
871.92,46.23,168.27,0.0678,1070.93
379.21,0.04,499.82,0.4592,894.77
133.47,56.22,871.06,0.3717,1053.55
124.17,1.85,899.03,0.6335,1037.59
425.92,440.97,835.36,0.1238,1695.27
866.07,0.5,323.22,0.1249,1178.7
447.16,5.84,73.48,0.4256,527.16
737.03,382.65,62.93,0.4442,1159.71
596.99,624.71,855.77,0.3508,2079.08
83.92,2.02,614.24,0.1576,681.28
658.98,872.43,507.16,0.2321,2015.06
767.89,0.0,787.76,0.0766,1544.57
388.87,228.74,703.95,0.1508,1347.07
595.78,55.73,881.17,0.7805,1516.85
88.55,786.04,526.38,0.4671,1420.37
541.78,20.01,173.79,0.402,726.89
597.86,239.6,625.5,0.0706,1472.77
772.35,189.79,8.15,0.7076,962.9
263.07,429.09,324.33,0.4583,992.34
149.69,180.99,93.55,0.9301,428.43
910.23,49.43,761.56,0.7381,1737.33
646.92,12.71,17.08,0.3204,680.83
178.54,247.44,688.4,0.3293,1141.79
596.59,2.27,2.34,0.1677,601.05
677.38,36.79,826.71,0.718,1491.39
665.3,0.01,133.99,0.2926,814.67
645.26,8.64,628.25,0.3011,1294.9
310.79,9.3,445.36,0.9327,764.77
351.64,139.35,394.75,0.0782,875.41
205.5,152.47,63.82,0.7613,423.99
321.46,56.32,695.14,0.9262,1095.94
139.06,240.3,195.57,0.0718,585.28
234.52,167.77,405.03,0.3501,810.63
267.87,639.96,414.73,0.8194,1287.37
495.6,800.46,157.13,0.3288,1459.61
238.02,207.23,809.06,0.9263,1246.02
736.72,219.51,377.92,0.3708,1301.59
345.63,420.19,113.55,0.6967,879.57
81.78,591.78,494.87,0.7114,1181.4
878.63,101.73,266.3,0.517,1212.18
973.82,7.64,477.06,0.3492,1467.32
681.49,2.57,247.07,0.4886,920.13
910.56,275.86,62.48,0.1789,1224.2
225.49,7.5,888.8,0.6885,1104.32
27.82,502.66,519.51,0.3302,1054.17
896.5,0.26,658.79,0.8265,1562.01
960.9,12.43,649.1,0.4324,1622.95
636.3,226.36,330.46,0.3879,1200.7
992.84,509.13,329.67,0.3769,1839.36
779.26,279.15,642.71,0.1013,1729.19
315.73,105.55,639.89,0.7539,1064.69
270.94,418.51,895.22,0.2374,1569.06
896.52,2.45,647.8,0.3986,1510.77
940.59,43.3,366.88,0.0641,1330.63
361.49,295.32,57.54,0.3646,697.14
791.01,20.79,802.73,0.8996,1588.7
377.76,394.57,241.78,0.7934,991.27
631.36,4.2,1.74,0.4189,625.53
773.92,103.69,569.01,0.5956,1431.37
708.0,562.97,424.1,0.5738,1700.4
658.72,829.6,640.76,0.063,2163.3
953.93,298.4,292.22,0.5904,1555.9
924.64,59.31,172.88,0.1174,1147.44
645.07,316.43,592.69,0.3327,1558.74
839.9,219.34,553.95,0.2232,1643.37
84.61,516.49,376.79,0.1383,984.24
988.49,184.26,399.95,0.8829,1554.18
846.99,622.15,675.06,0.1356,2190.81
627.31,68.17,689.8,0.1165,1394.78
677.62,249.52,471.96,0.6571,1382.25
130.3,40.3,264.1,0.8917,430.04
367.79,743.31,603.04,0.078,1739.48
60.14,142.15,217.92,0.6187,422.4
817.58,180.54,281.61,0.8291,1276.15
493.14,118.53,421.09,0.5361,998.26
73.77,58.6,675.11,0.9177,806.67
43.47,521.85,873.37,0.6932,1433.08
233.38,880.21,650.04,0.6747,1762.35
875.66,0.53,17.97,0.2504,884.57
533.65,271.5,311.39,0.4324,1119.81
940.35,69.96,752.31,0.1899,1738.93
181.45,25.26,600.85,0.1773,794.38
3.12,950.16,32.03,0.729,948.54
996.23,274.78,545.92,0.5518,1819.8
870.73,146.95,648.15,0.9162,1650.59
589.73,0.31,392.08,0.7035,983.7
100.11,571.58,219.59,0.5021,885.09
989.33,56.05,739.51,0.3961,1765.63
240.49,66.2,787.73,0.6455,1112.0
541.08,123.33,618.25,0.7298,1307.43
875.9,264.64,304.22,0.3887,1485.49
259.82,2.9,677.09,0.4347,917.41
829.59,6.33,659.19,0.3562,1469.22
772.89,3.89,742.34,0.6066,1537.12
31.44,433.52,887.33,0.6826,1365.16
414.76,345.36,510.49,0.3517,1290.73
360.84,855.66,717.88,0.8338,1931.78
840.46,49.36,595.29,0.3504,1440.25
71.43,496.87,379.55,0.9356,968.05
614.35,18.79,566.9,0.731,1227.84
592.48,672.89,123.48,0.4995,1375.57
391.16,691.02,502.38,0.4112,1599.56
161.88,41.89,197.81,0.9347,399.93
119.35,18.38,547.73,0.2883,691.19
534.1,257.38,521.82,0.6035,1301.24
877.26,307.66,648.85,0.4069,1822.47
808.25,197.92,403.58,0.067,1461.05
141.5,131.94,307.62,0.3434,586.29
572.45,0.0,138.68,0.6019,743.21
675.09,973.21,42.95,0.5137,1669.33
198.92,706.13,129.17,0.5041,1040.08
436.48,494.02,630.53,0.6804,1524.4
22.86,373.35,95.5,0.4012,476.43
409.48,100.82,862.15,0.8682,1355.2
866.85,120.99,718.18,0.3669,1680.28
796.56,90.77,324.65,0.2399,1215.73
442.06,44.44,579.71,0.622,1043.0
260.76,0.09,344.21,0.4761,609.38
85.13,19.21,442.28,0.9351,546.43
398.42,171.96,503.7,0.3588,1056.54
291.62,77.91,816.21,0.3613,1187.34
870.59,35.13,865.53,0.2332,1777.59
60.04,154.93,143.45,0.6156,373.92
416.46,791.02,802.26,0.7115,2032.98
68.23,33.87,182.85,0.3997,277.11
318.26,186.1,149.57,0.1452,644.4
246.93,109.36,754.6,0.3907,1122.76
785.34,402.78,549.19,0.5341,1738.25
353.27,35.84,564.67,0.1998,949.17
867.06,136.69,74.64,0.6466,1060.78
196.85,229.43,177.41,0.7877,605.55
629.43,204.67,337.29,0.8604,1179.33
340.08,42.18,589.36,0.3056,981.14
20.58,0.83,592.23,0.3387,600.98
930.21,25.86,188.2,0.5201,1130.73
872.62,28.4,667.94,0.5209,1549.69
440.02,5.57,738.39,0.5397,1178.92
675.33,77.12,764.2,0.1721,1517.34
569.39,16.94,106.39,0.0773,687.9
959.81,233.46,695.36,0.8046,1914.46
326.76,0.0,565.32,0.9028,896.69
4.75,739.27,9.77,0.5283,781.63
416.04,319.81,209.24,0.9231,936.63
632.27,0.04,37.63,0.2933,666.23
207.33,3.65,820.72,0.0873,1006.84
670.54,553.44,330.64,0.2135,1577.29
142.53,143.89,537.12,0.7596,822.04
842.78,4.07,670.78,0.1155,1516.41
525.36,264.03,557.81,0.5522,1359.39
922.11,42.28,700.91,0.3758,1654.37
378.01,3.44,396.53,0.1238,773.35
590.85,0.05,580.97,0.9092,1187.46
356.71,716.35,30.09,0.8767,1123.66
389.98,100.54,889.35,0.1039,1364.47
63.47,415.71,586.09,0.8271,1075.99
545.1,362.49,253.67,0.8507,1150.37
118.21,22.18,717.9,0.6928,862.49
616.79,774.05,488.88,0.8765,1921.41
473.44,0.0,887.19,0.4974,1392.71
452.28,47.47,322.41,0.3698,824.31
807.78,184.26,473.39,0.326,1481.2
179.8,412.96,704.86,0.2646,1266.75
284.8,933.72,268.95,0.8276,1519.82
965.6,372.42,548.25,0.4644,1859.71
1.24,990.79,510.86,0.5783,1489.55
432.0,10.52,196.94,0.5428,625.26
666.6,53.43,339.03,0.682,1050.95
403.68,804.58,295.43,0.6965,1497.62
218.27,106.63,18.87,0.3471,342.22
771.48,10.75,22.89,0.0713,799.36
143.37,267.14,181.41,0.2495,600.34
682.04,280.39,835.81,0.8332,1759.78
136.13,4.57,883.88,0.5689,1039.64
505.69,398.36,535.19,0.1849,1407.09
302.83,658.61,362.0,0.835,1306.6
929.52,691.84,338.37,0.546,1928.87
45.65,4.09,657.04,0.8731,711.52
394.01,668.6,239.57,0.8835,1307.03
252.09,0.04,84.15,0.2796,342.51
200.87,828.75,313.8,0.5168,1339.54
136.35,325.24,108.51,0.7937,567.76
89.4,354.35,68.92,0.9271,512.37
382.92,31.13,404.93,0.753,823.58
643.32,0.19,766.51,0.5256,1413.74
252.35,0.46,302.46,0.7866,560.76
263.62,208.63,316.17,0.2513,796.61
167.25,200.07,660.31,0.1055,1010.16
11.45,535.01,250.3,0.1883,793.55
435.7,23.92,421.91,0.811,920.27
260.53,1.45,573.38,0.6108,864.24
729.53,342.2,144.46,0.7873,1216.69
714.93,540.49,203.94,0.3306,1506.0
819.53,74.55,327.12,0.502,1261.93
660.49,354.52,852.71,0.2796,1919.51
649.87,3.12,579.12,0.9104,1210.56
214.71,984.7,344.63,0.1525,1529.48
87.66,0.58,42.76,0.4588,125.27
733.42,161.13,774.15,0.8356,1660.23
41.27,352.39,8.98,0.4045,408.23
458.88,90.93,761.17,0.631,1318.92
509.35,165.59,203.54,0.7479,867.26
637.84,0.03,99.79,0.5806,703.11
320.8,845.86,764.37,0.522,1937.46
593.17,28.56,56.36,0.7741,697.47
841.86,52.54,12.86,0.1642,910.48
730.98,0.03,737.39,0.6716,1488.66
521.97,810.01,62.77,0.377,1398.53
963.17,927.51,757.22,0.3938,2642.86
484.07,267.16,835.11,0.2733,1608.87
399.25,661.32,493.58,0.2726,1558.84
115.15,2.95,133.35,0.8063,266.33
572.61,21.81,354.79,0.2152,947.02
839.64,7.37,71.18,0.1686,921.52
363.23,272.21,28.16,0.5262,640.39
65.59,26.71,289.82,0.8486,380.29
865.36,52.96,532.02,0.516,1441.6
422.42,14.7,14.58,0.9214,440.87
824.21,5.32,18.15,0.2264,825.69
153.19,12.73,622.13,0.4797,792.57
563.06,187.62,785.46,0.246,1529.16
404.9,152.8,441.39,0.5359,1010.16
517.87,809.35,44.89,0.8975,1365.01
47.83,0.15,514.37,0.6702,565.09
448.86,21.27,545.93,0.8578,1006.96
695.69,0.01,404.94,0.7355,1126.09
537.07,181.82,124.59,0.3159,838.51
766.86,0.55,864.85,0.9082,1622.81
45.2,39.66,862.83,0.4487,955.59
894.69,2.42,846.98,0.7781,1744.74
787.37,432.28,521.88,0.7533,1743.1
842.41,499.22,815.7,0.7678,2130.62
178.17,21.33,407.22,0.2685,607.71
179.76,96.63,469.47,0.8357,747.02
969.6,24.89,146.69,0.2782,1138.39
152.41,0.03,262.43,0.5401,406.33
160.72,48.3,623.31,0.4425,812.14
947.05,418.91,723.45,0.3092,2084.34
344.6,113.75,100.69,0.5166,556.48
574.98,12.91,199.31,0.381,790.52
336.78,352.11,526.61,0.1516,1189.15
604.61,150.53,305.28,0.2047,1036.03
449.44,9.6,648.81,0.2803,1109.33
827.06,748.24,421.28,0.6191,1932.32
633.62,385.85,648.91,0.0866,1636.92
707.96,150.43,849.0,0.1432,1758.34
133.53,0.03,809.09,0.5036,936.67
571.8,53.81,889.75,0.7466,1514.23
322.09,0.02,717.63,0.093,1066.29
589.0,433.66,368.05,0.5801,1346.21
281.29,0.09,199.69,0.4518,477.26
419.25,204.25,509.23,0.489,1143.06
68.02,8.36,243.18,0.2188,322.51
608.39,93.89,225.19,0.2622,931.84
691.8,107.81,598.09,0.3906,1363.71
823.04,0.07,330.74,0.5766,1161.89
481.75,509.9,431.63,0.8022,1357.98
472.54,0.03,520.34,0.4123,997.77
742.33,81.19,547.59,0.7088,1350.25
105.13,164.49,832.34,0.3056,1099.87
282.32,519.42,669.03,0.9046,1497.93
489.12,158.44,701.47,0.7141,1327.09
299.13,317.9,90.79,0.6439,711.44
218.0,622.87,433.38,0.799,1293.74
211.79,0.0,403.33,0.8439,615.87
17.84,0.02,648.28,0.1335,676.58
698.43,15.41,441.17,0.4058,1188.67
252.59,67.67,164.51,0.9092,497.41
728.97,25.06,235.98,0.4844,1008.16
3.92,5.01,696.89,0.3677,690.95
133.23,537.36,559.9,0.2016,1229.7
881.39,24.11,217.23,0.2155,1134.27
523.86,109.0,766.1,0.2276,1422.6
909.22,0.05,676.09,0.297,1599.09
61.07,25.5,100.89,0.2596,187.62
938.88,717.69,585.9,0.3427,2219.91
971.82,501.57,613.45,0.3459,2088.83
499.91,252.85,155.92,0.0693,916.7
621.48,321.85,45.35,0.4293,994.12
835.65,114.46,346.06,0.1831,1292.81
362.08,487.44,762.77,0.3913,1631.67
975.23,54.09,565.76,0.1713,1578.79
241.6,14.33,210.67,0.4772,462.96
816.79,90.35,49.37,0.4448,981.77
147.15,2.48,713.53,0.4366,862.73
511.71,8.15,645.6,0.8975,1155.83
276.46,361.37,569.14,0.7955,1206.29
190.96,582.93,144.73,0.1254,927.58
583.8,36.32,230.74,0.1262,858.26
870.3,314.33,685.82,0.5886,1864.55
445.09,0.05,73.17,0.2081,516.9
215.12,92.2,788.83,0.6603,1097.91
462.34,458.2,399.5,0.2457,1320.45
407.55,135.6,112.48,0.8645,671.99
303.24,25.05,153.54,0.5772,471.09
614.49,845.88,162.76,0.2533,1666.93
314.92,685.24,14.36,0.6226,1016.32
317.55,5.11,749.46,0.7905,1068.92
576.57,71.45,5.62,0.3248,655.11
763.45,89.5,718.2,0.9219,1576.68
555.4,920.86,149.65,0.0988,1695.7
487.87,801.83,410.07,0.4496,1765.03
445.62,726.0,556.02,0.7667,1733.13
875.98,912.8,861.19,0.9345,2683.42
671.5,0.31,254.63,0.7583,942.25
620.52,201.73,522.64,0.3834,1346.93
248.96,457.19,22.84,0.8046,730.02
978.95,1.76,723.25,0.3281,1691.93
718.43,837.12,586.95,0.2892,2148.14
241.02,0.34,690.59,0.144,927.99
428.27,0.38,271.36,0.1179,697.07
667.19,716.35,257.55,0.2085,1626.11
814.41,181.16,849.57,0.1299,1791.94
663.09,14.42,187.13,0.3938,878.32
334.98,376.69,81.28,0.7235,775.71
173.98,300.04,336.4,0.1696,794.03
319.94,22.81,430.01,0.5179,758.23
492.18,151.86,513.4,0.8845,1176.08
663.4,0.05,233.2,0.7618,910.15
26.7,135.27,393.96,0.8842,549.78
278.8,552.0,463.26,0.5362,1329.22
836.53,222.49,859.68,0.7546,1888.12
857.28,32.22,776.68,0.1543,1706.09
868.24,0.01,781.73,0.0861,1650.61
638.12,0.19,754.39,0.1273,1429.85
983.13,303.63,837.24,0.6128,2110.35
796.84,313.43,890.02,0.4855,1953.47
851.64,306.58,129.79,0.3272,1273.32
16.01,132.96,210.54,0.2631,356.88
282.19,724.73,480.35,0.8851,1506.0
414.02,0.04,802.48,0.6866,1215.21
935.15,116.66,26.59,0.3163,1049.41
419.11,527.09,362.49,0.1706,1324.64
881.21,5.95,841.9,0.3097,1693.19
96.83,164.92,32.02,0.2809,286.15
187.01,708.6,530.83,0.7039,1458.35
984.9,564.74,820.57,0.1813,2380.05
840.99,300.11,346.36,0.4679,1519.29
557.85,116.95,409.25,0.3449,1104.38
177.47,6.95,619.46,0.9181,819.34
912.94,244.81,857.54,0.4057,2003.08
543.86,933.99,54.45,0.1029,1554.74
53.5,747.05,84.62,0.1512,903.37
726.77,192.07,818.06,0.6167,1776.75
570.37,66.95,575.26,0.9257,1228.74
110.88,94.55,533.1,0.6943,731.91
982.94,71.61,256.83,0.7521,1327.44
904.54,1.2,49.2,0.8988,947.66
216.16,410.32,897.7,0.9489,1500.9
156.6,614.83,111.79,0.3711,889.91
356.02,15.24,807.12,0.939,1187.05
129.67,4.44,509.12,0.8439,634.03
422.06,882.12,484.69,0.7564,1790.03
52.55,229.91,259.97,0.5456,547.36
451.71,3.87,724.66,0.2052,1178.08
317.36,0.2,317.9,0.7318,629.7
456.72,6.19,876.37,0.7914,1341.46
607.01,844.59,836.29,0.4095,2314.33
616.33,389.01,847.35,0.4698,1843.26
721.98,846.94,783.53,0.072,2352.04
147.29,937.81,667.16,0.1635,1770.99
277.88,12.08,3.62,0.8513,295.53
989.37,18.38,517.01,0.6785,1534.01
455.97,461.77,58.16,0.3755,964.68
331.97,0.21,168.98,0.6594,497.41
228.79,138.61,216.46,0.881,583.67
391.2,0.05,546.78,0.615,960.81
296.01,0.01,28.94,0.751,328.69
271.18,764.88,795.89,0.7845,1784.23
614.98,149.52,164.88,0.7046,927.16
546.01,326.26,334.81,0.684,1248.06
865.49,958.79,532.65,0.3934,2336.02
892.72,34.87,732.65,0.4177,1657.48
431.83,193.04,110.38,0.928,726.35
619.36,1.97,621.49,0.4338,1255.19
473.28,153.93,723.14,0.3577,1349.93
110.81,149.35,610.27,0.9233,868.69
678.47,486.17,749.32,0.8753,1960.83
842.47,876.23,422.43,0.6721,2188.6
256.31,21.48,46.28,0.5706,336.26
287.11,0.03,254.82,0.7448,529.56
767.12,10.22,577.76,0.7079,1343.31
684.06,755.52,113.41,0.5456,1567.7
999.28,165.79,616.73,0.8771,1777.42
339.29,33.8,105.23,0.554,483.56
165.17,0.01,22.55,0.4017,195.88
212.56,753.89,189.17,0.2934,1133.18
157.75,997.28,645.26,0.3204,1755.85
634.76,455.37,309.33,0.2451,1418.17
416.71,954.35,130.61,0.1717,1518.78
561.92,162.98,370.83,0.375,1103.55
792.48,89.0,807.55,0.496,1695.48
924.01,174.87,717.7,0.1435,1774.52
700.29,0.13,640.29,0.2576,1306.94
360.24,790.03,639.57,0.7264,1781.92
831.62,4.94,847.66,0.4073,1707.72
810.27,619.74,455.5,0.5402,1900.26
49.52,271.6,609.49,0.4757,951.48
565.85,1.1,408.63,0.7686,992.31
918.89,355.32,231.74,0.2568,1482.57
873.89,0.25,563.67,0.7263,1437.85
380.41,25.37,721.56,0.9459,1105.62
69.5,311.41,526.47,0.887,888.08
457.46,90.47,768.25,0.6549,1293.09
933.52,312.69,139.54,0.4724,1385.48
591.38,172.1,873.24,0.0996,1652.23
182.89,0.01,700.35,0.7319,863.8
588.31,16.74,326.69,0.5941,931.6
42.59,755.35,833.45,0.7687,1611.46
305.74,58.3,601.42,0.0806,961.46
36.0,18.76,432.98,0.8097,497.43
356.87,0.0,417.1,0.0728,780.36
830.84,820.15,330.52,0.3047,1983.37
697.97,54.05,814.82,0.4583,1545.46
883.83,853.11,97.93,0.2903,1891.97
743.41,25.33,186.32,0.3594,958.05
814.62,969.75,273.48,0.0966,2022.12
480.54,81.62,316.08,0.4733,875.48
612.16,803.89,827.26,0.7143,2238.61
921.21,287.18,453.36,0.3057,1662.24
797.36,174.65,257.46,0.4002,1250.79
222.99,104.45,37.96,0.7747,367.72
445.2,693.94,356.63,0.4776,1488.0
807.05,83.01,433.72,0.4931,1304.02
541.41,82.18,589.32,0.6237,1180.61
469.61,942.89,517.9,0.7682,1896.64
337.0,144.18,519.52,0.3278,1001.08
427.73,288.24,259.28,0.4858,960.07
418.9,308.84,140.82,0.2709,845.41
273.14,5.31,735.27,0.1961,1013.75
451.26,4.37,266.85,0.1485,708.84
358.91,430.6,357.92,0.562,1146.32
881.39,36.06,170.38,0.3682,1070.07
630.0,1.77,145.74,0.7364,769.58
82.44,25.36,42.53,0.1618,149.24
437.19,0.0,641.93,0.413,1074.58
961.94,36.3,37.13,0.4144,1024.35
470.53,99.72,300.86,0.5416,891.07
358.3,153.14,762.79,0.4087,1272.27
432.47,128.47,781.73,0.8177,1350.55
382.67,21.24,397.3,0.3376,818.08
84.41,129.4,345.72,0.7452,548.13
60.17,305.22,443.36,0.6046,804.19
509.77,147.5,131.62,0.6032,786.41
25.4,16.17,296.18,0.5398,331.42
660.99,98.5,863.97,0.3577,1609.66
826.11,1.03,39.43,0.9377,891.73
668.36,0.03,687.46,0.3669,1346.49
48.02,1.26,740.79,0.5487,797.29
161.29,35.22,766.03,0.5774,966.99
206.45,171.71,660.62,0.2055,1048.52
8.9,892.83,806.23,0.133,1677.52
546.02,897.29,458.53,0.2361,1860.7
938.05,149.44,366.93,0.7476,1477.77
842.7,637.86,266.24,0.0602,1749.62
978.06,475.32,322.84,0.8505,1787.86
908.22,126.32,738.4,0.0839,1787.55
632.47,1.13,39.0,0.1475,660.59
488.31,794.04,379.61,0.5129,1639.07
814.71,34.83,652.11,0.8473,1546.39
328.35,405.21,663.99,0.2678,1409.04
87.92,20.6,25.51,0.1678,136.73
946.77,4.4,65.28,0.7252,1009.11
636.09,709.59,599.81,0.6514,1921.0
565.68,449.37,323.2,0.0824,1317.08
376.9,6.01,637.9,0.774,1025.83
481.21,34.69,511.17,0.1346,1030.08
63.65,556.48,175.12,0.7438,791.29
789.78,767.78,842.1,0.8272,2366.21
428.73,864.13,802.14,0.4864,2110.37
94.21,47.23,423.93,0.7976,556.38
302.59,0.02,35.64,0.7772,334.72
966.4,0.22,725.65,0.1536,1688.35
756.78,11.56,504.87,0.7527,1263.51
522.47,151.11,690.94,0.3753,1367.82
950.03,356.29,16.14,0.1858,1334.93
404.38,36.13,398.81,0.899,846.01
138.88,87.69,613.43,0.1974,843.86
957.71,483.1,796.7,0.7532,2262.49
765.09,144.95,231.42,0.135,1112.93
219.38,557.55,481.57,0.9458,1258.15
419.36,19.57,257.39,0.4797,705.9
833.41,0.96,815.91,0.4091,1602.83
964.17,403.61,250.96,0.325,1623.91
638.81,288.63,800.35,0.3057,1709.92
219.99,893.37,889.39,0.3681,1923.06
846.28,109.05,863.07,0.8039,1789.45
628.54,8.79,164.58,0.8299,818.76
243.56,605.63,41.7,0.696,925.91
37.94,5.95,269.93,0.2544,315.04
853.79,791.24,157.58,0.5705,1780.57
376.36,865.78,41.21,0.9272,1262.38
569.52,807.79,580.63,0.7404,1985.97
569.82,29.97,377.51,0.2637,993.61
535.91,2.11,656.43,0.306,1166.52
868.35,62.89,575.69,0.826,1477.0
983.02,0.54,326.47,0.6823,1337.04
258.47,37.49,651.8,0.7578,948.26
888.74,141.95,741.31,0.1465,1736.28
874.58,713.22,792.27,0.808,2421.43
910.36,4.81,781.03,0.5527,1711.64
314.83,19.63,652.8,0.7121,976.08
427.38,9.71,358.34,0.6464,796.35
129.83,391.33,890.79,0.7798,1416.48
822.12,0.03,120.84,0.2683,961.04
844.62,539.44,335.19,0.4766,1736.24
951.9,20.38,184.47,0.9388,1149.58
181.66,949.48,68.91,0.0798,1215.35
296.66,658.58,661.47,0.5366,1617.66
265.54,706.16,223.49,0.0749,1210.2
756.6,635.44,256.74,0.259,1599.56
196.23,47.96,342.55,0.4064,592.42
843.81,9.94,330.23,0.6236,1200.83
587.08,47.3,4.76,0.4956,650.34
359.49,249.46,709.05,0.082,1305.59
590.48,34.5,624.49,0.6835,1249.15
412.67,191.55,428.75,0.3775,1031.37
919.03,2.07,583.82,0.4099,1518.99
471.36,6.48,135.61,0.4024,605.43
629.42,611.61,336.89,0.7531,1620.59
878.26,0.92,723.42,0.2913,1584.5
543.93,193.22,882.39,0.5886,1662.88
410.53,0.9,301.89,0.3137,709.85
913.86,22.28,762.82,0.8385,1696.74
698.85,508.61,334.96,0.9378,1542.42
84.86,393.59,301.49,0.075,785.09
369.34,9.63,122.76,0.1963,499.59
128.38,480.63,757.57,0.7011,1411.36
576.43,0.23,848.43,0.0566,1464.49
82.99,984.24,36.63,0.0515,1118.24
881.25,64.35,850.25,0.9135,1817.16
168.87,915.73,394.37,0.4681,1477.42
716.11,891.64,873.83,0.4222,2490.57
915.59,1.68,497.4,0.1996,1458.07
529.73,350.4,877.69,0.8767,1753.47
312.42,154.81,330.0,0.4635,793.43
514.25,0.07,615.65,0.3029,1096.18
766.51,4.54,548.35,0.7854,1310.37
472.24,192.74,576.99,0.9247,1243.16
209.02,162.57,142.06,0.104,541.35
641.25,57.33,780.52,0.8076,1501.38
350.74,14.21,104.46,0.2754,459.12
417.66,71.84,423.63,0.6332,910.81
114.13,551.94,404.04,0.2972,1079.3
540.39,2.37,87.3,0.6142,620.46
614.83,43.95,500.27,0.8657,1152.77
232.29,0.86,587.93,0.207,810.27
280.83,3.41,734.48,0.2377,1016.51
821.76,0.83,377.76,0.4062,1198.15
35.18,0.61,384.76,0.9114,427.42
714.79,300.38,692.21,0.5265,1796.15
607.73,251.09,19.05,0.7292,865.89
773.78,608.65,20.06,0.3963,1396.73
127.95,412.34,290.9,0.5084,836.53
632.95,81.57,627.38,0.2506,1344.19
618.61,638.55,629.62,0.5175,1897.23
84.93,21.92,866.91,0.4657,964.64
12.93,105.53,222.18,0.9075,334.22
49.72,4.25,56.76,0.3338,101.44
930.54,187.1,747.92,0.4099,1871.94
210.12,65.53,108.55,0.8929,388.18
245.99,10.92,426.55,0.5037,688.17
809.16,346.96,443.32,0.5321,1655.38
447.09,33.23,581.08,0.6555,1054.88
352.19,132.4,561.89,0.6879,1053.23
900.33,5.6,202.68,0.6749,1092.73
133.55,855.6,578.76,0.9026,1585.04
35.45,21.81,34.57,0.4447,103.81
356.88,392.62,581.79,0.079,1349.12
630.05,0.78,411.62,0.6598,1062.29
312.13,378.32,376.96,0.5288,1084.96
789.58,215.72,875.63,0.7304,1834.67
614.42,36.92,400.89,0.656,1055.88
954.27,169.48,11.44,0.1636,1122.1
903.13,31.3,752.53,0.451,1683.21
482.21,636.34,604.53,0.2896,1753.74
268.02,7.99,287.28,0.317,552.65
637.06,905.43,422.25,0.7349,2011.18
433.81,70.1,788.13,0.1816,1279.15
720.89,25.88,1.99,0.245,741.59
292.37,34.88,857.91,0.7772,1162.8
122.84,991.01,604.38,0.6129,1686.36
149.71,18.48,389.14,0.4517,562.25
43.77,0.0,823.4,0.8398,875.7
321.33,207.51,181.84,0.8379,718.8
59.92,151.2,660.1,0.9106,893.55
662.34,0.79,174.77,0.317,842.36
365.88,451.25,48.36,0.4963,835.02
566.38,119.36,149.43,0.8174,837.01
985.67,954.77,225.95,0.8447,2189.46
432.22,541.59,378.36,0.4932,1375.24
843.58,745.42,136.14,0.5808,1705.42
885.4,10.68,32.47,0.7211,921.21
411.05,237.34,694.09,0.2031,1322.91
485.56,253.82,552.31,0.4943,1278.12
21.01,33.87,515.2,0.3256,563.64
963.63,51.22,208.38,0.2518,1198.99
957.54,13.22,297.97,0.5533,1284.39
662.56,385.77,712.18,0.4921,1781.63
676.26,208.05,192.68,0.8185,1086.23
421.91,909.23,609.12,0.887,1911.02
710.52,10.35,377.24,0.6223,1117.79
911.21,0.55,643.33,0.2894,1583.47
317.41,186.1,474.08,0.8349,976.68
242.97,248.78,576.72,0.3779,1069.5
909.64,3.65,127.54,0.5802,1037.59
504.23,19.2,331.28,0.4174,849.45
78.78,80.73,618.58,0.6883,775.57
543.47,56.71,33.14,0.4387,629.19
945.43,1.41,384.7,0.897,1363.67
893.71,317.44,779.4,0.7325,2026.56
762.51,2.09,673.73,0.4271,1453.18
60.53,1.48,95.92,0.388,163.36
7.91,679.47,676.48,0.5616,1326.48
302.37,351.31,468.0,0.13,1111.46
993.51,16.79,4.1,0.7257,1018.97
405.22,0.0,58.04,0.688,473.77
590.53,597.67,185.22,0.1109,1410.97
208.18,234.49,860.68,0.2581,1292.54
537.17,1.06,482.4,0.4704,1037.1
748.69,263.4,601.06,0.5966,1557.69
925.54,9.5,535.64,0.7464,1461.09
450.17,0.03,203.6,0.6225,650.87
304.24,581.97,472.37,0.7348,1344.68
635.92,75.54,525.68,0.6721,1270.41
548.35,666.77,349.81,0.7334,1595.86
77.52,126.59,687.32,0.6551,886.42
792.78,736.78,129.08,0.2798,1689.36
241.65,566.28,478.9,0.3964,1265.23
753.32,20.15,9.93,0.7505,792.36
120.36,0.05,594.54,0.5911,716.44
873.21,292.79,572.06,0.5186,1706.94
974.02,0.1,489.27,0.2728,1451.15
748.66,18.68,682.55,0.6296,1428.81
815.58,459.95,126.42,0.9381,1424.11
842.58,424.69,769.14,0.5979,2030.06
463.44,15.32,280.12,0.298,757.26
787.96,657.32,786.64,0.0682,2226.95
930.0,463.08,104.84,0.9117,1500.97
574.17,22.65,761.98,0.8394,1382.71
207.11,2.06,878.79,0.8351,1100.38
779.89,1.21,463.24,0.1539,1250.0
161.57,110.23,604.48,0.8069,850.78
892.08,6.82,849.13,0.4836,1732.2
790.89,0.11,564.68,0.7672,1336.86
681.17,187.66,63.28,0.6741,908.34
342.83,2.01,230.7,0.622,563.79
811.73,476.49,324.31,0.599,1604.68
58.73,118.63,493.1,0.8128,673.18
454.16,123.18,713.35,0.3102,1258.51
903.62,439.38,848.97,0.841,2191.25
261.41,141.41,375.02,0.4012,783.53
387.54,3.22,313.71,0.7765,705.26
12.64,241.94,157.37,0.147,416.6
770.22,0.13,186.49,0.2324,963.74
250.16,194.46,113.64,0.7619,558.16
461.17,36.57,591.71,0.2826,1088.07
525.5,926.57,747.78,0.9436,2182.46
567.8,507.52,303.56,0.1516,1367.61
962.53,493.54,260.01,0.7527,1687.97
469.3,0.01,655.19,0.3114,1127.81
526.07,18.81,644.77,0.3128,1194.68
437.28,137.82,31.53,0.0683,600.81
347.9,5.47,452.16,0.5911,798.45
513.87,49.54,831.42,0.4422,1384.23
75.96,6.29,622.0,0.2286,694.33
27.48,54.05,583.21,0.2474,664.06
833.39,374.85,893.43,0.172,2135.89
257.36,126.72,672.04,0.2015,1062.36
269.11,3.72,650.54,0.2826,925.33
692.61,86.97,120.03,0.061,896.19
990.51,920.51,403.48,0.4244,2307.47
832.58,193.33,651.7,0.0716,1676.05
538.89,119.4,194.47,0.1723,889.77
920.05,174.85,370.77,0.1753,1443.46
606.31,879.75,403.13,0.2633,1888.5
510.22,428.07,408.15,0.8839,1345.32
120.59,1.49,496.35,0.7725,623.46
803.9,0.52,296.02,0.0933,1057.45
568.78,792.92,414.14,0.3879,1803.93
718.16,5.01,630.52,0.5357,1351.12
981.35,458.62,733.37,0.7892,2181.71
25.65,50.03,690.18,0.2118,750.27
7.1,174.13,76.05,0.7344,261.96
101.37,92.18,314.68,0.2191,513.66
847.48,35.52,89.45,0.1923,962.7
369.64,0.18,49.38,0.1035,425.58
850.0,603.78,491.06,0.403,1921.63
745.37,527.3,845.03,0.9363,2169.32
192.36,890.75,110.41,0.3013,1161.29
515.24,14.58,471.46,0.7434,994.79
500.98,23.69,358.07,0.2408,875.53
314.15,130.15,724.09,0.1774,1171.12
330.57,116.23,644.45,0.8812,1057.67
900.09,0.12,378.88,0.7712,1271.03
419.72,23.25,493.89,0.7219,945.64
250.63,0.0,797.62,0.4508,1070.54
871.35,827.4,317.53,0.6438,2038.55
164.14,83.43,387.53,0.2218,625.6
858.25,368.78,724.6,0.1386,1974.87
258.82,73.37,632.74,0.9022,977.03
577.48,1.23,614.29,0.2643,1208.63
325.81,0.13,666.67,0.6074,980.51
946.31,69.36,680.66,0.3289,1677.06
835.91,725.38,338.35,0.7725,1910.01
186.49,244.85,446.5,0.1065,871.49
979.53,474.37,180.81,0.249,1605.39
17.99,0.4,647.32,0.542,679.65
715.41,0.4,851.29,0.9224,1562.22
67.8,550.74,547.2,0.9425,1150.35
795.49,144.43,499.66,0.238,1462.37
410.68,10.74,753.36,0.2428,1188.75
86.86,309.23,255.49,0.9121,637.92
901.18,7.58,575.8,0.8419,1472.44
650.21,850.9,132.86,0.0865,1586.8
317.31,794.02,14.48,0.3353,1116.51
712.98,0.0,764.91,0.891,1461.46
108.18,0.13,232.59,0.1711,339.39
410.18,7.05,749.86,0.5903,1167.25
683.34,646.79,607.44,0.1697,1938.06
521.61,6.35,846.21,0.2771,1379.92
951.61,20.75,410.09,0.2739,1401.4
795.24,712.9,56.43,0.716,1602.16
423.48,703.73,780.62,0.6798,1880.03
259.62,3.8,230.62,0.7458,502.73
282.62,15.42,45.43,0.3562,335.24
561.92,6.32,244.54,0.4805,813.3
321.51,875.34,52.51,0.8423,1233.28
967.9,640.64,728.86,0.2631,2347.02
602.72,153.56,648.79,0.1557,1396.71
672.23,229.09,313.75,0.1833,1248.91
831.13,3.13,674.37,0.1777,1524.69
466.12,64.88,307.95,0.4708,856.29
331.05,195.25,322.76,0.924,835.08
852.27,80.68,230.71,0.1211,1170.78
698.14,553.84,611.23,0.084,1887.94
331.53,81.48,601.21,0.5596,1013.08
210.48,122.18,211.65,0.51,549.18
217.14,831.42,241.21,0.6133,1290.28
576.69,371.34,547.52,0.8147,1503.78
73.77,170.14,359.69,0.2408,596.47
649.44,620.97,163.39,0.3131,1425.08
996.62,0.01,141.96,0.3963,1109.1
680.19,0.01,463.35,0.227,1139.79
117.26,7.7,747.0,0.86,891.07
587.58,308.08,684.78,0.5322,1560.24
783.59,163.15,484.07,0.3047,1410.04
441.83,168.85,569.18,0.5366,1207.01
485.54,1.0,740.05,0.1228,1195.76
969.81,686.91,68.97,0.0733,1634.33
165.42,832.17,591.49,0.8232,1609.98
938.31,1.16,884.28,0.1132,1814.07
749.34,9.66,344.05,0.6176,1056.77
703.87,2.25,366.39,0.6956,1075.47
650.31,158.22,832.41,0.9159,1627.38
538.79,149.38,400.14,0.7506,1070.73
242.16,86.05,299.33,0.7828,624.16
402.05,19.71,484.44,0.3255,905.41
806.29,421.38,271.43,0.5589,1499.96
650.2,662.0,756.23,0.8485,2081.49
811.31,53.43,91.44,0.5799,926.41
760.91,593.69,805.72,0.6819,2162.25
15.58,1.46,126.03,0.2832,140.41
726.06,253.93,111.97,0.6396,1122.66
307.95,14.48,617.86,0.1584,927.54
975.35,0.02,164.19,0.5271,1128.24
707.77,0.53,172.45,0.5429,887.1
366.94,0.18,313.06,0.1163,667.26
468.16,683.45,804.2,0.6837,2002.95
534.87,872.48,751.16,0.6414,2194.32
761.06,670.1,430.75,0.3771,1803.84
752.19,857.4,360.45,0.1458,1958.18
831.6,30.01,740.72,0.1543,1588.41
309.61,31.45,897.76,0.2649,1220.78
920.95,479.3,876.82,0.2007,2308.74
522.03,658.49,668.66,0.7511,1854.96
676.91,684.43,177.48,0.0783,1556.55
863.13,100.42,231.27,0.8697,1202.96
806.56,510.24,467.12,0.2874,1805.1
354.15,2.84,535.56,0.2261,877.75
614.6,54.93,167.11,0.3175,836.99
582.7,20.95,43.15,0.7862,644.21
304.66,81.36,713.96,0.6036,1124.16
459.66,433.27,36.66,0.0864,909.22
501.55,4.39,603.23,0.1236,1116.8
819.87,5.56,530.67,0.3837,1352.79
646.61,46.34,440.28,0.5234,1110.43
745.32,363.93,885.32,0.1879,1916.61
961.75,619.25,184.42,0.4293,1748.3
700.7,235.25,523.11,0.8628,1421.95
940.5,113.76,24.32,0.8733,1090.23
943.73,581.75,250.58,0.3078,1728.98
225.57,749.34,481.33,0.2896,1449.76
627.7,54.56,822.76,0.55,1504.93
32.63,249.91,371.56,0.7232,649.92
385.87,0.28,838.21,0.4279,1221.42
743.22,685.77,697.82,0.8155,2103.89
989.32,47.98,313.71,0.1504,1321.31
930.54,22.51,553.56,0.2704,1530.86
6.89,335.86,488.65,0.3074,833.89
479.56,144.32,74.95,0.4207,704.0
554.28,193.5,219.71,0.8991,953.44
654.23,938.65,723.27,0.7216,2286.29
524.16,428.45,594.42,0.561,1563.24
559.56,587.69,797.24,0.7576,1935.41
775.06,487.86,606.32,0.3843,1848.67
650.78,388.6,827.96,0.3573,1862.66
741.42,936.74,261.44,0.2969,1943.47
264.74,71.66,892.84,0.7707,1265.8
974.05,65.53,600.47,0.3936,1618.5
671.2,71.31,377.11,0.5376,1134.31
985.87,565.52,434.18,0.7303,1957.68
516.45,379.0,76.5,0.9106,981.12
800.97,116.0,579.96,0.5864,1486.43
952.17,29.84,208.02,0.8548,1182.81
107.82,3.84,321.42,0.8406,432.52
126.69,153.38,560.51,0.7772,852.71
343.47,987.67,233.64,0.9181,1598.75
518.02,1.35,803.7,0.4904,1321.04
824.95,6.87,52.66,0.875,879.86
852.58,328.28,692.64,0.485,1850.19
918.7,356.88,838.62,0.2673,2089.45
529.75,0.22,580.82,0.6146,1131.78
649.8,2.23,892.06,0.3334,1568.24
598.27,44.91,366.0,0.6377,1035.96
946.62,973.27,105.07,0.2191,2079.96
973.32,0.93,627.35,0.912,1590.89
7.83,0.28,638.83,0.4085,647.15
45.21,724.95,814.85,0.5919,1646.21
393.65,7.75,845.74,0.4904,1288.96
792.75,917.89,254.17,0.6684,2029.02
114.88,536.61,448.51,0.6524,1090.35
217.96,171.91,225.46,0.5871,622.6
781.93,20.56,663.3,0.1967,1449.94
13.51,4.98,304.09,0.7519,321.54
740.3,13.03,896.98,0.3082,1644.11
683.26,21.18,486.2,0.7449,1175.44
220.65,9.23,244.2,0.4052,457.41
542.02,681.18,628.66,0.602,1844.11
412.63,41.39,157.41,0.2931,606.91
829.46,0.0,201.64,0.7766,1060.88
71.28,526.39,678.04,0.3034,1295.29
886.73,271.1,669.29,0.0941,1801.1
753.61,99.0,364.12,0.5567,1212.81
816.63,544.05,632.76,0.9352,2007.89
443.27,36.19,111.92,0.2502,600.46
506.53,993.32,697.91,0.849,2185.07
24.08,0.0,452.37,0.1558,477.6
177.67,363.59,857.9,0.1591,1436.19
329.68,259.24,332.38,0.3006,944.03
457.99,0.04,565.36,0.7912,1029.84
322.28,561.72,456.22,0.2909,1322.32
446.98,652.27,852.77,0.4658,1956.48
213.0,411.9,19.36,0.4264,646.18
366.61,1.1,873.96,0.319,1229.07
408.08,338.58,345.36,0.8606,1077.0
578.73,1.22,106.26,0.2258,672.28
659.55,611.04,778.95,0.6155,2056.53
264.68,25.2,407.6,0.6161,687.55
761.62,2.11,101.62,0.9417,852.26
971.39,24.25,58.17,0.5068,1065.05
899.53,80.88,396.9,0.4006,1322.85
623.27,3.7,575.74,0.4102,1253.45
520.45,701.14,22.77,0.7029,1259.67
168.94,1.18,663.43,0.388,825.03
695.06,24.62,270.03,0.1239,979.57
913.14,636.54,297.95,0.3261,1760.95
739.59,8.46,808.45,0.8708,1538.27
892.84,292.25,788.06,0.3969,1962.15
502.81,18.31,483.6,0.5082,985.53
895.54,1.14,794.06,0.5341,1667.47
858.48,93.11,272.63,0.1922,1244.62
833.06,132.82,254.25,0.8967,1218.03
544.86,497.03,300.69,0.7127,1361.38
258.05,12.6,795.22,0.7749,1047.86
70.19,3.7,276.8,0.5988,349.61
113.93,93.98,468.87,0.2833,693.48
595.21,390.34,628.64,0.8572,1629.68
800.12,132.21,213.5,0.1318,1104.1
798.34,198.5,23.24,0.2653,1009.74
402.21,339.06,158.16,0.3828,892.11
983.73,791.98,343.53,0.3506,2127.15
861.59,358.21,559.46,0.706,1812.08
836.74,378.78,585.19,0.8931,1772.77
416.86,995.6,353.81,0.2741,1783.53
118.92,48.6,871.28,0.3421,1054.67
107.19,3.14,146.78,0.5445,270.83
204.03,37.2,768.01,0.5281,1001.98
422.71,397.19,326.14,0.6461,1163.59
56.88,421.65,849.86,0.1223,1343.94
615.45,309.51,416.05,0.892,1343.44
118.49,0.0,739.85,0.1311,830.62
929.61,0.15,105.64,0.8339,1043.97
422.33,195.38,644.89,0.2156,1223.26
774.14,0.74,97.41,0.6865,856.59
452.51,10.3,641.1,0.1527,1070.19
722.19,943.06,191.13,0.6223,1820.09
266.98,0.9,747.63,0.4263,1019.26
40.21,340.57,462.96,0.6742,869.05
972.72,573.26,189.6,0.7334,1773.4
346.29,42.64,430.1,0.6756,864.18
286.52,269.07,37.89,0.8848,602.06
106.18,378.14,258.05,0.7399,745.62
503.72,6.29,425.23,0.5641,922.21
769.33,20.0,757.27,0.4438,1575.41
56.02,9.28,394.72,0.7151,468.56
72.55,822.46,277.27,0.9344,1182.89
508.94,470.06,315.41,0.9264,1286.82
331.2,0.0,157.81,0.0793,490.17
141.01,110.41,168.7,0.8303,420.43
697.87,201.14,337.93,0.7339,1267.88
710.98,5.78,73.7,0.9211,799.17
264.74,0.0,609.28,0.7339,872.16
517.09,609.97,708.45,0.7735,1801.17
282.98,141.51,459.75,0.7318,892.31
716.76,111.74,531.4,0.0534,1373.53
113.67,391.49,703.18,0.9497,1189.07
87.04,2.67,816.88,0.2263,927.66
133.43,549.2,271.07,0.3851,965.25
597.41,211.14,45.59,0.2464,849.1
994.94,11.35,335.95,0.2233,1329.01
0.07,518.81,794.5,0.4914,1320.28
4.99,83.65,153.21,0.4014,236.87
678.86,516.2,847.6,0.3197,2026.04
837.44,64.01,504.62,0.6681,1354.96
621.52,159.9,277.78,0.9455,1050.5
950.61,259.21,53.44,0.2128,1265.58
196.01,0.1,492.48,0.9487,690.16
441.91,463.58,538.89,0.2932,1457.44
460.2,0.0,96.74,0.5944,558.92
769.04,118.47,77.34,0.9066,948.66
638.96,414.39,598.69,0.0616,1615.25
244.61,851.62,368.15,0.6842,1474.01
473.06,1.14,365.86,0.5543,838.32
395.48,4.01,593.68,0.0607,1013.74
675.29,464.11,876.29,0.3444,2004.37
632.61,201.05,570.32,0.8978,1423.7
861.71,251.52,704.28,0.3451,1835.64
935.25,578.0,455.66,0.4647,1968.07
207.53,11.49,847.53,0.2899,1076.16
681.96,268.94,693.87,0.3912,1600.51
502.63,255.72,895.14,0.5787,1657.87
924.52,0.0,228.61,0.0529,1141.02
387.44,195.15,435.02,0.728,1037.84
12.21,46.23,423.32,0.4149,477.93
96.53,0.02,819.93,0.1093,908.26
78.32,1.37,582.72,0.8815,660.0
745.63,475.47,576.34,0.8319,1773.44
75.13,94.85,480.61,0.3848,639.16
123.42,812.07,380.25,0.8,1318.02
508.01,325.86,426.43,0.8366,1255.34
18.13,509.3,444.75,0.6561,963.91
698.92,376.89,898.69,0.3783,1941.45
481.86,331.09,433.54,0.8255,1221.97
979.92,2.0,219.18,0.3151,1185.83
781.24,1.79,394.54,0.8863,1197.89
553.51,327.41,58.32,0.4387,935.54
11.8,254.11,786.69,0.437,1053.53
726.66,49.41,300.98,0.2844,1050.71
745.36,2.66,267.71,0.8569,1003.1
352.17,356.65,90.73,0.1841,802.33
543.37,2.53,441.5,0.4676,1028.46
14.63,404.63,680.71,0.7475,1104.31
709.65,76.12,44.48,0.9208,859.59
305.23,3.56,298.59,0.345,585.91
403.57,297.92,873.79,0.5202,1511.08
55.1,53.03,27.15,0.5876,146.96
212.25,369.55,686.82,0.1432,1277.6
139.75,43.68,726.15,0.3116,897.33
776.24,18.23,383.57,0.606,1220.79
563.03,53.25,849.63,0.1291,1466.41
35.58,171.62,165.88,0.1259,365.01
955.61,2.12,323.49,0.4733,1288.87
924.63,0.0,820.37,0.0786,1753.83
782.94,0.02,728.83,0.4734,1522.4
186.16,12.74,718.74,0.0594,928.45
320.35,19.87,279.69,0.1603,621.29
557.16,177.21,836.71,0.529,1552.16
95.15,398.79,401.46,0.7332,873.63
615.23,379.87,325.57,0.4819,1341.31
270.29,4.45,337.19,0.1303,616.99
733.61,648.5,852.98,0.5578,2278.21
490.13,485.24,483.05,0.7127,1454.34
686.92,193.64,224.85,0.6671,1089.05
629.01,285.23,604.09,0.6652,1503.46
624.68,745.52,61.3,0.7549,1433.64
465.59,4.42,704.18,0.0834,1139.2
401.51,18.62,864.41,0.3129,1305.89
431.46,27.61,655.03,0.0771,1124.07
422.11,481.77,300.51,0.0663,1203.18
132.54,109.06,749.7,0.8825,1004.21
838.17,467.48,831.21,0.7836,2105.64
944.38,0.02,309.2,0.4003,1226.74
235.23,1.9,753.34,0.6276,1024.02
774.6,766.46,201.53,0.3406,1721.57
544.04,22.24,142.4,0.9398,718.46
862.26,257.26,399.3,0.8225,1559.18
768.47,93.22,807.65,0.5029,1646.96
725.74,636.35,765.92,0.4806,2138.42
149.29,0.06,838.37,0.7027,1010.74
583.41,0.01,408.38,0.8792,1014.49
580.81,53.63,94.53,0.3412,722.62
578.58,946.26,326.43,0.8226,1841.23
505.02,280.33,287.3,0.1385,1097.65
70.01,700.75,4.12,0.1124,767.53
299.73,48.53,276.02,0.8516,630.71
928.81,29.03,180.34,0.7952,1134.89
354.28,193.11,351.65,0.0635,907.16
894.94,631.49,93.4,0.3263,1601.3
298.04,26.38,47.86,0.8557,383.68
928.46,412.43,684.04,0.7585,2044.74
175.96,5.61,450.32,0.6715,629.55
546.4,698.18,113.42,0.3317,1387.73
328.87,0.02,615.28,0.9344,918.45
216.07,80.56,482.32,0.7832,767.77
813.02,24.62,707.55,0.6178,1518.24
634.67,85.05,568.99,0.7131,1291.75
616.24,3.58,302.98,0.4493,944.72
325.56,549.99,303.35,0.2564,1168.23
89.86,549.97,448.49,0.6688,1102.91
408.91,91.56,228.21,0.6929,745.67
574.15,0.06,640.45,0.6502,1235.19
409.24,121.43,711.71,0.6626,1246.29
805.51,634.19,46.61,0.1128,1510.7
781.62,1.32,777.05,0.1735,1539.63
803.31,0.09,763.87,0.8073,1571.28
209.05,636.76,869.07,0.4859,1715.14
279.56,38.71,568.06,0.6996,913.18
890.32,0.0,350.93,0.3126,1239.72
680.87,707.1,281.97,0.82,1677.26
153.35,569.87,210.21,0.7342,926.66
514.88,153.06,877.93,0.5762,1529.65
955.9,22.35,423.17,0.7908,1421.46
232.58,674.23,105.49,0.515,1000.73
354.02,493.86,863.15,0.5665,1739.58
80.15,64.71,732.48,0.731,850.6
169.92,160.72,748.88,0.5561,1076.45
706.71,2.17,556.77,0.1203,1255.39
51.45,231.76,867.78,0.1835,1123.41
893.91,614.18,380.88,0.7202,1857.75
756.54,382.02,524.59,0.1529,1634.37
171.73,0.2,809.27,0.2135,993.79
700.77,33.4,364.44,0.1009,1089.54
996.43,49.96,194.06,0.6852,1238.13
153.62,115.43,175.95,0.2604,421.26
399.63,107.18,345.87,0.1158,842.95
261.96,142.98,191.65,0.613,598.23
892.24,840.44,328.28,0.8987,2063.31
315.68,50.63,151.12,0.8322,522.7
205.84,530.22,765.35,0.6257,1506.7
220.04,450.1,693.44,0.5097,1327.77
199.79,148.51,292.64,0.9425,649.58
205.61,7.54,896.05,0.9493,1119.58
480.52,295.15,631.73,0.1673,1411.23
394.03,52.65,421.28,0.3225,851.16
754.96,661.59,368.44,0.3128,1786.48
560.22,0.06,771.71,0.4793,1359.13
400.04,0.0,709.96,0.4764,1101.41
758.99,41.95,582.74,0.7031,1399.25
768.39,0.01,562.5,0.6046,1346.73
374.83,242.68,241.62,0.2094,861.05
206.4,960.82,654.18,0.0838,1823.01
912.88,211.41,436.36,0.5333,1585.33
388.39,7.65,639.46,0.2628,1049.19
926.76,66.86,303.37,0.4304,1320.49
732.54,312.62,227.4,0.4282,1275.21
867.44,37.73,520.41,0.896,1429.72
728.32,281.28,134.71,0.9363,1149.36
428.65,175.45,324.78,0.2856,928.74
585.02,50.42,766.2,0.4481,1411.09
152.54,832.8,344.16,0.4059,1331.39
576.37,80.71,842.23,0.3479,1454.98
995.4,10.61,850.21,0.8111,1864.72
132.86,0.04,153.75,0.4115,277.45
392.72,0.03,64.51,0.4645,453.39
755.72,14.71,438.52,0.7631,1199.87
882.91,607.66,155.94,0.0702,1712.29
655.77,776.01,74.87,0.9382,1532.68
268.14,0.2,334.84,0.4409,604.87
54.1,651.32,190.2,0.8359,899.88
849.9,22.61,90.7,0.7904,971.32
308.84,67.85,545.23,0.6225,896.79
953.11,0.14,752.29,0.6939,1701.59
597.14,166.03,600.24,0.7139,1369.22
716.21,7.77,623.31,0.435,1324.33
855.53,0.0,684.5,0.5922,1555.89
258.31,509.56,126.59,0.859,908.0
106.34,344.01,348.11,0.2791,786.76
333.48,10.21,542.56,0.3654,874.07
226.91,91.64,517.0,0.4879,840.64
341.62,652.37,430.8,0.6632,1433.41
108.81,75.41,607.68,0.2984,799.39
701.14,394.91,482.64,0.7127,1604.49
508.85,336.48,11.03,0.0763,835.7
635.72,25.36,555.9,0.1416,1223.95
353.07,186.58,881.31,0.5149,1425.53
103.15,0.09,830.38,0.8298,946.74
994.23,0.91,689.16,0.1507,1678.96
717.94,333.57,238.4,0.845,1323.5
913.49,87.91,308.67,0.8587,1314.45
438.68,0.43,783.17,0.4805,1224.3
70.25,25.16,328.27,0.9234,442.87
462.87,763.05,718.87,0.7425,1936.69
742.52,973.49,755.93,0.5379,2472.58
376.75,279.86,124.68,0.4151,791.93
891.36,345.12,549.55,0.2533,1777.28
838.47,83.96,800.16,0.3549,1720.91
841.22,699.68,421.54,0.4646,1994.91
466.43,0.0,436.24,0.5938,943.71
79.15,190.42,549.97,0.6617,821.94
766.62,492.04,123.47,0.7449,1370.34
436.58,472.98,114.71,0.3716,1025.03
143.22,798.89,566.29,0.056,1495.31
52.18,460.32,228.82,0.5627,730.17
902.14,594.71,452.49,0.1783,1912.86
334.88,972.16,726.17,0.3403,2023.35
271.67,65.66,72.23,0.8015,413.55
605.06,7.62,406.65,0.4661,1041.42
30.52,235.97,514.5,0.6313,778.92
998.35,591.06,20.84,0.3263,1612.03
901.19,758.31,603.92,0.8123,2280.63
392.56,0.58,261.11,0.7486,663.0
742.41,453.61,791.84,0.9205,1972.42
783.7,6.78,664.94,0.8685,1438.3
22.04,38.19,86.93,0.6137,157.64
91.38,78.09,605.37,0.8667,788.76
528.03,0.01,351.16,0.3606,882.9
143.26,50.32,55.04,0.8657,258.31
863.02,0.0,310.37,0.4429,1195.61
800.04,307.94,175.63,0.128,1244.03
843.46,254.94,220.7,0.5517,1326.98
786.97,77.2,648.98,0.2837,1515.29
769.77,959.74,887.77,0.726,2634.37
374.37,790.45,432.59,0.7045,1588.74
896.93,327.7,276.12,0.8743,1516.72
212.77,46.32,330.94,0.791,597.13
873.09,36.53,348.27,0.7366,1226.43
123.65,2.67,209.28,0.5905,340.23
663.54,447.75,672.66,0.619,1759.11
982.18,0.74,681.47,0.3936,1634.4
629.19,2.68,755.75,0.1187,1406.91
567.17,3.4,535.33,0.5494,1119.16
812.45,2.0,125.78,0.2679,975.24
166.11,524.61,696.26,0.5985,1352.75
356.31,10.06,625.52,0.4655,998.26
324.57,2.72,40.08,0.4445,380.73
943.61,2.48,496.3,0.3632,1433.79
27.13,160.58,415.03,0.5551,608.86
618.72,26.02,457.5,0.8321,1120.28
397.57,164.88,371.25,0.4817,956.22
669.93,108.71,231.34,0.2822,1010.15
450.35,35.69,616.52,0.5025,1109.25
138.67,730.5,747.56,0.8034,1652.36
504.29,851.1,834.98,0.085,2190.48
511.25,9.53,189.31,0.4685,716.09
669.49,43.19,65.68,0.8144,776.38
915.05,0.0,526.28,0.4728,1416.9
176.79,162.54,155.03,0.8232,491.88
450.19,325.15,243.71,0.1587,1006.5
368.51,44.59,6.9,0.7514,432.24
704.05,69.52,445.98,0.6474,1211.9
282.48,417.72,553.46,0.6213,1274.5
763.87,69.31,296.57,0.4392,1115.76
653.11,0.0,211.06,0.6752,865.35
538.08,207.7,252.98,0.1761,991.37
538.26,179.99,171.25,0.1194,907.75
802.85,20.31,615.33,0.2837,1408.96
211.11,78.73,241.84,0.3762,513.02
831.81,449.65,393.58,0.3222,1680.61
433.27,434.29,773.4,0.308,1634.75
28.9,79.19,394.45,0.875,506.34
425.62,35.63,93.04,0.5931,558.1
520.79,454.17,660.35,0.1484,1639.51
799.73,0.0,132.78,0.4258,932.59
522.24,707.81,674.22,0.906,1940.64
50.52,1.01,725.37,0.8913,782.2
9.36,0.87,869.85,0.1308,873.45
374.04,805.58,178.0,0.9251,1355.14
767.65,9.33,119.73,0.2599,863.93
0.64,328.19,92.16,0.6465,429.25
900.9,31.01,819.62,0.5611,1795.83
851.06,27.1,549.92,0.5397,1437.39
255.82,1.97,821.53,0.331,1099.8
870.94,0.53,262.78,0.1252,1142.94
940.61,741.57,328.25,0.4816,2019.88
885.08,0.0,161.14,0.4175,1045.6
383.24,8.76,745.77,0.3569,1102.68
633.56,646.5,519.07,0.9467,1852.78
244.69,35.7,176.18,0.5519,454.58
749.64,148.59,110.26,0.2753,1021.14
269.36,0.13,800.58,0.5192,1082.56
102.4,754.94,776.21,0.4015,1665.39
794.44,189.33,748.4,0.4837,1725.6
716.17,43.72,679.37,0.3394,1420.54
399.63,73.22,653.09,0.2711,1105.97
512.25,21.21,119.66,0.6829,657.94
946.31,409.48,514.9,0.29,1847.66
523.39,97.79,364.5,0.4474,1005.6
420.69,0.06,504.46,0.5512,918.12
713.79,306.12,723.41,0.1698,1742.62
388.43,296.36,108.51,0.2519,794.13
137.56,100.71,85.07,0.134,312.97
638.59,257.37,243.65,0.1869,1149.21
249.25,19.91,378.34,0.2525,640.8
578.02,0.32,434.31,0.555,1035.84
874.0,141.31,214.99,0.5371,1264.33
308.72,664.35,51.26,0.3179,1020.41
267.46,0.44,40.53,0.7283,313.28
764.71,276.44,675.62,0.8756,1702.38
151.35,746.2,302.12,0.7741,1207.99
175.31,328.28,602.09,0.8671,1114.06
734.25,138.98,495.27,0.3587,1350.06
802.62,255.49,617.71,0.888,1700.29
734.43,461.73,386.14,0.4642,1619.96
559.71,53.1,52.44,0.2438,661.69
926.72,482.82,716.3,0.8385,2157.3
139.33,237.72,818.3,0.4507,1204.34
875.58,0.51,384.38,0.4584,1255.77
263.69,116.91,650.86,0.6617,1029.46
735.27,429.59,260.55,0.0782,1417.2
778.81,63.22,732.91,0.6083,1569.26
342.39,318.25,518.57,0.1103,1185.59
43.52,163.74,834.84,0.1326,1060.52
774.74,78.85,323.85,0.5697,1160.95
866.71,19.81,870.38,0.1964,1721.78
700.17,651.56,166.9,0.3427,1505.79
460.03,137.99,531.47,0.2186,1124.45
755.1,1.32,3.7,0.4005,748.62
891.48,0.06,300.77,0.8209,1174.84
633.06,0.0,418.29,0.9303,1048.44
815.35,135.44,325.36,0.3388,1266.23
461.31,33.49,590.1,0.9486,1077.11
164.04,264.64,360.57,0.5807,771.44
458.03,27.77,882.66,0.6506,1352.39
317.1,221.22,326.84,0.7456,879.28
190.73,12.6,786.48,0.1321,1006.94
863.68,5.54,827.05,0.6901,1747.37
980.45,576.63,51.2,0.7928,1586.39
889.71,205.15,716.39,0.7994,1801.17
58.74,294.79,807.12,0.8925,1167.48
310.13,632.62,23.01,0.7438,951.89
879.98,126.32,380.51,0.8101,1401.26
487.76,600.52,11.65,0.3649,1126.77
879.55,4.1,400.13,0.3594,1305.65
564.29,63.7,784.99,0.6874,1378.47
611.86,72.51,88.72,0.6207,786.5
452.55,788.81,648.95,0.7535,1890.04
432.53,174.62,489.22,0.2667,1093.59
374.64,0.16,873.13,0.4245,1226.92
627.35,93.32,879.61,0.0951,1578.98
21.15,6.12,156.6,0.3566,183.07
243.86,136.62,430.62,0.2628,831.59
843.92,340.62,352.12,0.2924,1530.34
224.75,3.77,39.06,0.0595,269.08
361.31,0.05,523.14,0.473,861.46
541.64,1.0,673.66,0.3887,1256.26
590.93,117.87,325.26,0.5349,1012.53
525.73,913.57,364.89,0.3028,1812.53
52.13,94.99,828.67,0.2309,986.97
15.99,267.33,688.58,0.6542,971.31
816.83,621.61,302.57,0.5716,1751.43
341.44,257.62,593.48,0.0501,1208.58
734.84,0.43,456.94,0.09,1226.93
554.54,8.46,776.37,0.1579,1350.0
972.07,284.69,754.48,0.7914,2067.21
122.11,0.58,93.42,0.5117,217.91
480.1,23.6,784.68,0.1315,1262.4
81.2,147.01,300.74,0.5444,524.95
500.14,131.67,759.25,0.1005,1353.77
980.19,115.69,639.37,0.3125,1735.71
423.28,575.45,390.73,0.659,1409.54
204.68,10.33,509.28,0.4918,731.05
848.24,0.05,719.22,0.8241,1540.74
679.63,827.08,800.74,0.3805,2311.42
535.24,1.22,207.07,0.5044,757.76
573.61,506.57,723.22,0.2947,1796.16
615.53,54.38,863.97,0.621,1535.99
105.54,379.2,288.61,0.2222,771.43
694.57,285.02,90.73,0.6483,1105.61
800.26,0.66,245.08,0.7732,1071.82
908.92,331.46,48.8,0.4561,1277.23
760.92,3.37,794.35,0.7067,1537.49
561.22,862.51,777.32,0.8798,2174.68
350.7,4.89,268.3,0.9155,615.13
203.74,11.59,592.14,0.5481,798.34
907.04,172.85,522.29,0.6452,1606.22
581.6,416.44,823.75,0.8889,1827.95
268.7,651.9,624.59,0.3809,1544.2
422.67,578.96,302.98,0.4457,1316.23
200.43,179.41,403.97,0.3806,778.29
11.65,231.12,504.13,0.8925,741.95
40.58,99.46,37.77,0.2829,180.83
457.09,35.02,719.42,0.3528,1202.96
279.34,863.81,225.11,0.3762,1356.51
647.69,21.23,188.61,0.5783,859.53
591.58,123.86,876.07,0.3065,1615.03
191.16,127.25,437.02,0.7445,763.18
143.03,856.48,241.01,0.2704,1237.12
662.54,695.26,258.99,0.0972,1629.31
245.11,389.14,193.6,0.1203,838.68
282.04,16.5,283.1,0.3256,579.59
538.54,210.88,115.87,0.104,850.69
222.98,572.54,59.45,0.6583,848.92
462.64,52.21,777.94,0.6828,1288.47
927.56,0.3,674.18,0.9211,1631.38
173.47,531.13,52.98,0.6729,759.74
455.72,40.88,215.22,0.3645,697.58
302.3,130.91,463.24,0.5692,875.67
116.61,614.3,329.27,0.2221,1066.56
805.92,109.22,231.82,0.8883,1162.64
634.28,15.24,359.82,0.3263,998.42
898.81,2.12,80.39,0.3922,973.17
315.74,8.28,49.07,0.7994,392.54
644.8,394.01,757.35,0.2893,1809.66
103.06,812.96,508.32,0.7372,1392.02
400.31,351.89,296.54,0.5899,1049.55
838.08,4.65,552.25,0.8197,1411.85
473.72,128.4,395.28,0.0811,990.13
956.3,374.04,808.85,0.8343,2224.55
362.97,97.01,82.39,0.0902,539.55
528.77,156.28,69.97,0.2097,738.13
531.85,472.15,180.49,0.5646,1160.3
960.26,789.64,293.37,0.1894,2051.77
176.38,251.91,161.33,0.2156,591.19
793.8,2.38,141.19,0.1179,926.96
164.17,503.88,886.7,0.2345,1574.44
165.37,0.08,756.69,0.5091,935.59
209.38,5.32,99.04,0.6496,317.51
127.46,9.45,736.46,0.5311,885.3
651.65,596.93,295.84,0.7355,1518.44
347.61,789.44,362.49,0.1461,1498.93
173.86,8.77,589.98,0.5062,761.69
800.38,0.01,171.9,0.6133,968.14
455.63,92.46,845.87,0.3224,1406.84
644.73,798.13,688.05,0.1565,2134.14
621.76,464.57,88.16,0.8786,1190.64
847.68,683.58,86.29,0.7683,1645.17
680.51,55.94,237.38,0.598,968.73
917.16,225.13,322.99,0.0691,1456.89
290.83,4.26,490.86,0.6991,786.11
644.85,193.4,215.75,0.8364,1072.17
703.09,417.75,40.28,0.6357,1153.18
693.65,108.34,362.28,0.1849,1173.0
889.03,59.44,146.14,0.4086,1116.07
339.37,0.0,330.55,0.8571,672.93
362.33,366.49,140.23,0.8071,866.47
533.55,2.08,60.79,0.8133,605.38
435.85,130.77,21.44,0.6834,593.48
908.98,2.24,151.41,0.2827,1076.58
942.72,183.0,243.36,0.2434,1361.31
201.15,0.52,561.55,0.6515,756.48
505.51,186.93,571.77,0.0574,1256.25
528.53,70.21,395.44,0.4577,967.26
687.74,23.4,11.28,0.389,717.37
606.89,263.17,290.37,0.8267,1192.2
469.93,105.47,70.55,0.8406,651.43
628.48,268.69,310.88,0.1393,1210.68
341.95,3.58,822.55,0.4879,1129.36
300.59,3.25,31.03,0.3601,330.21
990.1,12.7,113.3,0.7891,1111.34
996.7,14.52,43.34,0.7009,1070.7
350.0,819.74,694.62,0.4189,1896.58
0.96,39.14,152.99,0.3247,182.85
715.03,569.81,162.21,0.4256,1476.26
144.45,46.95,175.93,0.5559,364.4
462.84,302.18,648.29,0.9416,1414.74
185.04,0.0,125.05,0.1622,305.99
439.26,232.15,69.94,0.7883,734.52
683.49,332.66,511.14,0.2074,1545.26
924.82,522.01,116.94,0.348,1573.94
196.8,365.39,826.51,0.3059,1410.79
460.21,30.77,458.09,0.3225,948.68
157.82,5.15,346.28,0.1307,498.79
322.63,7.99,632.96,0.4289,984.46
52.96,109.98,211.1,0.6829,380.54
238.09,144.77,700.73,0.9273,1116.91
54.31,181.13,277.54,0.7204,511.69
189.22,89.46,21.32,0.703,295.99
979.06,38.65,591.23,0.5655,1585.13
424.28,51.88,207.02,0.6721,696.71
666.93,935.15,293.21,0.195,1866.46
132.98,18.61,53.91,0.8994,201.7
930.73,53.21,486.04,0.5852,1480.52
357.55,291.52,810.92,0.7231,1503.46
785.33,253.38,460.15,0.8464,1499.98
439.23,296.89,390.18,0.3082,1122.21
937.96,126.34,890.85,0.7881,2015.34
337.5,269.07,859.25,0.4226,1503.67
130.93,138.11,399.72,0.5128,641.34
574.2,30.94,428.01,0.4347,1027.09
449.71,274.76,639.42,0.4104,1338.28
912.36,453.86,697.52,0.7097,2054.38
954.88,7.08,263.85,0.2368,1264.63
747.74,17.25,864.58,0.6447,1604.83
605.93,202.5,868.26,0.9011,1729.65
114.6,1.65,30.36,0.1827,154.04
445.51,334.1,802.93,0.3889,1598.03
896.18,311.69,751.91,0.8833,1990.97
503.06,137.56,414.21,0.9033,1084.33
363.25,744.74,696.92,0.3095,1820.76
1.93,151.14,826.59,0.6065,976.88
75.55,152.02,615.83,0.0799,861.71
256.49,646.76,251.74,0.9333,1159.44
856.32,324.88,361.33,0.4623,1579.57
267.35,16.84,436.83,0.526,728.07
744.9,244.34,588.82,0.8345,1559.13
570.62,0.22,99.01,0.4781,667.49
733.93,548.64,711.03,0.5717,1991.81
23.36,6.88,241.45,0.4648,271.33
151.16,0.9,19.46,0.1122,169.14
32.28,89.49,608.0,0.4268,730.89
615.5,252.84,639.92,0.3059,1499.59
172.03,894.41,569.8,0.2951,1611.46
231.69,269.7,862.19,0.831,1341.53
322.07,58.31,672.29,0.2753,1036.27
286.49,67.89,694.75,0.058,1055.52
3.69,261.41,329.92,0.474,587.91
203.14,494.03,168.0,0.6658,846.45
255.49,356.69,195.29,0.5233,825.26
145.66,310.49,119.95,0.1141,556.03
218.3,3.32,232.61,0.7358,467.14
937.02,860.57,565.8,0.6742,2383.51
895.01,42.35,661.34,0.7563,1643.01
32.02,15.84,424.36,0.7677,485.81
75.48,629.6,371.2,0.8197,1082.36
917.99,485.11,678.05,0.5094,2096.62
516.53,137.14,189.61,0.3452,836.09
717.7,74.31,218.91,0.7693,1016.56
4.64,677.18,24.06,0.6888,706.84
235.77,839.94,648.15,0.9354,1707.8
128.29,289.64,463.44,0.7833,895.46
1.99,114.11,599.31,0.331,714.0
603.41,370.28,212.08,0.292,1174.31
354.35,422.56,240.83,0.7294,1015.91
452.33,7.02,464.27,0.6801,930.81
160.03,782.1,4.29,0.7075,928.23
896.06,638.7,135.24,0.9015,1663.51
563.82,3.83,341.21,0.7634,917.44
320.88,82.88,722.13,0.5866,1130.49
328.74,6.6,493.43,0.4701,827.73
88.95,0.09,156.58,0.6546,240.21
97.44,696.57,686.07,0.846,1467.05
315.18,244.29,71.03,0.9424,648.0
518.6,981.23,843.23,0.5981,2358.32
126.46,26.31,741.32,0.5357,898.1
711.99,541.31,239.1,0.6805,1513.85
689.65,115.65,301.89,0.6766,1110.3
771.71,153.79,387.54,0.5267,1304.77
617.01,11.95,834.68,0.7519,1467.47
715.19,0.53,469.03,0.6835,1202.83
684.6,153.71,569.73,0.5547,1390.91
585.25,101.18,454.22,0.1172,1143.15
838.91,0.13,809.54,0.8093,1640.77
930.25,287.1,110.29,0.1939,1292.64
419.27,4.39,31.11,0.5151,458.76
198.63,344.63,515.88,0.5464,1032.14
755.5,3.54,400.0,0.3984,1170.87
186.34,961.6,143.07,0.446,1316.94
422.54,672.05,579.82,0.6632,1672.33
129.06,89.35,361.65,0.7258,598.34
449.91,1.61,685.15,0.7549,1133.85
171.49,2.83,91.0,0.3114,248.69
285.84,587.74,300.82,0.6847,1153.82
114.34,14.08,563.65,0.6478,675.51
422.16,175.22,847.32,0.1173,1462.86
493.45,515.71,790.69,0.7074,1828.58
758.88,10.3,13.47,0.1872,787.12
714.35,3.17,279.47,0.8447,973.66
243.75,932.62,523.87,0.5444,1738.01
732.86,18.27,21.55,0.6355,751.92
811.39,797.55,549.66,0.5856,2163.13
78.34,47.84,591.72,0.5243,715.56
118.4,258.21,755.36,0.647,1142.57
663.04,615.17,133.66,0.6068,1376.79
224.49,86.28,380.59,0.5643,669.59
96.85,8.15,577.87,0.1607,676.33
656.99,38.15,889.81,0.4765,1604.92
178.74,818.38,518.75,0.9408,1484.05
931.29,42.69,569.58,0.0789,1585.01
374.99,559.51,447.13,0.5208,1451.93
890.51,808.31,152.71,0.8422,1860.03
852.26,131.59,600.06,0.2757,1562.97
557.4,2.94,562.28,0.0795,1135.06
275.19,4.8,106.48,0.7373,380.77
254.76,28.28,714.38,0.2533,997.43
729.94,0.31,815.46,0.5577,1526.38
318.19,328.42,542.21,0.293,1211.22
813.87,300.83,781.34,0.2471,1846.19
288.17,829.18,508.23,0.8142,1603.64
318.1,444.28,322.89,0.1309,1090.95
110.05,171.54,752.98,0.5753,1034.86
228.44,4.32,16.78,0.7707,246.17
858.7,62.5,819.21,0.1905,1722.94
865.58,72.94,884.29,0.2402,1788.39
971.33,16.85,25.58,0.4038,1041.07
840.63,0.89,323.87,0.5328,1152.5
192.3,0.75,660.3,0.0692,853.28
706.33,296.71,459.08,0.7532,1450.13
823.44,195.92,389.19,0.588,1403.6
209.56,104.75,853.27,0.5791,1188.16
657.29,98.22,366.49,0.2285,1113.19
863.16,21.39,532.65,0.466,1429.27
35.46,834.78,325.74,0.3327,1181.52
2.87,379.25,797.98,0.2792,1189.61
620.69,4.66,333.25,0.4906,956.99
981.98,122.68,231.49,0.638,1293.71
5.6,53.22,62.64,0.4796,111.56
894.21,5.67,624.38,0.6184,1470.17
568.94,526.1,316.11,0.115,1421.3
672.52,16.45,124.86,0.1444,814.3
334.98,445.75,574.96,0.894,1323.87
0.6,13.01,217.52,0.8412,233.46
417.53,0.15,430.32,0.0846,835.26
518.1,994.02,887.66,0.7561,2412.16
112.25,3.84,621.0,0.1709,733.82
92.43,0.14,350.27,0.4235,453.23
920.22,224.34,262.78,0.8013,1396.87
445.29,424.29,330.28,0.7727,1202.24
246.1,149.22,752.68,0.7195,1156.8
260.77,785.19,103.25,0.2291,1127.94
210.85,0.03,575.52,0.4169,792.11
983.77,792.86,464.6,0.3273,2194.4
373.46,54.39,571.56,0.6207,1018.38
191.58,0.0,89.07,0.3585,273.96
799.35,11.82,104.58,0.9488,923.78
523.32,936.62,858.7,0.1543,2321.1
689.93,644.13,448.77,0.6619,1835.2
401.21,178.67,192.69,0.763,788.68
851.3,487.22,505.88,0.6689,1836.55
338.73,387.4,831.48,0.0781,1613.44
385.47,569.22,179.12,0.0823,1124.9
779.51,1.24,527.58,0.7183,1293.71
934.86,434.27,79.24,0.8201,1438.46
967.7,956.37,147.38,0.2736,2076.78
55.72,64.48,889.57,0.5233,989.94
185.69,422.11,837.27,0.882,1468.21
75.73,972.14,857.94,0.2475,1874.65
589.59,31.91,646.38,0.2352,1257.57
282.38,2.7,307.95,0.0678,593.83
67.8,3.21,714.07,0.505,775.52
281.28,919.03,888.34,0.3791,2107.62
802.22,762.83,775.53,0.4455,2283.93
935.02,67.94,468.13,0.1365,1457.56
162.94,0.56,333.69,0.5139,501.29
607.73,560.42,209.52,0.7656,1365.98
277.19,87.37,861.45,0.1317,1219.79
152.42,76.92,295.99,0.1329,531.28
485.54,250.31,756.89,0.926,1484.42
338.42,919.26,510.83,0.4072,1740.41
842.67,644.41,265.59,0.328,1714.4
67.53,605.42,6.23,0.4649,676.59
914.27,246.47,477.69,0.6775,1667.3
12.97,222.84,690.2,0.8829,924.39
901.73,250.09,300.06,0.9351,1432.25
869.76,147.5,526.24,0.7991,1564.75
895.46,101.52,640.86,0.7271,1685.45
303.43,554.43,482.24,0.2508,1339.44
494.7,663.4,148.22,0.8519,1294.79
292.55,50.24,542.49,0.3204,880.59
504.06,281.66,303.56,0.2834,1081.83
529.29,2.89,587.54,0.2992,1109.28
855.17,8.28,387.71,0.1273,1243.98
921.0,174.32,781.49,0.5379,1902.26
504.46,12.59,389.35,0.2635,868.36
211.72,64.64,740.68,0.7425,1021.91
776.88,0.03,68.3,0.7356,844.87
321.46,52.92,471.74,0.5959,853.93
96.18,4.45,390.73,0.8277,495.32
186.68,23.75,340.78,0.8239,541.07
76.34,115.39,326.23,0.3396,521.54
424.36,376.76,370.34,0.6365,1183.36
339.56,183.89,826.11,0.0673,1330.28
483.92,413.05,103.36,0.5826,1009.55
311.54,0.03,472.89,0.3577,791.46
751.08,0.66,278.99,0.2838,1043.27
575.16,46.26,199.61,0.4464,820.97
189.48,542.73,871.52,0.7295,1613.05
938.5,93.34,238.93,0.7446,1271.36
30.4,436.57,144.42,0.4751,608.82
993.73,35.76,273.46,0.4763,1341.5
548.36,677.49,638.12,0.8257,1863.8
771.02,887.8,70.89,0.4416,1762.71
585.72,135.07,740.17,0.2394,1517.44
808.71,25.16,29.35,0.6989,868.89
486.64,197.19,880.83,0.3326,1522.43
954.36,99.19,108.67,0.1608,1162.6
324.53,31.7,436.1,0.5336,796.85
440.2,276.73,501.27,0.7296,1215.29
376.77,169.52,817.17,0.6008,1349.32
36.88,136.33,855.5,0.6504,1041.43
76.83,1.58,669.27,0.3343,753.14
230.84,722.31,274.88,0.2092,1276.98
710.47,71.09,688.6,0.6638,1515.51
875.15,0.4,661.65,0.507,1565.88
408.68,203.07,246.1,0.5962,854.02
768.79,5.77,320.92,0.5097,1126.15
336.02,28.55,803.72,0.1481,1181.02
804.33,17.86,393.4,0.5178,1221.26
874.03,60.55,313.53,0.3661,1262.6
55.62,702.76,280.75,0.06,1031.42
942.43,0.23,622.83,0.7528,1615.0
333.42,261.65,253.58,0.4249,832.15
606.6,102.87,618.28,0.7162,1306.5
768.41,109.71,196.23,0.4734,1080.25
599.09,244.66,195.19,0.7755,1034.13
787.25,0.0,692.82,0.5444,1472.63
142.62,697.11,47.79,0.1523,895.27
688.63,601.09,874.68,0.3561,2189.31
38.39,757.8,573.24,0.863,1387.11
631.06,804.22,272.1,0.36,1667.05
965.02,297.74,387.07,0.15,1677.64
824.21,1.33,261.54,0.1416,1074.26
577.21,2.2,426.17,0.0622,1029.2
675.73,273.4,762.98,0.175,1740.45
46.9,88.5,1.7,0.8787,154.26
273.46,87.49,856.06,0.2572,1186.02
10.4,10.56,795.86,0.4814,807.9
831.53,606.67,880.35,0.105,2275.1
885.17,1.68,326.24,0.865,1230.47
725.56,856.27,541.81,0.8412,2147.43
806.45,249.56,63.17,0.4096,1101.89
203.5,27.14,461.6,0.4303,695.6
973.43,1.22,16.36,0.7469,1007.53
239.87,42.64,268.7,0.6339,547.24
607.29,336.88,19.55,0.3806,952.65
765.62,0.2,775.29,0.8128,1539.98
942.82,49.24,272.31,0.1527,1283.04
425.3,937.23,783.23,0.5114,2105.15
235.43,3.55,217.63,0.5456,455.76
884.11,906.24,239.79,0.63,2037.25
523.34,457.24,548.23,0.6488,1526.8
239.37,646.6,872.53,0.5495,1777.63
511.28,107.17,596.88,0.3449,1212.16
978.33,756.37,889.83,0.174,2621.39
765.05,101.45,864.68,0.184,1718.63
645.94,68.81,325.83,0.5464,1035.35
433.0,0.04,703.75,0.6995,1138.67
603.16,49.97,95.23,0.7675,747.26
985.37,933.33,287.49,0.2255,2202.39
764.54,0.03,483.48,0.3054,1261.2
430.31,2.36,254.87,0.5598,681.19
709.01,525.38,413.74,0.5808,1622.26
885.07,0.54,87.69,0.084,948.34
628.74,994.95,541.39,0.2794,2148.98
354.56,209.56,396.28,0.5099,933.68
930.41,28.48,540.88,0.0566,1502.84
766.8,229.66,286.64,0.6355,1273.77
158.13,0.29,415.46,0.4437,565.72
679.87,196.56,281.44,0.2995,1151.27
113.53,800.22,54.13,0.0891,970.38
459.39,533.89,458.7,0.8589,1507.36
585.43,10.64,403.53,0.1695,1037.67
459.8,0.02,81.58,0.5571,537.35
661.51,373.36,430.61,0.3564,1453.49
270.67,249.03,82.11,0.534,611.3
316.47,774.66,65.66,0.2891,1173.42
826.08,1.46,89.11,0.4688,898.59
549.78,598.37,259.9,0.0592,1421.63
562.73,137.09,705.8,0.815,1409.1
832.08,158.24,783.96,0.561,1781.36
832.4,34.6,578.95,0.5613,1435.6
109.79,0.01,308.18,0.4981,411.0
517.86,3.09,735.67,0.698,1210.62
883.18,576.47,597.86,0.4461,2054.73
247.54,783.83,569.38,0.5889,1628.76
683.64,322.18,39.89,0.4318,1036.63
758.33,7.02,385.01,0.4656,1129.79
951.75,0.46,238.65,0.1157,1168.67
449.21,216.48,730.89,0.1283,1401.94
609.92,97.03,277.39,0.21,963.66
234.83,320.72,825.04,0.2442,1391.61
800.85,253.66,292.97,0.2659,1336.69
325.91,523.63,756.62,0.8331,1598.84
900.34,804.02,444.29,0.3122,2128.56
391.09,16.24,757.9,0.8072,1153.48
808.7,263.32,517.04,0.7799,1577.21
799.6,162.35,288.64,0.4128,1242.65
910.24,377.42,711.96,0.3128,1971.42
746.87,660.38,461.0,0.0664,1857.68
97.21,148.61,431.33,0.9159,690.68
434.03,72.21,313.67,0.8421,833.4
898.94,529.65,375.05,0.1055,1816.94
345.7,1.06,138.74,0.0707,476.14
169.67,20.01,432.64,0.1977,615.03
765.79,694.06,303.87,0.4663,1753.32
461.96,0.7,413.54,0.4652,886.84
868.02,74.15,133.5,0.7255,1069.69
85.37,50.19,717.58,0.9062,852.32
895.05,183.89,171.3,0.5586,1272.09
74.9,73.97,75.81,0.407,232.0
717.66,44.89,110.09,0.4955,872.18
96.74,392.93,547.78,0.5276,1045.0
920.36,636.95,758.53,0.1087,2332.64
471.33,23.96,302.5,0.6887,790.44
603.22,0.02,36.13,0.2584,639.9
138.54,0.15,249.81,0.0911,390.91
523.15,640.03,610.67,0.4643,1751.37
720.6,33.03,477.91,0.1557,1236.36
328.27,5.7,666.75,0.1339,1007.95
689.46,405.93,73.77,0.5573,1164.71
327.17,379.68,194.12,0.6774,889.83
910.57,122.65,271.07,0.8374,1277.81
288.07,71.8,398.63,0.2501,762.36
820.47,88.17,15.28,0.1426,920.64
260.86,36.2,477.5,0.6465,769.93
687.04,1.3,508.3,0.653,1205.97
836.37,489.64,793.64,0.3576,2096.86
484.17,30.12,560.74,0.8453,1070.85
242.79,3.55,403.01,0.8947,637.35
275.8,0.31,638.43,0.2586,899.41
735.65,8.13,705.23,0.8835,1460.89
547.18,343.18,481.57,0.8688,1390.3
994.68,176.19,192.05,0.6196,1371.65
5.1,586.3,64.05,0.2434,674.54
774.54,260.99,558.6,0.4936,1590.46
430.22,21.43,326.51,0.8403,779.65
760.9,229.81,201.6,0.1885,1236.38
495.44,8.44,233.66,0.804,752.3
332.7,6.38,393.36,0.2871,733.28
867.39,183.87,747.65,0.7167,1810.19
653.42,2.76,65.61,0.0763,700.31
570.64,461.4,574.53,0.1748,1662.73
111.9,0.14,306.32,0.1399,424.72
605.44,318.21,816.74,0.3769,1760.77
374.07,2.76,757.29,0.5652,1150.22
258.14,567.81,458.5,0.1125,1256.83
454.3,37.27,103.14,0.342,593.9
211.67,260.71,485.94,0.3878,963.0
45.89,262.31,559.2,0.5187,865.47
504.12,104.0,131.31,0.263,753.62
372.05,2.2,214.54,0.5826,582.84
751.53,157.12,49.52,0.258,942.86
288.46,300.99,582.81,0.5143,1180.85
79.84,388.07,222.54,0.3048,676.57
727.78,883.84,433.78,0.3757,2051.94
391.36,29.39,874.42,0.8915,1297.42
19.49,51.21,179.04,0.5749,252.15
416.57,786.26,813.6,0.2942,2058.63
866.0,884.58,669.58,0.1394,2446.06
491.39,24.1,802.4,0.6247,1309.41
67.21,481.95,527.82,0.3213,1075.46
797.14,183.61,874.67,0.7683,1831.55
54.62,225.6,390.09,0.5714,679.61
823.62,521.96,679.41,0.7521,2045.39
511.88,434.99,560.88,0.5158,1550.34
662.37,0.06,25.36,0.4425,692.8
324.28,317.49,836.29,0.1651,1448.75
942.66,871.04,441.62,0.7434,2237.69
804.83,928.43,298.66,0.2614,2017.93
326.42,124.16,466.14,0.8267,920.43
437.91,437.04,502.54,0.7036,1337.29
827.83,4.36,716.29,0.2524,1522.6
959.71,199.91,797.0,0.7797,1938.16
74.71,0.01,815.85,0.6776,897.78
2.78,1.92,620.83,0.2612,612.51
829.29,34.18,465.86,0.1135,1299.35
716.54,12.0,521.7,0.579,1278.19
361.16,715.72,423.24,0.0793,1526.23
910.97,0.47,714.4,0.9378,1658.0
405.63,12.61,144.85,0.3807,557.81
474.97,237.04,712.57,0.1995,1389.03
742.87,708.74,755.14,0.9221,2184.62
972.16,819.16,589.53,0.6852,2405.29
898.62,342.07,806.69,0.2404,2055.62
932.35,532.94,686.37,0.4437,2156.42
969.71,56.68,223.01,0.8186,1228.86
171.37,104.74,412.68,0.8466,681.24
259.26,8.07,421.28,0.4476,695.17
96.83,4.13,183.89,0.1243,276.4
515.04,704.95,740.26,0.2236,1964.04
612.04,35.73,454.99,0.6951,1099.54
186.79,0.34,204.83,0.5485,398.34
327.66,28.46,98.87,0.9319,436.03
592.82,691.48,256.85,0.8102,1524.92
233.22,306.35,460.36,0.4976,1001.32
918.08,568.57,380.32,0.7479,1901.54
501.13,0.24,176.77,0.3717,693.43
891.49,671.35,3.87,0.1398,1568.64
2.97,875.0,515.53,0.549,1398.45
362.77,585.56,291.15,0.8649,1240.08
838.36,479.89,417.17,0.8014,1707.62
961.65,0.43,727.85,0.6495,1732.18
926.91,0.06,679.73,0.3878,1546.7
235.73,24.66,554.83,0.3816,799.41
35.85,3.58,547.78,0.4153,590.44
350.65,48.75,206.67,0.1998,603.82
629.21,452.47,209.06,0.3427,1298.19
966.38,181.94,359.31,0.9378,1527.24
295.49,145.0,221.98,0.8809,661.63
890.17,36.12,148.91,0.8744,1067.0
793.08,31.38,98.44,0.6202,921.76
916.71,25.4,257.75,0.7285,1200.59
142.95,13.68,596.95,0.1613,741.63
947.91,2.55,250.42,0.3566,1229.32
647.69,896.48,885.22,0.338,2483.86
249.4,227.37,241.6,0.7839,725.91
10.96,486.72,380.32,0.9436,881.03
559.72,1.8,469.14,0.6023,1002.86
811.33,820.26,638.54,0.4817,2254.02
476.53,27.63,126.6,0.2806,639.91
79.1,59.87,158.65,0.6698,285.48
524.0,584.13,475.35,0.3187,1553.89
974.75,184.04,310.23,0.7432,1442.09
967.25,3.91,889.17,0.6786,1895.8
760.82,3.44,230.62,0.157,1009.21
512.93,734.5,398.19,0.6972,1636.62
797.87,1.58,93.42,0.3401,873.12
534.04,276.48,88.3,0.4008,906.37
569.79,0.19,765.1,0.1458,1283.75
151.74,663.73,875.91,0.283,1733.5
906.14,437.77,698.71,0.6813,2013.93
355.67,28.98,187.83,0.464,571.46
525.88,111.03,7.18,0.1681,649.47
979.21,191.12,837.02,0.9428,1988.99
589.58,194.78,181.32,0.1996,952.34
330.68,21.41,173.09,0.7285,538.63
581.83,62.96,395.46,0.4333,1053.45
231.62,950.55,540.96,0.6754,1762.39
860.34,49.46,750.27,0.2542,1682.44
950.98,8.36,30.05,0.7913,1015.24
244.61,153.57,885.6,0.8977,1275.82
688.84,133.11,257.87,0.1787,1078.11
24.2,260.41,243.79,0.5769,529.67
4.83,87.13,244.58,0.6023,338.68
570.46,201.32,575.54,0.141,1301.17
436.48,96.61,646.24,0.8819,1162.45
666.71,335.23,610.95,0.5363,1605.91
476.29,443.52,420.68,0.1738,1364.04
636.7,180.32,555.92,0.3937,1387.98
720.77,0.05,229.24,0.8891,977.38
334.04,1.94,225.69,0.3556,557.27
249.03,804.65,504.47,0.0945,1547.62
809.07,1.01,211.73,0.2231,1011.78
601.41,449.67,456.81,0.322,1471.81
663.76,52.25,360.61,0.2393,1084.4
608.93,10.84,375.21,0.685,982.59
450.22,280.84,559.91,0.1269,1256.09
49.16,510.05,744.34,0.0971,1289.83
782.38,291.79,347.33,0.2853,1402.33
122.09,993.46,609.28,0.5444,1686.83
370.88,659.94,802.07,0.159,1904.62
749.43,40.89,362.86,0.1138,1141.56
304.83,39.99,465.1,0.5051,818.22
11.41,363.52,393.71,0.6967,772.45
371.99,744.99,241.78,0.3945,1334.2
195.01,8.32,851.56,0.1363,1066.84
113.85,3.94,659.41,0.6166,760.44
244.95,73.04,785.5,0.703,1098.32
287.7,100.82,600.6,0.8337,962.77
48.81,88.77,774.39,0.7597,927.92
747.5,4.2,181.37,0.361,952.46
693.33,46.03,176.64,0.2623,923.74
769.56,33.17,704.15,0.8782,1513.12
390.09,5.6,709.26,0.0999,1105.83
77.74,14.98,283.26,0.3779,377.58
613.48,891.62,103.78,0.6899,1595.41
642.96,4.42,799.09,0.0713,1473.1
654.91,306.55,411.92,0.2706,1339.49
991.59,261.7,160.37,0.8747,1427.9
599.65,5.55,267.27,0.4798,847.18
351.62,272.18,148.26,0.7883,790.56
956.08,380.49,693.09,0.3455,2010.19
814.34,580.64,526.94,0.3962,1906.92
704.0,490.35,405.59,0.7646,1595.08
843.7,515.93,370.91,0.7421,1749.51
663.33,11.78,696.28,0.1541,1358.58
350.56,441.14,373.86,0.6064,1174.49
712.29,575.44,120.01,0.1047,1380.75
897.19,388.89,342.79,0.8696,1622.09
800.09,0.68,748.53,0.4907,1525.37
38.9,181.74,528.28,0.213,755.05
394.37,0.0,873.25,0.7967,1269.45
844.43,226.25,160.99,0.7608,1254.6
423.88,429.37,807.7,0.3084,1619.55
842.06,648.59,3.03,0.1352,1475.23
12.72,714.37,59.77,0.8737,802.09
74.44,53.98,655.32,0.1714,772.92
176.84,725.61,12.9,0.7125,908.56
767.6,283.59,175.85,0.0945,1232.32
579.38,613.89,212.59,0.3212,1429.12
724.21,1.99,469.55,0.5814,1198.67
544.35,81.72,887.5,0.4556,1482.76
554.32,228.47,731.37,0.9335,1519.09
581.22,6.06,43.03,0.8585,625.64
690.23,66.77,680.59,0.9385,1456.34
862.73,136.04,193.85,0.1703,1167.17
341.06,0.06,608.2,0.7927,945.42
84.92,8.01,871.6,0.9476,988.2
923.28,3.07,710.66,0.2412,1637.64
491.02,517.73,398.84,0.2527,1416.93
285.88,461.87,688.66,0.1316,1465.95
131.76,378.91,668.21,0.3214,1171.63
415.71,176.42,616.96,0.8053,1221.49
702.08,21.38,420.21,0.1286,1124.63
372.01,781.55,236.03,0.9453,1367.67
598.79,35.06,810.24,0.4843,1446.38
169.11,417.12,803.57,0.7401,1396.51
920.66,134.02,199.22,0.26,1247.14
814.34,340.98,110.67,0.4659,1273.12
920.34,1.1,820.64,0.3721,1783.75
704.83,579.65,642.04,0.5037,1931.83
200.85,315.45,359.82,0.7003,873.88
250.48,0.02,449.82,0.3419,707.25
430.91,59.31,202.86,0.3455,682.55
962.75,369.56,164.56,0.5587,1492.81
530.3,221.65,782.33,0.8515,1533.72
515.0,95.93,37.13,0.8664,636.31
709.82,20.28,59.33,0.3043,804.73
286.59,410.35,883.26,0.2419,1608.55
499.76,72.69,177.5,0.1149,766.55
671.52,450.5,195.04,0.7231,1319.2
397.34,5.18,598.34,0.8688,1013.85
985.12,3.44,583.19,0.3706,1605.51
335.34,290.07,705.88,0.5471,1314.01
352.43,124.42,145.04,0.0978,605.79
976.25,785.94,807.48,0.378,2604.51
446.02,51.51,758.43,0.5702,1287.86
56.5,30.63,497.91,0.2475,591.55
693.77,223.66,122.96,0.762,1016.56
801.91,180.95,615.85,0.5295,1581.84
871.23,12.78,282.16,0.8739,1137.21
550.37,16.43,741.15,0.531,1296.59
189.84,84.71,321.17,0.3143,579.8
840.85,31.63,221.34,0.844,1093.0
565.47,314.51,76.2,0.7144,956.29
473.07,596.63,512.42,0.0825,1572.04
126.68,895.96,861.17,0.0875,1913.6
946.72,169.15,712.85,0.2338,1789.53
330.35,332.01,836.92,0.7522,1513.56
372.77,659.39,465.66,0.4611,1505.91
689.8,3.51,349.13,0.7272,1051.51
133.27,45.85,354.86,0.2603,528.11
509.0,37.64,546.29,0.6269,1073.57
590.62,553.61,819.6,0.4329,1949.3
279.64,320.55,289.6,0.1678,890.05
334.29,3.03,826.14,0.056,1185.55
928.92,525.04,832.45,0.8395,2258.65
93.15,575.41,336.56,0.1536,1000.38
25.27,10.32,590.53,0.2661,630.5
682.5,27.92,825.29,0.1069,1522.96
898.11,0.51,788.54,0.803,1685.63
558.84,1.69,834.47,0.9374,1382.4
960.81,20.65,542.41,0.2671,1524.53
350.6,85.83,174.01,0.515,602.31
814.24,70.27,377.61,0.8309,1286.18
418.04,21.15,844.58,0.4892,1254.47
899.24,314.52,796.48,0.3202,1968.18
872.05,257.43,877.7,0.4456,2007.6
596.47,475.91,631.55,0.8757,1687.64
568.32,71.65,710.45,0.6963,1372.43
968.02,175.27,34.47,0.5779,1165.22
67.32,5.91,780.61,0.4387,865.14
322.8,942.9,606.6,0.724,1831.41
543.78,384.08,180.15,0.4886,1129.57
894.54,807.96,720.96,0.7562,2417.15
764.84,0.75,518.4,0.0845,1287.84
678.39,783.91,12.94,0.7307,1488.46
822.8,254.33,528.77,0.4335,1557.21
502.79,304.28,340.91,0.4892,1170.9
2.98,9.79,165.94,0.836,184.31
179.76,340.14,374.92,0.5434,899.9
468.55,328.45,260.89,0.069,1054.64
98.09,876.81,307.89,0.0688,1252.79
321.59,323.06,635.23,0.6785,1276.79
857.93,0.11,423.26,0.9027,1273.56
982.3,359.86,368.24,0.6643,1742.53
849.2,7.44,734.27,0.2545,1556.42
403.37,207.77,281.1,0.8124,903.91
120.32,124.02,570.27,0.2984,809.02
61.44,211.73,757.73,0.7795,1027.31
42.02,0.53,433.62,0.9005,475.41
852.65,537.39,858.48,0.1863,2219.68
379.27,139.31,772.18,0.8785,1264.41
823.46,587.42,371.06,0.462,1785.04
876.95,887.78,550.88,0.4881,2290.9
80.69,663.88,194.93,0.4726,955.39
27.85,59.58,263.59,0.1115,345.4
159.54,424.04,364.07,0.0916,922.49
723.35,11.12,394.03,0.6421,1144.35
60.38,10.89,199.9,0.8452,276.39
750.89,96.85,425.68,0.9264,1260.18
397.31,961.4,234.5,0.1499,1604.42
835.87,986.72,560.81,0.9407,2419.78
629.13,208.07,118.35,0.6043,957.36
756.32,572.82,201.66,0.149,1514.46
740.66,47.58,483.0,0.7902,1265.32
1.3,163.14,83.86,0.916,242.43
736.21,359.54,149.66,0.0729,1225.49
540.97,2.02,846.07,0.7545,1367.19
113.05,0.31,737.7,0.8439,858.12
564.62,75.26,718.67,0.8363,1375.4
900.53,14.12,198.37,0.8162,1110.78
52.35,1.06,259.34,0.2105,291.78
717.36,84.41,726.21,0.3147,1536.84
365.1,45.89,126.13,0.6174,538.79
298.44,220.8,650.4,0.9416,1175.58
15.47,3.5,490.77,0.467,503.74
814.59,147.87,854.19,0.3735,1822.99
696.03,131.5,194.16,0.1894,1009.58
387.92,302.27,279.03,0.8245,944.44
454.05,33.21,102.06,0.5451,589.95
962.86,409.22,121.7,0.5505,1507.39
817.12,21.29,568.91,0.689,1428.72
886.29,149.92,291.04,0.5236,1343.71
526.17,2.79,391.47,0.735,906.94
422.52,506.52,245.53,0.3773,1180.28
678.18,771.93,736.95,0.584,2175.6
850.42,824.88,701.31,0.6407,2392.44
487.17,76.44,867.11,0.5467,1449.31
117.19,136.47,340.84,0.3014,596.44
929.33,934.44,314.89,0.6352,2160.91
444.56,18.9,526.0,0.3099,985.6
421.28,0.01,808.51,0.2499,1228.74
68.17,55.6,39.57,0.948,178.18
852.04,8.78,511.86,0.8312,1375.29
35.01,74.24,802.8,0.15,890.56
598.32,11.67,349.89,0.4094,945.31
28.18,286.33,441.49,0.5115,763.79
641.3,309.83,269.13,0.8173,1255.86
460.31,126.3,220.59,0.7596,798.8
579.44,814.19,496.43,0.0843,1851.28
564.43,6.05,447.25,0.3821,1019.4
483.99,566.49,216.65,0.6445,1279.93
980.19,30.96,180.39,0.8914,1205.81
778.14,58.04,874.46,0.5751,1685.76
825.59,111.78,51.88,0.7503,983.93
855.75,4.3,302.67,0.7624,1162.52
885.83,164.35,279.64,0.4195,1342.23
642.38,121.11,510.49,0.6552,1211.13
894.64,0.1,220.26,0.1621,1110.73
944.72,565.44,444.04,0.412,1963.28
490.49,16.51,0.86,0.8105,517.41
939.63,102.61,447.08,0.5548,1487.92
205.9,0.32,597.71,0.5084,823.95
887.31,744.76,340.7,0.6697,2025.87
555.85,537.37,251.64,0.1324,1326.03
305.34,26.39,112.68,0.9065,458.4
730.94,160.38,26.34,0.924,934.6
715.22,163.67,253.04,0.4609,1116.8
702.09,413.68,31.21,0.8339,1139.68
782.45,41.86,624.65,0.601,1454.71
168.0,197.97,692.98,0.3603,1030.73
868.62,442.59,115.14,0.5119,1401.53
259.61,0.05,466.58,0.2898,705.34
941.7,80.16,718.55,0.6939,1721.62
32.28,381.42,699.97,0.1175,1119.59
462.77,459.16,628.19,0.7695,1556.04
643.25,32.11,338.03,0.172,1024.5
721.83,14.47,140.49,0.9062,849.32
328.43,684.84,376.64,0.3481,1407.82
788.22,398.54,245.39,0.5984,1447.72
232.18,533.09,852.92,0.7441,1601.51
667.27,0.4,499.75,0.6566,1170.38
711.29,35.75,521.98,0.7768,1298.23
412.3,0.73,492.53,0.6876,899.54
752.62,980.38,186.83,0.6095,1979.34
242.53,174.36,345.53,0.6079,752.38
412.43,0.0,821.39,0.9157,1241.57
861.17,759.86,198.65,0.4861,1853.23
443.92,28.84,146.88,0.5503,619.43
353.16,643.34,611.7,0.7752,1560.69
562.04,25.18,407.33,0.598,996.06
529.17,203.46,115.81,0.0695,856.78
882.81,958.44,131.64,0.3676,1946.95
594.24,29.19,860.5,0.2146,1456.45
220.59,64.58,180.75,0.1292,458.25
582.61,302.62,363.83,0.1918,1291.75
339.16,405.07,813.01,0.554,1562.34
256.63,0.13,65.34,0.6534,320.12
758.22,29.21,102.25,0.2329,868.42
250.21,160.36,895.23,0.9491,1343.2
958.46,29.4,749.26,0.2621,1748.51
803.49,94.84,887.39,0.3685,1750.92
566.3,503.17,18.69,0.6208,1115.53
224.43,0.68,7.64,0.3234,236.32
427.58,1.57,442.1,0.7907,862.71
581.39,168.15,329.21,0.4901,1087.12
432.54,594.56,552.44,0.4164,1587.73
887.53,63.36,667.18,0.8862,1584.17
937.17,0.51,844.31,0.6635,1775.09
120.26,390.1,224.42,0.0806,737.77
105.04,4.95,476.21,0.5298,575.32
746.78,0.0,800.13,0.9409,1543.25
265.08,677.75,667.31,0.4857,1553.59
227.06,200.01,192.14,0.2802,605.58
636.12,363.73,321.6,0.8808,1347.99
327.71,6.45,237.96,0.7598,563.44
321.52,58.11,294.45,0.5203,663.88
948.08,814.73,542.84,0.9364,2276.39
198.9,742.39,736.91,0.4001,1668.88
432.34,581.63,350.48,0.483,1385.03
732.1,246.43,132.72,0.3044,1099.71
614.79,0.01,525.05,0.281,1136.38
822.2,175.09,267.96,0.2875,1245.49
381.69,3.26,565.74,0.8256,956.27
894.5,65.86,25.5,0.1252,983.59
592.04,19.68,421.63,0.7062,1028.94
196.94,588.47,185.72,0.7025,969.15
801.1,88.5,836.04,0.1589,1698.45
706.67,646.59,583.96,0.6454,1966.32
411.29,151.97,606.6,0.2917,1169.67
688.01,61.29,817.82,0.5619,1582.46
161.94,913.46,894.9,0.6529,1924.86
542.57,0.97,49.97,0.3227,606.31
958.18,418.27,642.41,0.7353,1941.11
993.73,195.96,188.35,0.6563,1400.4
609.05,19.0,526.54,0.117,1135.3
604.9,291.47,518.96,0.9386,1379.99
467.57,302.69,542.01,0.6997,1324.39
484.68,507.3,447.79,0.7162,1409.68
451.84,896.89,616.98,0.6642,1975.37
68.3,46.08,44.83,0.7162,156.42
31.59,124.15,810.92,0.1455,943.05
118.87,123.84,479.44,0.4027,708.13
409.73,1.31,717.29,0.2416,1096.65
434.53,10.42,89.51,0.7941,543.54
988.21,142.76,654.51,0.5596,1822.49
239.5,60.0,794.41,0.2224,1093.34
896.83,975.44,720.04,0.113,2555.73
687.11,28.57,609.52,0.8695,1333.1
493.68,436.95,267.06,0.6515,1200.68
610.98,117.98,373.42,0.0966,1088.48
977.23,44.45,562.22,0.7013,1625.22
900.24,809.49,784.08,0.4286,2486.52
400.55,143.05,38.19,0.8045,585.01
632.15,195.28,348.62,0.9302,1195.89
206.17,887.37,751.81,0.3445,1868.69
585.22,674.77,492.81,0.4263,1801.98
972.34,0.14,582.42,0.1241,1556.62
695.78,358.09,750.29,0.5365,1817.76
503.19,8.19,400.89,0.2053,915.58
516.1,17.83,437.61,0.5933,990.44
223.59,867.76,722.28,0.2417,1856.91
378.16,989.85,649.36,0.6341,2030.27
190.23,807.89,404.09,0.0635,1420.31
618.17,24.57,382.93,0.2985,994.35
984.21,96.81,725.82,0.1658,1832.07
506.48,49.27,518.78,0.3656,1067.53
789.15,12.16,388.82,0.1746,1189.35
296.48,176.19,683.38,0.9049,1166.0
3.43,274.54,186.05,0.5684,460.27
278.18,26.67,307.98,0.2072,626.71
394.56,370.32,524.12,0.2544,1306.21
923.95,75.02,101.9,0.6289,1115.88
465.66,8.8,11.48,0.5762,483.17
405.46,786.42,235.07,0.5777,1447.8
454.96,427.31,503.51,0.3659,1378.94
376.78,96.6,582.97,0.5843,1053.73
690.06,333.89,476.55,0.505,1480.36
710.9,973.53,261.74,0.2302,1966.06
410.88,331.75,423.97,0.5564,1183.71
770.66,128.03,433.82,0.5548,1325.36
818.32,0.21,323.22,0.1886,1146.2
246.24,450.57,553.14,0.7403,1234.33
287.56,123.71,155.16,0.2584,578.01
876.07,23.31,118.33,0.2669,1012.21
125.33,339.37,599.79,0.5804,1079.23
53.95,223.65,529.2,0.6953,817.58
425.92,38.9,351.31,0.626,814.56
868.01,981.73,383.41,0.9417,2282.02
19.82,734.95,302.75,0.1044,1069.86
724.09,12.65,659.94,0.7984,1390.27
906.24,5.89,502.66,0.845,1385.14
999.12,399.3,840.34,0.3298,2270.62
949.63,22.34,813.85,0.2032,1837.75
628.62,758.28,415.19,0.5892,1788.04
195.25,406.33,661.37,0.8276,1261.64
58.61,244.41,439.93,0.6131,764.96
825.61,88.07,609.58,0.2255,1500.14
357.94,77.26,386.61,0.2655,811.57
505.75,23.49,298.83,0.5535,831.92
41.28,80.92,56.42,0.7218,167.03
26.26,35.77,79.16,0.8656,136.43
382.18,487.7,194.77,0.2371,1047.3
533.08,16.89,141.96,0.7624,701.72
491.12,6.86,338.1,0.1255,837.13
576.63,184.42,170.79,0.2276,935.39
446.63,220.37,251.89,0.5775,913.12
274.29,169.73,62.3,0.164,494.36
307.87,525.33,176.95,0.1706,1001.27
816.6,636.49,811.03,0.8483,2249.74
658.12,0.07,779.6,0.1807,1441.45
326.4,203.11,713.85,0.508,1221.96
309.25,175.94,772.18,0.5464,1260.6
386.44,470.43,323.27,0.2733,1177.83
427.44,23.38,890.67,0.6,1314.83
695.33,608.96,100.81,0.6723,1439.01
146.44,0.46,561.38,0.6355,712.9
895.41,787.38,724.38,0.6135,2363.74
393.01,95.05,127.04,0.9101,603.13
380.13,8.21,366.11,0.2011,744.99
722.06,415.95,616.09,0.8547,1735.53
524.67,234.78,883.56,0.3763,1626.55
59.11,913.16,228.13,0.1501,1200.02
931.47,158.59,244.19,0.4948,1307.37
133.23,110.33,759.53,0.1799,1003.67
333.05,0.17,226.78,0.1122,564.57
305.16,5.23,363.55,0.0528,679.33
765.34,468.91,345.08,0.9346,1589.8
747.47,86.94,307.71,0.3095,1108.15
662.69,0.03,814.2,0.279,1439.79
390.73,854.35,151.54,0.3787,1412.88
282.55,161.56,24.22,0.8619,467.19
124.21,387.54,55.08,0.8804,555.57
358.87,630.71,186.19,0.8853,1167.33
474.77,1.84,591.05,0.5799,1073.25
403.52,204.51,370.09,0.6649,990.38
979.73,170.07,126.71,0.9213,1256.21
992.98,28.54,308.93,0.0556,1332.13
709.78,22.33,167.99,0.851,908.43
562.97,3.95,158.41,0.3989,724.79
222.61,67.64,188.4,0.8998,469.71
43.66,10.68,403.84,0.4372,456.18
772.61,185.53,320.76,0.2189,1286.34
60.26,69.15,1.23,0.3547,129.15
861.1,9.41,597.25,0.8529,1472.4
822.75,254.08,199.97,0.4321,1269.44
590.22,58.72,83.58,0.089,734.08
870.68,350.8,275.15,0.8915,1506.97
838.9,559.78,559.94,0.8957,1985.78
785.51,8.46,848.02,0.7073,1647.4
587.27,0.01,473.97,0.7352,1035.88
739.47,388.97,840.98,0.9143,2000.26
323.77,11.37,350.28,0.0855,691.12
886.08,382.16,508.59,0.2748,1796.62
82.44,0.57,687.81,0.8977,763.87
937.06,0.57,320.13,0.2638,1278.96
236.3,263.61,435.13,0.8682,938.72
683.19,203.09,666.55,0.4715,1546.18
391.92,9.45,277.67,0.252,676.76
922.84,3.19,349.57,0.3074,1250.42
399.31,504.28,247.51,0.284,1166.0
646.43,22.75,28.51,0.9419,696.43
668.93,1.95,651.37,0.4576,1338.89
131.49,0.07,103.48,0.5492,215.32
978.34,953.62,731.27,0.094,2677.46
49.09,258.35,140.76,0.6413,449.53
652.09,390.68,259.56,0.9425,1265.81
97.49,199.19,369.97,0.7972,669.71
255.19,144.13,777.15,0.2631,1191.05
873.06,639.84,765.39,0.2967,2299.17
257.0,239.22,109.11,0.4275,608.67
19.93,3.63,575.27,0.7655,590.01
762.49,921.9,625.93,0.4486,2313.0
306.52,0.87,130.62,0.4438,443.69
44.63,53.97,767.06,0.1231,861.98
159.34,96.68,802.04,0.1195,1076.4
751.97,191.31,36.82,0.5413,974.99
404.87,11.26,680.78,0.7765,1056.59
641.22,526.04,392.28,0.8754,1595.64
126.41,3.59,821.53,0.6082,929.68
388.99,28.75,789.29,0.3691,1168.72
10.98,186.4,135.92,0.9434,333.62
519.77,342.16,178.86,0.0682,1044.71
566.83,4.89,643.29,0.6818,1230.53
771.83,179.04,311.14,0.9119,1280.56
199.72,250.68,888.16,0.1247,1300.25
392.47,260.92,615.94,0.5513,1284.29
323.12,397.67,489.06,0.7402,1179.36
391.1,0.0,708.83,0.17,1085.81
574.91,6.64,769.69,0.3044,1384.42
723.16,1.56,593.95,0.0746,1340.33
397.1,445.72,46.31,0.8687,882.35
389.13,5.08,116.04,0.099,502.68
554.42,386.93,91.88,0.1661,1017.83
489.1,10.87,131.48,0.4286,624.71
177.84,469.62,536.46,0.7341,1170.24
392.84,943.04,544.36,0.1865,1906.58
743.74,897.87,492.67,0.5806,2152.0
556.6,0.06,741.08,0.6753,1287.66
680.78,10.27,39.74,0.5251,738.73
853.16,312.21,295.65,0.5163,1456.4
700.33,427.79,555.27,0.8189,1718.19
819.72,0.04,751.83,0.3285,1594.28
711.36,53.17,206.34,0.7285,979.6
323.4,268.18,622.06,0.0547,1210.61
823.29,65.58,315.96,0.6083,1195.08
925.47,12.7,625.3,0.6589,1522.01
839.34,142.84,812.88,0.6,1840.07
91.35,600.1,564.84,0.849,1241.74
653.11,135.24,684.58,0.6426,1469.18
429.65,197.31,765.19,0.5516,1402.91
467.39,460.96,845.79,0.2335,1780.22
62.15,507.49,305.45,0.4322,845.25
915.88,162.16,87.66,0.4607,1175.93
901.75,34.36,873.9,0.3419,1791.49
936.24,2.19,262.99,0.5548,1216.22
979.23,65.54,754.19,0.2281,1755.15
730.07,0.0,155.13,0.142,862.79
833.84,484.12,520.39,0.6054,1801.74
452.42,422.67,87.44,0.1261,967.09
957.91,438.38,820.41,0.3559,2198.49
59.92,83.97,874.68,0.0878,1024.17
276.01,0.19,155.56,0.1391,426.42
955.74,965.94,63.79,0.5424,1993.54
279.51,156.09,220.87,0.2659,665.79
748.61,448.87,459.94,0.4325,1656.12
136.64,920.92,607.96,0.507,1662.99
997.19,15.67,790.87,0.1404,1798.73
912.15,0.65,617.59,0.4809,1516.29
989.81,33.75,84.04,0.2699,1112.46
935.48,24.9,491.4,0.5821,1470.84
623.19,613.3,130.35,0.4942,1364.08
41.9,80.53,850.51,0.7522,979.41
489.26,97.18,108.42,0.328,700.31
988.39,128.5,138.51,0.4707,1279.77
841.62,261.36,468.75,0.7069,1592.7
407.01,0.74,217.35,0.0793,603.94
654.35,11.51,6.07,0.2262,674.46
141.36,9.67,878.24,0.0716,1022.14
783.83,945.47,322.68,0.3242,2038.14
627.88,85.31,296.7,0.8709,1003.76
186.03,988.58,509.56,0.8156,1704.98
231.43,6.86,679.73,0.92,909.95
707.16,377.92,238.46,0.3878,1346.52
562.88,880.79,597.82,0.4389,2038.17
345.69,791.08,638.68,0.2846,1784.7
12.78,0.01,400.74,0.4431,412.88
366.99,20.08,251.68,0.3531,618.43
724.44,60.09,883.45,0.5738,1687.67
452.43,829.43,484.88,0.7204,1772.37
867.3,447.36,742.57,0.1068,2007.0
522.84,59.16,249.97,0.7858,824.84
567.32,122.74,459.02,0.8904,1156.93
589.07,8.35,166.4,0.1482,746.49
189.63,88.03,314.3,0.0784,594.02
950.4,67.01,282.23,0.0943,1299.42
634.41,157.1,706.2,0.5401,1476.59
862.94,699.13,702.48,0.9064,2267.39
468.35,596.34,658.08,0.4936,1710.34
696.83,0.36,609.63,0.4278,1308.66
470.18,816.94,880.47,0.9283,2184.98
808.21,4.63,476.0,0.3303,1294.22
703.92,0.0,778.91,0.9429,1466.68
132.55,493.4,720.72,0.7536,1322.73
789.14,642.54,30.96,0.9424,1461.64
544.98,63.62,889.3,0.1336,1487.58
135.68,174.85,419.16,0.1468,745.89
361.5,34.34,211.4,0.4878,587.85
715.41,33.73,584.27,0.5973,1320.8
956.22,731.23,753.7,0.6897,2416.34
146.82,335.56,530.23,0.5603,1034.85
628.66,12.26,822.05,0.8427,1464.65
595.78,753.02,600.72,0.521,1955.66
771.05,284.05,389.13,0.7485,1428.88
164.34,338.4,628.24,0.182,1143.94
865.53,2.47,658.76,0.2619,1529.51
687.2,747.59,516.9,0.2826,1929.01
167.38,8.61,498.03,0.9455,689.89
93.92,8.21,613.26,0.6707,711.38
956.39,202.22,476.03,0.7905,1636.45
714.48,774.48,854.3,0.0858,2389.84
708.3,0.0,596.92,0.79,1325.93
23.45,131.5,888.59,0.5315,1079.14
701.68,27.67,217.46,0.5952,930.57
238.71,61.38,479.44,0.8811,769.87
730.35,14.13,414.69,0.1383,1149.03
640.66,62.83,196.83,0.9385,901.51
731.46,324.97,504.65,0.2184,1528.11
610.37,311.8,638.05,0.1583,1537.58
789.43,62.98,658.27,0.3882,1525.59
845.61,579.42,587.8,0.5039,2051.31
379.3,891.09,747.96,0.292,2016.76
895.94,16.12,73.92,0.1205,1012.01
371.11,9.42,240.46,0.5835,616.01
142.53,118.96,588.26,0.4053,859.7
702.13,275.32,128.18,0.4427,1119.0
158.66,669.93,401.81,0.5929,1215.46
727.09,5.74,686.49,0.1785,1407.02
8.57,643.16,759.75,0.4018,1410.01
933.07,5.03,134.17,0.2401,1068.9
931.31,247.73,307.03,0.7375,1497.17
246.38,5.3,137.31,0.3708,385.18
440.99,8.14,690.63,0.3468,1130.27
682.39,503.36,427.72,0.4099,1611.77
9.63,3.9,199.84,0.6425,208.54
458.8,554.95,336.44,0.6389,1359.46
150.2,98.69,870.9,0.185,1109.25
332.43,415.53,34.67,0.4578,779.23
297.77,67.55,262.49,0.561,635.62
917.34,89.57,139.58,0.3102,1147.21
108.93,54.75,853.89,0.0511,1029.6
359.08,9.4,742.95,0.4723,1125.29
666.79,470.99,405.85,0.693,1571.13
31.86,10.5,882.76,0.2079,931.53
297.1,118.83,633.78,0.2029,1054.75
253.08,108.58,311.45,0.1274,672.42
827.45,137.83,852.68,0.2996,1821.81
425.69,0.5,284.63,0.3744,717.35
141.98,701.78,788.6,0.5268,1657.31
698.54,8.48,507.59,0.3084,1223.27
480.46,129.59,686.29,0.7559,1267.64
609.64,649.34,371.8,0.15,1673.77
895.87,3.59,193.41,0.2652,1057.71
955.78,61.59,840.91,0.0686,1849.92
116.11,956.98,176.79,0.8908,1258.59
890.78,131.18,460.67,0.1828,1473.19
474.74,1.85,530.47,0.12,1023.95
146.95,2.61,562.69,0.0829,719.13
673.81,7.93,425.75,0.2084,1097.9
778.02,129.94,868.23,0.8944,1749.32
813.07,40.05,345.1,0.586,1197.39
935.41,742.79,403.03,0.7941,2088.33
723.82,339.95,507.78,0.673,1576.73
206.09,49.72,849.06,0.3188,1102.91
462.91,39.06,891.44,0.3984,1357.76
965.49,707.44,812.42,0.763,2473.24
773.9,214.43,326.69,0.528,1335.4
65.6,725.86,639.1,0.3442,1434.97
432.1,81.24,18.55,0.2129,525.61
90.78,2.77,835.72,0.5595,926.66
649.64,45.12,730.18,0.5702,1431.53
91.87,8.67,36.49,0.1269,133.43
791.18,10.9,217.89,0.4912,1036.59
554.82,10.19,366.66,0.8745,907.88
875.3,150.11,384.18,0.5094,1435.7
998.48,0.03,465.25,0.6548,1456.57
571.61,0.15,252.36,0.3895,815.81
681.59,734.77,54.96,0.4543,1476.01
964.78,351.87,859.4,0.5029,2175.56
854.42,0.05,832.77,0.4786,1672.87
9.35,0.83,67.37,0.1004,73.49
333.19,2.41,130.62,0.455,466.21
44.95,189.6,523.72,0.3388,740.58
632.53,476.94,255.66,0.5089,1400.65
781.87,291.05,385.53,0.5947,1433.04
561.92,77.95,407.44,0.2137,1040.33
550.93,61.62,842.65,0.5459,1463.55
693.39,904.31,744.14,0.3924,2370.48
481.27,66.27,500.0,0.1191,1048.68
579.25,1.61,369.22,0.7948,950.53
182.6,842.9,420.33,0.1869,1443.72
85.29,391.63,628.57,0.6237,1111.48
822.99,85.64,464.59,0.426,1341.07
522.56,26.04,380.78,0.5583,939.29
134.9,177.78,844.58,0.4178,1166.38
849.59,9.56,627.7,0.4656,1501.91
773.85,515.79,540.85,0.1755,1849.0
44.28,249.45,621.26,0.2353,928.23
353.49,10.53,675.75,0.6139,1020.95
832.65,1.15,171.07,0.7407,994.26
432.93,3.51,80.59,0.4415,520.87
622.33,32.13,899.22,0.9479,1566.71
217.53,7.32,529.05,0.3327,756.56
354.36,225.89,223.97,0.4829,797.68
990.62,28.14,679.48,0.5949,1696.38
612.65,1.26,214.09,0.6914,793.25
629.55,7.73,96.8,0.7126,737.56
558.44,0.01,557.41,0.751,1142.91
51.0,24.36,156.73,0.6066,243.5
40.95,547.75,829.72,0.8096,1396.94
356.61,0.52,351.35,0.2152,699.05
833.66,103.62,276.65,0.6793,1215.39
580.91,792.81,251.81,0.3479,1606.03
219.75,103.54,738.47,0.2202,1063.59
308.91,484.63,574.24,0.0994,1354.73
763.79,312.25,104.63,0.3217,1178.72
471.41,0.02,477.21,0.1998,974.69
548.04,487.93,566.94,0.8685,1565.96
622.59,246.95,319.85,0.8905,1202.2
249.31,18.34,667.64,0.366,937.21
916.69,1.54,468.75,0.8491,1366.66
145.5,495.54,184.79,0.4959,815.46
889.6,226.46,141.24,0.3975,1268.11
676.1,441.04,561.75,0.5974,1673.01
452.53,948.24,818.15,0.6916,2268.71
708.03,260.91,681.3,0.2723,1680.22
434.19,0.09,168.76,0.6459,601.05
542.03,126.59,570.44,0.6993,1226.1
205.57,0.05,543.56,0.3859,757.99
335.26,180.26,311.37,0.3706,807.53
610.27,49.25,133.08,0.1985,785.36
433.99,665.17,37.81,0.2884,1147.54
684.28,0.45,222.16,0.2552,920.42
920.86,946.8,131.76,0.6759,1994.76
751.37,9.46,26.78,0.1519,786.0
979.58,0.04,528.56,0.2278,1487.32
623.95,52.68,668.89,0.3818,1378.47
732.74,278.56,812.95,0.6769,1819.57
828.97,169.19,10.31,0.7721,1013.76
999.65,112.48,700.89,0.6919,1821.64
444.1,3.82,274.16,0.8353,723.79
826.5,0.03,439.66,0.7167,1293.37
25.15,505.0,802.17,0.1881,1321.47
204.25,13.29,171.27,0.5816,389.64
721.3,136.65,410.78,0.8312,1305.43
264.43,0.71,484.88,0.7226,759.23
804.87,471.99,467.57,0.2883,1786.3
439.7,2.69,803.73,0.235,1252.86
190.99,8.98,249.14,0.5595,438.86
864.75,79.38,425.47,0.6711,1379.05
315.48,323.21,344.93,0.1335,971.67
217.42,685.58,107.22,0.1184,991.92
200.59,635.27,160.13,0.4765,996.14
50.85,998.96,690.43,0.3523,1764.64
155.67,61.02,283.13,0.3267,500.01
801.42,49.06,104.43,0.089,939.8
103.17,279.05,81.4,0.7644,468.81
329.36,0.02,868.07,0.4857,1190.07
127.22,316.35,186.83,0.4961,617.25
383.45,449.25,24.97,0.2556,846.66
658.92,689.43,21.85,0.8401,1380.68
125.86,86.69,348.9,0.8276,570.37
738.29,763.46,281.87,0.1114,1755.78
939.45,308.28,32.78,0.9357,1292.88
396.09,120.95,483.41,0.8782,980.46
661.8,1.5,381.64,0.8859,1048.76
929.36,2.13,419.79,0.5222,1360.84
520.85,54.72,8.08,0.1482,594.83
108.36,63.67,888.77,0.4457,1080.35
417.41,1.23,727.99,0.7106,1171.53
190.74,390.51,296.4,0.4888,878.6
421.75,757.63,268.83,0.3989,1449.47
284.2,909.15,94.2,0.1605,1286.18
609.06,23.05,68.48,0.1684,692.39
399.99,175.67,557.64,0.676,1145.72
546.76,0.09,586.36,0.3368,1122.54
477.0,542.14,88.0,0.5307,1084.16
12.61,155.82,703.92,0.6024,860.33
647.7,368.42,64.88,0.3972,1088.26
749.56,49.93,187.16,0.5279,988.82
392.45,720.54,585.72,0.1546,1728.34
723.51,13.15,278.7,0.4748,1021.38
894.93,0.52,154.09,0.5324,1043.95
938.44,1.54,13.95,0.6792,958.63
132.23,0.0,867.62,0.7104,1014.82
597.84,705.66,820.66,0.5313,2143.56
757.78,163.68,343.12,0.893,1284.34
544.24,2.34,120.19,0.1039,678.3
799.06,6.24,749.21,0.9443,1549.34
787.65,298.08,413.61,0.3064,1519.01
230.63,50.07,139.16,0.57,424.66
802.08,107.61,642.26,0.4588,1543.51
885.12,102.69,332.42,0.6973,1313.04
176.15,415.93,3.17,0.9331,600.86
946.13,1.23,46.02,0.4432,981.54
54.3,0.77,55.37,0.1378,96.65
501.53,1.12,576.6,0.5973,1087.48
303.55,954.94,270.23,0.8652,1512.42
179.54,636.58,546.32,0.7391,1345.75
972.95,0.02,135.17,0.15,1112.97
313.91,486.79,111.68,0.2571,917.67
993.25,369.37,98.07,0.6322,1484.76
916.19,2.41,25.09,0.1886,953.67
929.12,0.32,470.94,0.666,1402.5
16.4,0.29,633.87,0.896,642.77
143.9,102.04,398.34,0.2411,653.62
139.56,15.73,757.3,0.4618,923.26
841.71,147.94,741.86,0.1979,1724.57
940.4,237.82,441.62,0.6401,1624.17
294.49,16.05,106.47,0.6872,417.07
872.66,340.14,730.65,0.1753,1918.55
370.54,2.25,690.91,0.44,1050.66
88.09,846.99,654.61,0.7733,1579.9
364.09,380.25,881.16,0.0735,1575.7
247.42,64.04,517.0,0.2452,825.7
68.83,0.02,40.51,0.1987,114.43
452.37,0.0,23.92,0.2777,466.6
205.33,0.04,77.92,0.6445,283.41
446.09,526.84,52.22,0.2933,1024.04
173.47,140.59,623.71,0.904,926.84
163.14,672.4,47.12,0.4552,898.56
84.29,31.55,699.77,0.2427,849.42
963.19,0.15,13.38,0.289,950.74
83.92,69.8,586.91,0.7182,763.67
571.07,368.44,554.47,0.468,1467.04
779.27,12.31,167.19,0.1038,958.43
664.52,144.15,76.33,0.9432,855.97
2.82,222.32,6.64,0.8614,243.53
329.24,37.81,93.24,0.4287,459.75
151.82,312.15,286.78,0.1112,770.66
36.13,752.97,414.28,0.9138,1177.6
42.52,5.12,478.63,0.0577,535.62
873.95,32.38,755.51,0.882,1663.27
471.92,30.85,256.66,0.0582,742.71
793.2,727.53,264.14,0.0821,1782.64
702.37,22.74,732.91,0.732,1481.56
487.07,4.69,151.19,0.3871,645.61
829.73,87.7,784.23,0.5428,1712.38
569.73,6.28,122.77,0.3193,704.19
864.91,3.66,74.59,0.812,924.43
252.29,0.0,180.74,0.0881,420.12
68.73,424.63,617.56,0.0799,1128.66
979.16,850.29,221.26,0.6514,2070.53
333.74,76.56,626.26,0.1475,1055.03
936.51,228.17,825.7,0.0732,1975.3
697.22,38.74,111.18,0.1309,842.16
192.51,0.13,746.97,0.7744,958.02
547.65,137.54,494.5,0.7454,1191.44
144.19,42.15,615.01,0.5459,808.32
278.5,376.72,639.82,0.7301,1303.85
888.06,476.58,734.1,0.4513,2124.47
546.89,110.25,835.71,0.6599,1479.19
698.51,257.65,822.28,0.1105,1822.43
803.94,979.62,122.18,0.8084,1885.38
61.81,15.87,134.11,0.308,204.4
655.81,186.15,784.84,0.8589,1576.62
876.96,547.65,28.92,0.5515,1459.44
62.71,0.75,385.79,0.901,462.68
772.99,9.57,212.47,0.8086,993.06
649.15,0.0,25.17,0.4774,684.15
78.72,488.79,58.83,0.6431,630.45
439.21,98.81,2.08,0.5307,543.49
226.86,1.26,552.09,0.8203,756.85
9.96,117.21,761.21,0.9121,912.39
449.79,40.59,340.73,0.4785,846.35
647.99,45.42,594.56,0.6194,1290.24
281.22,818.93,593.32,0.6095,1677.96
204.23,0.0,502.0,0.8734,697.3
77.29,30.03,430.14,0.4895,545.67
682.39,113.76,773.61,0.2758,1574.61
825.14,71.2,728.65,0.6212,1636.23
511.33,165.16,204.82,0.1879,882.75
86.8,326.95,791.23,0.4428,1198.49
864.25,22.69,225.4,0.5283,1119.65
694.65,6.19,360.1,0.5716,1020.87
192.44,534.49,620.39,0.7572,1358.37
153.16,0.88,589.79,0.8625,756.41
259.17,38.12,431.98,0.0675,720.19
217.52,539.87,464.43,0.1896,1236.39
105.84,103.93,46.58,0.9125,272.44
763.2,15.63,189.13,0.4834,973.68
272.62,42.28,373.79,0.059,693.29
773.27,537.35,662.75,0.1755,1966.84
310.64,9.81,20.36,0.2493,324.31
607.94,0.72,338.07,0.389,945.36
947.84,981.19,101.88,0.2959,2034.06
789.44,73.59,883.47,0.4958,1720.48
820.57,481.3,181.19,0.2135,1461.91
995.47,367.51,153.85,0.228,1503.15
85.68,7.91,7.78,0.5369,123.44
968.98,0.88,824.76,0.3246,1794.71
677.88,35.96,795.96,0.5865,1505.12
891.61,93.81,101.34,0.1227,1072.79
857.53,857.38,507.31,0.5633,2153.37
882.97,59.6,434.12,0.914,1367.02
763.87,91.91,130.01,0.3639,995.45
797.54,455.18,828.2,0.1147,2058.05
830.37,102.18,208.42,0.768,1152.84
361.94,323.52,144.25,0.805,828.59
381.01,855.01,132.12,0.4427,1364.69
96.83,31.44,479.21,0.88,599.97
558.65,307.82,131.16,0.1824,1010.7
624.23,31.99,73.17,0.7299,740.19
908.33,496.18,666.56,0.5206,2085.71
688.21,1.39,699.81,0.2525,1416.52
990.16,2.2,72.39,0.7527,1086.83
674.02,100.89,772.14,0.6463,1477.55
334.58,39.72,549.2,0.6688,923.11
158.82,577.8,516.85,0.2561,1228.26
817.54,9.51,544.5,0.5077,1344.9
762.14,367.88,677.66,0.9025,1808.01
34.54,24.36,820.97,0.6792,886.18
339.72,217.12,146.68,0.5889,722.98
726.84,27.12,384.63,0.0626,1133.73
685.95,667.1,654.82,0.6588,2023.42
72.6,267.82,19.82,0.6422,353.84
59.43,182.46,828.15,0.7009,1093.13
794.58,97.73,656.79,0.4804,1565.21
712.33,27.51,328.65,0.6255,1107.43
155.73,254.14,556.81,0.065,962.83
732.57,5.91,767.05,0.5608,1509.05
986.87,259.5,833.22,0.9492,2040.33
361.69,654.41,9.27,0.4663,1026.9
810.42,321.59,18.11,0.6575,1153.86
9.23,26.75,422.83,0.6194,457.08
543.6,979.47,617.33,0.1987,2087.79
214.69,4.75,567.54,0.5131,777.78
583.03,142.05,122.72,0.8254,855.5
416.79,127.11,860.85,0.2827,1376.42
705.57,0.02,353.15,0.0867,1049.42
77.59,16.17,624.18,0.1834,714.2
572.87,8.55,232.61,0.5502,824.8
475.77,47.89,764.76,0.7999,1286.94
716.46,242.45,63.35,0.1068,1019.97
146.1,1.66,91.96,0.4131,251.17
457.86,167.98,302.43,0.6419,940.81
310.08,843.66,395.25,0.4521,1515.93
921.32,50.05,612.19,0.654,1582.91
878.8,3.64,97.98,0.8503,977.51
836.49,67.64,313.72,0.2102,1196.11
63.99,143.51,646.94,0.4262,849.79
157.29,7.42,850.41,0.4215,1010.88
391.13,227.9,556.39,0.1348,1170.96
735.03,959.46,461.23,0.1274,2136.11
244.92,663.64,240.13,0.6745,1156.79
365.94,6.95,755.38,0.4468,1138.23
110.85,2.92,332.82,0.0888,432.13
187.12,384.76,582.52,0.4744,1137.65
774.28,977.07,640.0,0.7034,2360.93
402.91,0.57,74.05,0.4521,477.2
645.6,809.66,386.24,0.1637,1824.46
457.54,99.27,491.33,0.8618,1037.39
640.65,3.69,150.57,0.3196,779.16
840.58,280.17,760.26,0.2657,1856.95
272.94,281.23,25.47,0.5988,578.92
261.89,646.0,49.09,0.6399,952.9
27.88,264.09,143.95,0.4969,438.51
111.54,249.64,178.14,0.3281,525.59
126.45,0.0,433.26,0.7422,567.6
172.19,702.8,821.76,0.915,1700.29
15.68,2.09,197.88,0.3672,224.61
177.77,5.54,859.21,0.1315,1036.75
24.7,173.75,199.78,0.4823,393.08
903.7,4.22,280.64,0.6616,1184.06
583.83,101.23,738.45,0.1587,1442.34
181.72,6.53,208.13,0.7171,387.54
103.07,666.11,890.1,0.4978,1656.56
512.11,194.39,176.46,0.0808,911.48
872.67,15.27,332.28,0.8639,1175.17
569.3,35.38,866.22,0.6786,1492.16
46.86,234.43,242.18,0.1473,514.03
865.63,90.7,272.33,0.1724,1213.12
13.9,316.95,860.55,0.4007,1162.94
56.39,39.71,411.19,0.6305,512.55
647.63,378.69,139.59,0.8086,1183.14
990.11,468.99,685.18,0.0669,2113.82
308.21,462.96,592.31,0.5098,1343.01
100.08,30.66,542.87,0.3148,709.15
15.62,748.95,200.89,0.8893,970.73
426.67,120.96,355.04,0.1382,900.26
918.77,429.08,97.2,0.2766,1462.44
944.02,511.38,392.44,0.5038,1828.66
62.21,60.43,46.49,0.8715,162.03
179.49,938.92,789.97,0.5074,1937.33
182.59,447.02,695.94,0.5832,1330.41
280.95,266.49,290.52,0.1671,811.37
799.3,26.37,7.14,0.2643,822.69
687.56,65.9,771.71,0.2856,1572.92
647.36,420.75,485.89,0.95,1570.81
454.17,18.38,243.31,0.7809,730.93
103.7,802.7,129.55,0.6898,1026.1
826.32,259.57,343.01,0.2324,1445.9
32.88,143.46,155.56,0.6304,330.92
759.2,205.62,448.91,0.642,1431.05
923.17,0.35,309.21,0.1016,1250.24
380.69,0.18,600.2,0.9123,1020.5
220.49,20.26,612.05,0.3978,851.95
462.9,0.01,156.52,0.338,616.72
680.82,262.23,55.55,0.3822,993.67
639.54,194.65,383.46,0.0581,1234.34
261.62,43.79,537.68,0.4806,850.29
405.6,447.4,445.35,0.6076,1271.52
610.22,0.19,694.46,0.0595,1277.11
529.25,353.54,220.15,0.523,1118.0
212.63,0.02,677.7,0.6832,887.8
341.95,72.63,35.04,0.3929,458.62
993.39,946.04,509.91,0.4814,2515.02
667.44,2.32,191.06,0.6399,876.28
332.4,1.6,683.14,0.2349,1043.36
689.82,162.99,395.5,0.098,1251.15
416.62,218.8,789.11,0.5871,1460.83
175.88,3.9,550.19,0.3694,733.82
398.37,398.5,70.08,0.1697,844.91
550.42,3.7,541.43,0.619,1080.83
725.67,1.43,682.56,0.2675,1430.0
670.05,290.41,243.03,0.919,1208.49
404.94,8.07,52.31,0.7873,458.92
490.29,482.06,96.53,0.6063,1045.3
835.28,58.9,858.38,0.3862,1773.27
547.25,2.16,125.25,0.4837,679.84
543.19,286.62,810.05,0.3087,1635.86
761.23,197.9,324.97,0.1275,1270.37
36.84,232.23,455.3,0.3195,711.21
501.11,969.79,330.96,0.6101,1790.04
932.16,16.91,176.68,0.6231,1113.85
872.0,1.79,55.15,0.0747,918.7
806.06,784.25,812.96,0.8882,2360.31
552.27,43.07,635.16,0.8679,1230.31
481.76,90.38,816.99,0.8473,1440.04
745.97,771.18,897.26,0.1672,2425.71
552.3,19.4,512.34,0.4966,1066.85
372.24,269.62,609.46,0.1057,1245.19
545.03,667.76,585.75,0.9443,1753.84
442.56,13.62,569.77,0.4976,1018.8
828.39,771.76,411.29,0.0778,2009.97
43.55,90.69,298.62,0.3748,433.5
855.71,373.31,392.1,0.7441,1629.99
491.08,37.29,438.93,0.7578,960.99
808.08,954.75,873.38,0.8768,2641.09
993.23,107.08,129.08,0.7765,1219.63
513.02,732.88,706.05,0.3341,1879.23
608.47,432.6,688.01,0.7393,1731.42
701.01,284.21,361.11,0.9488,1328.09
70.3,0.21,383.4,0.6044,465.66
435.56,188.52,758.86,0.6888,1390.12
639.39,825.09,577.02,0.1652,2003.07
463.5,513.73,267.38,0.4935,1232.36
374.43,22.0,845.56,0.8639,1239.67
942.34,3.85,49.07,0.0897,999.73
161.07,4.97,255.56,0.8438,421.26
906.2,479.02,593.73,0.5804,1912.65
312.29,395.78,58.45,0.129,782.48
857.08,733.95,24.79,0.3059,1656.46
550.6,4.54,410.9,0.76,972.84
858.97,0.01,277.67,0.3228,1137.54
436.51,71.19,359.87,0.4423,860.79
981.17,185.74,417.21,0.2657,1581.18
759.31,71.67,293.07,0.2174,1091.08
361.91,7.15,663.82,0.8627,1037.07
372.23,393.31,287.17,0.4889,1038.47
285.5,131.26,66.09,0.7105,482.63
530.11,97.06,639.76,0.6225,1246.06
232.28,247.48,468.9,0.1169,940.66
580.98,199.23,695.42,0.7385,1515.34
428.88,58.65,848.34,0.6704,1311.03
703.3,157.53,518.23,0.8733,1405.74
906.25,148.93,689.56,0.5252,1769.26
430.21,284.23,60.93,0.665,780.34
724.88,0.0,262.26,0.5603,1014.37
109.29,0.16,363.33,0.4246,471.66
939.21,8.71,644.01,0.2135,1582.28
621.33,599.73,297.16,0.5388,1516.84
668.76,219.86,807.18,0.2147,1715.01
946.9,42.72,700.45,0.6026,1698.18
404.79,673.42,432.78,0.3139,1465.45
301.82,0.07,179.36,0.9198,487.03
860.94,662.99,19.44,0.7109,1566.6
624.72,83.51,112.91,0.1747,813.43
261.45,281.44,253.19,0.3916,776.4
635.09,637.82,324.37,0.7061,1624.82
710.53,808.45,302.4,0.4957,1853.11
522.62,138.62,730.89,0.7533,1407.02
171.78,16.24,451.84,0.923,645.08
267.61,977.44,752.02,0.4485,2016.03
115.17,949.86,145.03,0.8174,1188.41
748.43,35.68,457.97,0.5864,1249.7
465.79,929.01,408.15,0.1945,1847.22
905.19,16.13,274.79,0.2925,1232.41
472.45,37.48,167.82,0.3557,682.7
489.51,281.51,665.05,0.7933,1437.9
615.24,6.22,558.01,0.8771,1151.78
608.09,21.16,125.04,0.4513,751.87
674.75,1.2,41.48,0.7031,723.77
354.05,412.65,399.08,0.7626,1203.83
746.55,812.5,64.81,0.1641,1603.84
729.17,77.38,479.43,0.2334,1260.73
77.67,0.04,592.94,0.5835,659.71
385.38,521.95,339.02,0.3272,1235.02
545.72,377.01,412.39,0.9029,1370.07
16.3,193.06,685.76,0.4997,906.56
550.4,308.05,563.74,0.4167,1419.57
810.53,17.9,346.22,0.6461,1188.27
396.9,1.94,462.52,0.9402,854.34
784.01,114.04,740.41,0.8715,1663.6
496.56,628.77,739.62,0.8451,1889.15
287.17,200.5,143.37,0.5229,633.44
419.57,141.16,626.6,0.2433,1186.41
27.53,232.23,821.3,0.829,1078.42
143.11,0.93,640.63,0.1623,773.93
448.14,6.33,726.35,0.5377,1218.73
389.46,783.58,879.53,0.5471,2091.53
53.47,774.3,458.2,0.2316,1269.93
206.2,129.03,725.53,0.7001,1056.72
828.57,540.89,544.38,0.492,1895.38
763.73,7.53,454.28,0.5827,1255.5
477.95,20.45,172.38,0.8886,680.02
251.42,74.93,26.67,0.0533,336.45
707.6,393.69,4.4,0.665,1108.75
231.62,3.59,635.51,0.5608,876.64
578.68,532.02,83.8,0.5112,1185.85
284.62,462.35,584.57,0.8489,1352.86
505.16,3.0,767.48,0.6067,1281.23
632.15,2.41,506.99,0.9045,1135.5
328.18,269.25,512.61,0.2148,1120.11
146.97,153.72,820.95,0.5015,1127.98
209.35,695.41,887.99,0.6892,1798.98
913.3,144.78,310.86,0.2183,1369.56
449.01,59.04,186.38,0.5076,688.0
615.83,462.22,728.27,0.1723,1748.87
163.6,403.0,512.23,0.5165,1083.99
789.55,0.18,564.69,0.4952,1348.54
33.75,677.05,294.4,0.9492,1021.2
802.85,207.92,746.66,0.2759,1797.56
583.42,80.0,510.18,0.7303,1186.29
976.28,103.13,623.56,0.8659,1726.12
586.65,883.35,518.2,0.2796,2011.24
118.18,382.4,211.01,0.4237,711.03
236.01,373.26,287.08,0.8976,897.19
453.45,100.09,526.07,0.158,1050.83
222.07,56.12,508.1,0.0543,797.63
203.41,439.78,258.82,0.5913,918.48
502.4,153.24,99.68,0.5388,747.93
170.98,240.32,460.29,0.1771,870.48
469.67,742.34,484.75,0.2693,1738.01
423.85,581.47,405.45,0.2397,1385.07
103.32,61.35,509.03,0.6056,674.15
156.43,32.81,458.02,0.5416,668.59
53.15,154.24,166.74,0.8451,379.47
270.62,196.24,779.18,0.181,1265.13
478.03,15.42,120.08,0.2219,602.16
759.75,949.53,193.86,0.782,1887.11
117.46,213.93,352.06,0.3266,697.36
511.68,124.15,356.53,0.1472,988.46
898.57,62.01,487.61,0.6209,1445.43
795.01,0.04,105.78,0.0745,879.15
97.07,531.96,85.8,0.4444,723.48
788.49,3.81,584.93,0.8316,1357.78
983.37,797.2,313.03,0.2271,2079.98
213.31,799.35,413.81,0.3289,1415.22
298.83,122.56,412.72,0.8046,812.12
352.1,1.92,485.51,0.6491,838.68
664.21,98.61,39.24,0.0896,784.92
415.3,551.23,290.05,0.616,1230.41
559.88,787.72,275.65,0.508,1635.64
175.13,124.59,587.25,0.1396,887.33
525.29,51.13,343.25,0.8202,928.17
353.66,96.5,433.97,0.6382,865.08
356.56,2.72,7.29,0.2185,370.78
242.32,46.76,57.64,0.9143,350.95
856.25,364.74,692.21,0.2499,1890.61
230.18,0.01,138.82,0.3653,360.47
811.63,176.13,834.0,0.5787,1841.7
536.34,0.49,844.92,0.6409,1411.07
609.17,425.14,845.81,0.6139,1854.65
401.11,11.37,317.02,0.6456,720.57
665.46,874.93,604.93,0.6161,2150.87
609.92,0.38,469.96,0.5776,1088.41
871.18,105.81,432.72,0.5438,1399.96
271.56,1.22,755.77,0.0876,1044.79
289.13,346.0,658.15,0.4075,1278.22
597.84,0.33,19.75,0.7002,616.88
998.3,26.68,335.63,0.6213,1350.47
386.36,1.81,61.14,0.0516,464.53
278.69,0.01,593.51,0.3694,865.83
864.06,48.08,194.75,0.3003,1093.64
225.25,734.48,113.24,0.3474,1071.25
58.81,54.36,740.33,0.0843,860.74
49.8,382.44,868.86,0.2986,1263.49
547.83,11.78,41.52,0.1112,609.77
206.48,135.4,57.87,0.6683,397.64
33.64,15.99,616.86,0.1531,661.77
626.34,29.13,81.37,0.8687,718.36
632.52,330.13,478.67,0.5758,1424.44
587.47,558.96,699.07,0.2508,1836.28
679.94,83.03,437.61,0.5147,1193.39
611.89,609.06,738.46,0.8725,1920.7
362.81,52.16,618.22,0.5601,1073.98
618.36,182.31,765.2,0.761,1578.02
483.96,975.46,637.09,0.0712,2106.86
731.46,462.46,737.52,0.3134,1952.92
992.14,191.23,538.14,0.2698,1756.26
7.87,9.95,136.62,0.6465,149.4
968.47,778.57,283.87,0.8707,2008.24
859.51,326.12,83.62,0.692,1264.58
805.92,449.01,659.16,0.6311,1900.34
779.07,398.4,110.34,0.9249,1290.45
535.49,729.0,484.29,0.5452,1708.25
386.96,372.49,722.98,0.8593,1485.05
288.47,478.46,83.12,0.6345,829.98
875.62,61.71,678.97,0.5582,1615.55
684.98,3.87,665.88,0.1356,1331.59
142.31,959.23,225.58,0.4168,1340.3
479.5,353.15,608.8,0.3802,1437.06
488.7,236.72,634.82,0.604,1383.53
755.9,107.42,118.07,0.2218,974.68
886.95,219.35,49.92,0.772,1176.21
514.66,563.26,691.32,0.5028,1741.1
23.09,127.34,332.8,0.2579,476.15
392.42,6.32,899.84,0.0968,1329.52
754.08,0.41,307.01,0.603,1069.8
743.03,43.34,127.47,0.6719,914.75
351.57,82.31,389.04,0.7614,817.79
852.84,458.73,842.79,0.3642,2189.82
841.93,545.54,728.72,0.4374,2083.24
79.45,5.3,397.06,0.3299,488.43
149.8,427.73,729.7,0.4919,1298.64
914.5,3.54,747.68,0.075,1698.81
411.22,302.09,440.31,0.2383,1153.73
868.76,502.62,267.03,0.8619,1634.87
898.76,1.11,841.86,0.3633,1703.91
837.97,328.05,499.57,0.6608,1672.28
26.26,104.05,544.12,0.1683,681.68
229.29,158.34,202.94,0.2546,595.98
788.33,21.82,226.4,0.5024,1017.75
980.87,524.52,352.55,0.1578,1936.88
783.36,95.42,175.82,0.6124,1060.37
329.25,2.99,507.43,0.5574,831.15
969.88,32.93,452.52,0.6218,1430.47
845.34,10.77,776.11,0.1411,1605.36
871.09,34.36,716.75,0.7466,1607.09
204.55,76.58,728.42,0.1383,1006.41
153.64,1.07,397.32,0.3286,544.77
487.96,406.98,595.2,0.9062,1489.83
780.8,6.6,776.05,0.8362,1574.65
321.02,3.16,758.92,0.5806,1067.77
412.61,1.04,582.26,0.5187,975.04
675.06,900.4,125.86,0.6642,1673.12
611.15,232.44,140.18,0.3391,980.68
473.01,642.81,699.56,0.5314,1867.59
656.36,281.29,626.47,0.4975,1560.91
16.58,826.37,444.94,0.7858,1286.68
430.94,350.96,457.97,0.8606,1227.45
527.27,571.24,490.41,0.3197,1542.18
350.55,255.52,883.52,0.721,1508.87
202.39,353.39,470.66,0.7151,1040.02
478.13,145.55,325.89,0.5708,953.31
76.34,5.68,444.75,0.1104,522.97
675.69,134.32,498.21,0.702,1337.68
263.81,75.43,241.33,0.4449,581.94
114.45,25.57,780.57,0.5585,932.75
172.46,431.61,755.18,0.9127,1350.08
535.75,65.46,545.37,0.1215,1130.35
28.98,29.64,739.35,0.4704,774.09
58.15,343.05,53.97,0.1898,460.82
19.7,55.12,842.67,0.1897,933.96
195.71,19.67,574.29,0.0559,809.0
903.53,45.05,544.83,0.3716,1484.24
526.92,127.0,47.06,0.6455,703.1
320.89,110.4,297.44,0.294,758.59
219.85,2.18,9.1,0.714,245.85
394.86,271.46,636.93,0.119,1302.25
89.49,135.2,740.02,0.462,984.75
76.21,561.75,783.44,0.6176,1442.31
565.86,0.0,375.64,0.9377,922.09
682.92,1.16,656.91,0.446,1318.83
505.59,548.67,754.53,0.3676,1805.97
323.0,92.22,590.64,0.2801,1011.41
165.92,217.65,761.02,0.8763,1127.84
779.53,105.85,731.25,0.2801,1610.52
918.5,193.2,549.95,0.6092,1689.43
84.12,52.2,842.87,0.9186,987.61
300.03,617.47,801.79,0.3176,1678.36
951.18,80.72,73.36,0.8002,1126.95
758.22,287.52,377.75,0.9181,1379.5
525.29,172.34,687.26,0.5982,1373.93
277.51,135.19,148.61,0.8202,559.82
756.55,102.28,260.98,0.8041,1105.69
558.5,25.13,884.33,0.6868,1461.75
960.67,9.16,657.79,0.4691,1626.66
465.84,0.19,612.84,0.4887,1076.92
655.16,4.05,788.91,0.069,1457.36
342.84,689.06,669.31,0.288,1735.56
636.43,906.76,365.78,0.8012,1888.76
706.3,13.62,26.79,0.4726,730.82
477.61,56.76,259.65,0.8235,803.7
5.37,1.27,398.52,0.5541,392.04
560.88,255.72,105.18,0.4452,940.41
324.24,17.05,248.26,0.3913,589.39
904.18,8.73,771.03,0.1005,1671.07
543.35,3.01,888.5,0.5554,1447.89
277.72,6.87,762.66,0.2487,1042.66
740.52,12.74,589.36,0.9104,1347.77
270.25,830.67,824.78,0.612,1925.99
751.99,88.18,238.65,0.11,1083.31
53.14,13.66,101.37,0.0929,157.98
339.85,998.0,600.83,0.8951,1921.46
261.88,476.88,556.45,0.376,1303.98
500.46,769.68,492.59,0.579,1734.82
79.99,0.0,259.83,0.8152,344.46
833.68,973.32,387.99,0.442,2236.57
560.19,576.14,631.99,0.3871,1765.02
28.0,126.0,80.55,0.5465,227.06
160.13,61.8,491.56,0.2318,706.78
1.44,16.67,276.11,0.4683,306.91
416.39,0.58,293.86,0.3254,721.49
648.59,0.0,485.87,0.2716,1136.39
337.45,767.96,357.62,0.3654,1459.32
174.82,306.31,514.35,0.5452,994.22
105.86,84.12,857.99,0.4284,1042.59
967.56,1.37,832.01,0.6993,1757.82
727.8,120.01,125.78,0.2643,1007.77
319.15,862.71,738.2,0.5486,1919.92
918.95,32.94,728.14,0.4539,1635.37
65.21,370.03,727.65,0.602,1169.83
147.98,403.73,115.32,0.8099,668.96
382.07,13.26,14.75,0.8648,427.98
700.89,923.16,196.82,0.1064,1847.71
421.06,0.26,425.08,0.5372,827.51
695.25,41.32,507.91,0.6234,1255.43
735.49,281.38,51.83,0.1707,1084.83
869.7,42.58,477.69,0.5255,1379.8
399.64,41.21,233.24,0.2628,668.56
702.58,14.45,123.07,0.7447,852.7
551.66,114.6,626.73,0.7666,1284.7
273.8,0.06,512.4,0.3947,772.48
840.76,47.05,485.4,0.1721,1357.59
489.86,34.66,393.44,0.2659,930.82
225.54,46.13,77.98,0.3202,349.24
778.17,272.8,106.26,0.5918,1177.53
415.7,1.13,526.16,0.2072,933.0
819.52,0.19,701.68,0.4007,1506.22
504.43,18.75,758.75,0.0903,1272.42
805.78,9.89,693.91,0.456,1523.24
376.81,33.37,803.66,0.6437,1212.69
415.83,119.3,884.05,0.5362,1391.2
979.44,383.51,643.2,0.1541,1959.94
781.98,949.12,390.38,0.7354,2118.9
124.13,0.49,95.48,0.1019,215.75
670.66,85.1,487.95,0.3567,1233.53
159.74,264.94,120.05,0.8431,545.31
261.03,7.64,96.65,0.2758,358.48
24.16,119.83,318.97,0.7504,472.88
29.92,0.52,592.23,0.6711,621.98
655.24,583.12,344.38,0.3367,1566.25
333.48,881.53,648.54,0.6819,1871.29
766.62,0.08,412.25,0.3901,1159.02
281.56,10.85,488.64,0.7186,794.03
276.03,293.77,601.37,0.1275,1155.59
497.36,585.75,199.75,0.9485,1255.33
603.0,886.4,353.57,0.5015,1797.41
70.67,454.74,843.01,0.5632,1341.49
130.22,10.33,181.27,0.8242,324.77
970.08,472.29,659.2,0.6056,2092.21
718.72,56.0,111.26,0.7988,915.13
602.41,3.83,115.12,0.4519,712.62
614.45,0.49,470.45,0.3745,1069.52
769.16,106.68,174.2,0.3985,1048.91
529.03,270.31,275.69,0.3328,1058.86
180.31,280.08,889.32,0.7539,1357.3
33.69,24.12,2.89,0.5769,55.01
601.11,495.42,208.43,0.385,1349.07
769.12,94.36,189.98,0.8563,1070.11
639.38,28.51,438.98,0.9201,1097.81
672.58,276.71,646.83,0.4496,1599.0
889.82,176.95,821.98,0.7128,1890.7
652.54,889.22,714.88,0.4419,2249.73
395.24,6.01,214.37,0.1962,621.28
393.08,437.79,62.32,0.6276,877.85
454.31,21.17,559.98,0.6654,1044.68
399.06,829.1,473.99,0.9382,1702.18
163.87,509.81,772.91,0.0774,1456.24
450.33,779.48,795.94,0.6383,2020.71
144.61,182.79,704.17,0.2619,1030.07
599.88,778.07,876.31,0.4335,2222.74
626.28,0.05,488.26,0.6149,1115.28
829.13,153.49,781.64,0.549,1786.54
374.63,871.26,406.0,0.5076,1649.34
815.14,779.34,623.51,0.3182,2200.67
459.15,0.84,822.62,0.9319,1283.61
38.74,25.92,349.56,0.4016,422.71
981.44,0.01,868.98,0.8753,1817.31
436.26,60.04,431.53,0.6382,927.41
400.19,883.6,66.17,0.2322,1371.51
593.19,140.34,58.86,0.4657,778.82
646.07,528.15,96.38,0.7295,1258.97
513.03,90.77,645.02,0.6909,1270.17
226.24,54.91,732.73,0.3317,1020.7
287.93,166.71,550.26,0.2018,1019.88
261.16,13.66,438.9,0.3182,699.28
708.93,386.12,188.08,0.3529,1330.75
915.77,779.57,547.57,0.5533,2255.18
730.19,0.1,144.51,0.2937,868.69
264.43,2.77,87.49,0.8565,349.66
421.18,0.95,572.42,0.6085,994.07
321.28,449.83,778.04,0.2784,1524.54
772.99,212.21,317.87,0.9244,1300.95
626.07,127.75,115.71,0.5413,864.07
23.97,4.25,833.48,0.7705,862.46
609.54,203.82,423.76,0.1796,1260.63
520.08,393.6,764.55,0.9166,1720.69
384.24,145.08,520.36,0.8692,1073.65
766.33,90.99,345.72,0.284,1213.0
636.3,0.17,281.07,0.6573,888.08
540.48,96.83,58.61,0.1188,684.4
528.02,374.38,561.87,0.4929,1451.57
318.37,0.06,70.38,0.5703,383.31
45.18,82.22,854.54,0.2192,976.87
508.14,470.67,244.61,0.936,1260.5
626.8,319.4,594.52,0.5267,1527.21
679.31,401.45,653.59,0.6559,1743.75
898.27,0.08,882.94,0.7647,1763.32
608.35,58.75,387.37,0.3911,1030.42
598.05,4.01,693.35,0.6749,1294.89
264.09,236.77,734.71,0.2005,1248.27
208.97,168.54,577.88,0.7797,952.2
816.88,171.11,170.47,0.6358,1175.95
494.63,904.08,87.34,0.8188,1495.78
628.15,699.67,190.89,0.3607,1513.68
313.55,4.52,147.46,0.0777,441.11
302.14,228.18,625.05,0.654,1163.98
719.77,233.65,119.11,0.0691,1051.44
867.45,214.71,891.62,0.8492,1946.85
730.82,894.64,540.41,0.4719,2188.96
921.82,61.54,87.3,0.6911,1089.43
543.81,989.41,589.4,0.0725,2141.83
579.68,0.13,5.65,0.3391,579.13
857.0,51.91,431.93,0.7329,1318.27
322.63,19.38,878.72,0.2386,1201.77
644.82,98.24,686.0,0.2123,1437.35
638.95,17.76,786.97,0.5637,1470.3
284.83,212.87,838.62,0.3936,1352.33
689.72,172.23,678.73,0.5014,1549.43
430.19,535.17,350.85,0.4676,1316.07
14.19,9.48,726.42,0.8738,746.77
437.23,314.45,111.44,0.1328,875.12
604.02,74.27,164.67,0.5411,837.37
551.29,138.64,319.5,0.0611,1043.31
330.16,93.8,829.98,0.3205,1266.48
321.0,9.82,389.43,0.7229,705.68
3.96,453.83,353.77,0.0676,798.49
873.8,45.73,613.85,0.624,1488.94
181.57,9.68,603.04,0.1176,775.6
214.08,451.28,138.23,0.7163,813.82
104.1,0.11,593.61,0.199,711.46
888.77,31.93,148.03,0.6527,1076.44
728.97,88.26,840.85,0.259,1635.48
851.27,273.29,184.37,0.1137,1282.36
568.88,9.89,711.73,0.2627,1309.94
711.56,222.22,589.57,0.0559,1573.16
866.8,782.8,172.2,0.8586,1823.86
222.31,2.51,425.45,0.6106,660.11
679.84,775.43,103.16,0.9172,1573.95
932.63,436.49,730.21,0.8371,2181.55
663.87,41.43,342.25,0.5235,1006.42
702.65,227.64,204.24,0.3759,1092.38
713.99,97.29,213.92,0.7989,1040.92
662.49,11.02,137.96,0.2633,804.78
687.88,111.7,708.56,0.1865,1477.14
599.92,36.65,492.58,0.4478,1142.25
286.46,243.06,657.29,0.9251,1197.12
621.59,47.82,353.52,0.433,1027.46
529.03,14.51,764.9,0.8021,1282.63
75.27,72.82,601.72,0.5913,766.39
550.81,0.01,148.81,0.3015,727.08
752.39,1.85,151.6,0.2265,910.69
85.31,488.53,609.1,0.6902,1199.65
550.87,28.47,388.16,0.1302,981.45
82.38,237.48,723.64,0.9315,1059.49
858.85,41.21,722.04,0.2536,1624.94
377.37,324.96,527.64,0.7501,1246.01
893.27,31.0,61.4,0.4056,982.87
656.76,6.69,665.87,0.8679,1347.01
664.33,78.2,79.64,0.4374,827.14
386.05,243.81,461.19,0.8685,1092.18
712.78,740.81,431.58,0.8771,1870.49
288.26,494.96,720.76,0.4199,1505.8
866.72,0.02,687.89,0.3638,1561.19
138.96,266.94,683.14,0.1805,1087.08
404.97,0.03,591.11,0.0541,1003.43
512.74,675.75,600.99,0.8944,1809.38
325.47,0.52,228.29,0.865,571.63
36.89,16.92,182.76,0.5139,231.24
981.49,44.34,533.54,0.766,1559.59
790.44,332.56,818.07,0.9176,1972.2
734.04,960.7,759.04,0.5736,2466.01
371.29,673.89,74.98,0.8482,1124.6
809.7,65.04,276.04,0.9226,1161.67
685.38,797.12,427.27,0.1239,1909.03
506.02,263.94,613.39,0.0876,1433.39
877.09,0.21,607.24,0.5464,1466.54
891.3,701.01,740.42,0.4394,2379.14
718.61,428.01,133.85,0.7167,1271.34
542.22,627.69,812.01,0.2105,1988.8
92.61,778.98,148.08,0.5315,998.89
591.56,75.75,209.73,0.6625,873.95
489.11,905.77,283.31,0.9434,1633.41
160.77,43.6,282.96,0.7078,489.87
279.56,398.96,698.01,0.7113,1311.38
743.77,206.48,771.68,0.6865,1649.5
618.92,25.14,532.5,0.9276,1191.31
120.75,61.05,204.55,0.745,387.61
621.07,113.81,527.35,0.7847,1289.16
0.16,624.11,882.37,0.7396,1489.39
296.78,0.96,890.16,0.423,1192.14
769.83,44.56,233.27,0.4599,1028.44
556.7,0.03,560.84,0.8487,1141.05
343.87,758.89,627.03,0.0622,1708.33
121.33,13.09,690.84,0.1287,843.74
158.91,454.23,349.5,0.4839,960.51
907.66,654.66,710.07,0.7984,2223.91
539.09,653.91,789.0,0.4819,1966.08
567.83,483.62,604.1,0.6954,1672.95
104.44,29.03,487.84,0.2432,627.6
985.36,431.26,323.91,0.1606,1732.36
396.8,9.38,21.48,0.7767,429.86
860.66,833.22,435.48,0.2772,2121.95
948.89,426.3,138.37,0.7912,1534.02
457.54,6.04,485.75,0.7149,950.36
952.97,4.87,19.43,0.5065,972.93
642.02,81.42,369.95,0.4594,1079.88
274.71,89.73,687.81,0.8462,1060.58
157.22,48.83,331.6,0.458,521.48
422.92,16.39,72.98,0.7732,528.24
855.46,6.77,765.05,0.8631,1649.74
38.32,41.51,870.8,0.5348,955.19
308.99,89.43,344.97,0.7667,743.47
460.05,698.14,777.85,0.7832,1893.9
580.31,33.53,874.1,0.5699,1495.6
180.08,565.44,373.22,0.4869,1131.93
199.19,4.33,46.54,0.5359,238.62
928.38,453.78,556.63,0.5075,1913.49
437.16,523.28,320.81,0.3329,1284.03
871.53,399.64,589.16,0.3775,1854.32
785.48,128.92,349.13,0.1567,1293.53
520.85,258.72,12.09,0.6121,775.06
588.91,92.29,896.15,0.6025,1585.63
222.08,7.3,831.21,0.8846,1062.34
963.62,387.56,269.17,0.2461,1613.96
97.44,358.85,739.95,0.5081,1223.15
674.58,193.67,384.03,0.6371,1232.2
117.82,4.8,596.71,0.9361,743.94
960.38,21.68,295.97,0.4298,1283.51
54.03,65.25,524.41,0.1613,653.38
307.29,1.39,824.41,0.3722,1123.83
524.75,4.57,509.84,0.2713,1017.32
117.32,496.8,777.12,0.9324,1397.97
664.18,3.02,78.59,0.1212,737.13
764.86,11.02,212.85,0.1369,998.98
251.15,609.18,688.65,0.7719,1551.7
213.16,10.69,840.24,0.5481,1057.32
530.44,40.17,634.06,0.8236,1176.29
162.56,0.29,812.85,0.6686,963.05
54.35,63.34,51.57,0.6701,188.19
980.71,374.59,128.42,0.2139,1511.4
249.5,916.0,886.83,0.3082,2000.12
256.59,129.44,433.54,0.4536,812.83
258.37,93.7,194.08,0.6121,544.34
359.17,437.18,532.47,0.8711,1345.03
10.31,129.76,199.13,0.1609,339.29
586.58,57.62,290.98,0.3933,935.09
232.13,132.4,894.6,0.0949,1251.29
682.8,75.55,726.48,0.6543,1520.71
129.41,163.99,150.6,0.1217,446.75
98.7,0.0,874.01,0.8392,986.34
149.89,40.38,101.37,0.355,284.28
239.43,472.02,830.6,0.0842,1524.88
76.47,167.41,33.49,0.4975,273.15
957.64,6.0,97.59,0.1157,1057.77
586.27,922.15,536.18,0.6368,2095.5
175.36,842.79,892.65,0.1905,1892.73
580.99,53.68,341.95,0.4101,966.32
771.06,513.15,38.84,0.3286,1330.2
118.56,17.88,740.57,0.5527,882.21
295.16,0.8,778.54,0.2134,1081.07
592.44,108.54,732.15,0.0545,1401.26
700.21,0.11,828.84,0.391,1546.17
9.46,156.89,185.86,0.3522,345.93
717.89,269.64,889.87,0.2109,1843.59
768.56,0.01,701.28,0.5055,1458.52
640.33,120.64,170.42,0.7753,939.13
245.01,336.66,377.62,0.3593,964.81
659.5,1.93,805.78,0.3851,1433.31
129.42,726.9,57.22,0.6878,909.72
878.77,754.58,240.56,0.1059,1883.84
958.06,263.8,857.29,0.4823,2104.91
948.59,15.84,80.72,0.3027,1060.76
695.45,928.78,706.26,0.1287,2374.83
844.95,9.96,803.09,0.2545,1641.78
769.03,0.88,636.63,0.516,1411.55
618.75,0.43,114.55,0.2089,734.58
449.21,216.19,120.44,0.7204,797.57
96.64,4.77,332.39,0.6413,428.98
347.3,972.77,468.19,0.2059,1821.17
356.45,704.25,855.52,0.2617,1900.8
775.8,3.77,743.58,0.21,1523.54
777.92,41.47,829.48,0.4486,1712.69
745.83,602.07,159.69,0.2337,1511.04
291.97,258.78,63.8,0.651,623.48
797.81,408.48,529.22,0.1855,1725.77
42.18,31.26,342.6,0.4687,399.06
725.3,60.66,761.11,0.3798,1595.44
63.7,397.39,182.1,0.2616,629.1
821.94,637.48,495.82,0.883,1944.38
604.87,802.39,469.17,0.4649,1870.41
880.53,6.75,411.33,0.7646,1303.63
780.98,585.8,769.77,0.1216,2158.43
909.47,18.14,635.99,0.5261,1593.41
255.41,524.09,368.69,0.2664,1107.53
540.93,1.34,172.98,0.8683,721.64
704.13,44.35,485.79,0.0847,1226.77
975.52,9.2,441.8,0.8874,1434.09
166.16,90.69,416.42,0.478,675.62
555.69,449.09,328.69,0.6763,1325.92
767.41,397.78,306.33,0.3708,1451.84
597.56,233.58,862.7,0.251,1684.14
195.72,13.75,548.12,0.1536,759.47
243.46,131.15,863.19,0.6628,1250.04
369.84,0.71,716.01,0.085,1104.9
363.12,108.05,468.06,0.2711,950.89
279.1,3.11,324.0,0.8014,613.57
963.47,0.05,16.51,0.8567,961.74
216.47,477.96,162.68,0.6029,847.55
875.9,185.96,404.12,0.3767,1485.4
264.12,927.33,274.62,0.2639,1447.2
257.42,20.02,238.84,0.1741,512.42
184.18,0.01,699.84,0.4564,865.2
533.04,172.58,346.4,0.8164,1024.04
365.35,10.96,437.83,0.1906,806.27
383.16,56.11,161.48,0.5085,587.35
611.67,516.36,69.45,0.1912,1179.4
482.82,8.67,269.42,0.1935,754.79
477.16,325.57,567.45,0.2938,1373.3
151.83,250.51,558.05,0.2619,950.26
106.75,238.76,327.58,0.9488,677.67
9.9,52.24,12.78,0.6139,70.53
744.93,18.68,160.85,0.8396,907.24
709.84,14.59,271.42,0.0921,997.23
39.31,141.01,404.91,0.5292,592.92
806.1,1.91,748.71,0.3399,1541.65
652.64,221.89,509.23,0.4101,1349.94
65.53,4.26,659.49,0.655,712.65
792.39,523.92,474.75,0.9319,1783.61
294.74,0.0,134.87,0.7862,430.87
190.14,310.69,147.2,0.416,632.77
316.3,313.39,5.46,0.3196,640.54
837.97,4.95,289.9,0.1967,1143.91
271.97,5.65,388.38,0.4756,656.11
966.84,3.09,642.49,0.5246,1609.57
674.13,3.63,837.08,0.7998,1472.21
958.28,832.53,181.75,0.8479,1984.44
433.77,149.97,505.87,0.5162,1099.16
622.45,558.54,857.95,0.6494,2064.73
962.53,275.07,254.84,0.5167,1487.06
127.03,409.29,851.54,0.696,1401.93
722.29,959.67,864.85,0.6148,2584.75
896.87,457.16,538.09,0.6926,1871.68
955.21,76.79,80.7,0.391,1110.87
996.69,216.03,40.78,0.115,1262.14
864.31,46.73,885.98,0.0629,1804.79
976.7,112.95,457.03,0.3375,1535.27
930.27,77.91,821.54,0.1757,1821.75
307.49,1.19,555.35,0.5391,851.92
737.56,107.64,342.84,0.7171,1207.22
526.96,238.22,457.74,0.6134,1219.03
813.86,353.21,641.67,0.9329,1809.98
950.49,62.28,818.9,0.5594,1851.54
874.51,869.51,179.61,0.1669,1915.51
358.21,2.64,207.78,0.3637,570.33
73.72,130.04,15.78,0.6788,206.61
356.85,786.32,796.26,0.3634,1898.8
330.13,767.38,383.03,0.4985,1478.13
228.2,794.63,822.9,0.3167,1878.37
686.7,75.03,642.42,0.8557,1413.08
550.6,256.36,754.0,0.7248,1540.27
839.63,0.19,644.9,0.1705,1454.1
100.07,23.79,283.22,0.8895,395.02
538.75,142.28,486.28,0.6261,1180.54
296.47,229.04,211.25,0.5984,744.51
768.45,151.97,251.0,0.4205,1178.2
145.07,995.74,825.13,0.6058,1965.26
280.62,60.0,184.57,0.9053,517.57
293.7,47.66,9.96,0.2911,351.46
153.68,767.04,20.84,0.5546,937.86
400.32,3.41,713.83,0.3417,1123.02
315.84,749.79,204.67,0.799,1310.29
870.11,960.76,519.98,0.7069,2382.1
894.31,234.81,761.54,0.2881,1874.14
98.83,277.92,751.83,0.268,1162.12
525.3,286.09,207.43,0.2499,1007.8
48.5,334.24,64.38,0.1429,431.29
341.46,960.86,410.76,0.4361,1724.66
269.71,212.76,629.85,0.8205,1078.49
654.83,0.0,447.12,0.3746,1116.27
727.2,330.67,152.58,0.3291,1207.86
194.01,74.77,382.67,0.3649,640.53
690.58,502.35,727.43,0.2486,1894.42
650.49,508.7,835.51,0.7837,2026.42
479.89,164.52,787.03,0.1095,1426.51
284.31,89.02,541.94,0.7452,914.44
431.58,24.47,662.6,0.297,1148.56
172.87,127.41,46.89,0.678,346.72
195.92,121.32,792.22,0.8172,1116.71
186.59,83.46,884.94,0.2678,1155.4
413.2,3.45,423.7,0.6072,844.36
252.79,97.59,711.69,0.7859,1062.87
44.97,771.78,205.01,0.4157,1023.76
52.99,90.14,554.21,0.3079,705.41
3.67,77.93,766.79,0.155,853.32
655.19,31.1,222.27,0.5199,907.68
715.08,55.8,530.23,0.8761,1277.17
632.51,155.65,668.18,0.8677,1429.28
372.63,0.01,870.56,0.7858,1255.61
869.02,353.97,776.45,0.816,1980.02
291.69,38.67,625.9,0.6439,985.52
544.27,91.67,292.43,0.7827,941.78
765.63,4.03,221.96,0.4149,978.51
610.25,364.59,204.36,0.0618,1154.11
981.16,35.07,570.89,0.0932,1576.79
560.01,182.55,437.16,0.4555,1162.74
13.26,52.61,375.02,0.7959,442.21
89.28,1.84,108.3,0.5935,201.08
249.32,6.74,818.59,0.5774,1089.11
264.55,106.96,231.29,0.1936,599.62
3.11,704.86,404.87,0.1612,1131.64
870.52,877.4,1.57,0.9272,1767.8
707.0,426.56,815.82,0.4188,1942.1
685.24,34.45,743.53,0.8526,1484.66
819.11,243.94,710.21,0.6063,1800.04
37.58,0.89,372.12,0.7604,413.82
13.66,10.37,774.3,0.8484,807.36
681.81,348.03,0.84,0.3867,1023.96
346.16,18.66,68.66,0.9374,436.14
145.02,12.88,33.12,0.3201,199.75
247.57,82.51,604.5,0.7993,940.46
246.62,2.5,313.29,0.2087,553.96
917.5,263.89,779.85,0.5392,1925.15
349.69,14.61,493.92,0.8979,878.77
243.14,870.22,472.49,0.4288,1603.81
627.12,193.96,742.51,0.8733,1549.58
185.0,2.32,482.46,0.1882,674.39
161.65,12.53,75.35,0.8034,246.74
346.48,62.42,121.2,0.8132,522.53
71.26,46.33,218.74,0.4168,317.24
744.9,14.46,289.25,0.4398,1042.66
285.01,29.34,169.99,0.2961,479.4
847.8,314.41,60.27,0.5075,1197.67
1.27,180.81,179.2,0.6323,363.15
242.09,206.24,531.59,0.8139,1015.52
986.94,50.35,872.98,0.1898,1884.05
964.09,24.49,182.84,0.5927,1169.17
295.12,949.66,688.46,0.7664,1856.58
689.38,368.04,659.28,0.4023,1750.5
610.01,511.81,211.0,0.2141,1359.24
138.44,165.26,667.02,0.1355,955.79
680.18,0.08,377.85,0.4769,1043.53
39.7,713.33,774.49,0.8179,1534.66
788.09,514.38,866.83,0.7846,2206.0
142.68,131.53,638.5,0.8018,912.02
433.61,75.95,625.04,0.5488,1142.09
700.06,110.99,214.0,0.6299,1044.15
647.55,3.46,190.82,0.4367,837.8
953.69,224.27,382.26,0.7952,1565.04
14.77,16.7,479.53,0.6228,504.28
603.3,1.57,712.34,0.0612,1336.57
521.36,121.4,670.69,0.0897,1322.75
941.51,0.0,789.64,0.6337,1742.88
45.93,526.17,478.24,0.2736,1061.12
923.11,84.84,123.18,0.109,1132.19
211.23,165.79,315.27,0.8375,688.7
464.79,12.22,373.27,0.6241,855.02
889.23,280.67,866.3,0.6478,2091.87
438.06,0.0,51.51,0.1427,488.46
286.91,64.34,365.49,0.3658,718.62
935.59,142.9,738.19,0.7515,1800.58
239.65,0.03,50.11,0.2472,288.02
105.42,562.35,411.5,0.631,1076.4
794.02,0.72,470.71,0.1428,1279.7
588.41,162.46,245.41,0.5099,990.39
480.85,9.85,802.88,0.2951,1294.63
3.14,409.96,144.62,0.9489,566.93
665.44,884.58,680.68,0.3648,2207.27
212.68,255.41,670.53,0.3712,1147.75
472.53,639.44,193.11,0.8561,1300.69
428.7,13.04,92.77,0.3121,536.99
599.12,378.44,38.48,0.9063,1031.53
417.31,83.86,43.04,0.4173,554.81
369.23,722.45,630.8,0.8464,1704.53
668.72,0.98,438.65,0.7018,1115.53
958.76,103.7,402.79,0.8474,1479.87
916.77,300.49,595.78,0.2568,1842.66
621.52,40.38,869.93,0.4876,1571.33
665.97,0.0,411.06,0.5963,1049.53
681.95,83.23,423.46,0.1925,1176.31
45.85,71.01,364.97,0.2062,459.73
712.42,872.76,668.24,0.4945,2189.26
167.91,3.58,437.71,0.2328,605.59
296.95,0.67,526.86,0.5499,827.08
128.76,248.32,666.32,0.2202,1054.8
655.54,464.62,57.51,0.9194,1168.63
258.77,674.88,522.67,0.1945,1485.93
722.18,22.03,489.4,0.4093,1234.38
477.74,13.08,138.98,0.1334,641.75
759.5,46.17,125.16,0.2026,925.08
403.4,240.63,46.97,0.7056,684.54
786.53,375.95,178.75,0.4151,1351.38
762.08,408.84,110.88,0.7207,1272.15
980.73,969.11,72.67,0.8031,2035.53
549.87,128.89,246.49,0.6999,917.95
622.1,330.12,364.03,0.0873,1312.27
175.62,427.54,224.67,0.3787,831.23
835.26,602.25,197.92,0.4175,1603.51
976.03,151.54,0.72,0.1316,1160.68
398.06,742.07,596.92,0.5299,1729.32
730.36,196.97,76.47,0.7722,985.41
893.76,1.05,874.93,0.4438,1800.75
710.77,464.6,0.49,0.3426,1143.35
849.08,0.01,676.54,0.8883,1511.53
225.16,235.39,429.03,0.6046,887.07
904.63,393.28,491.43,0.9476,1820.95
149.72,257.0,842.26,0.8105,1259.0
616.71,0.48,15.32,0.3215,645.65
925.48,61.27,564.13,0.5302,1507.81
313.66,51.97,688.1,0.6517,1035.84
991.34,26.59,659.86,0.1496,1665.92
778.17,109.32,527.24,0.48,1375.76
871.13,292.53,668.9,0.9042,1858.66
64.97,249.32,454.56,0.2494,760.25
673.04,174.81,137.9,0.6215,993.16
159.43,508.57,440.86,0.5815,1115.64
566.08,0.05,21.49,0.8635,587.75
803.6,137.63,67.74,0.1065,1022.72
502.42,37.14,880.17,0.1468,1413.69
13.92,231.29,85.05,0.6627,348.85
986.06,10.82,590.85,0.3252,1568.79
856.62,705.95,242.08,0.5885,1782.94
339.33,3.65,734.76,0.5207,1073.63
27.58,631.24,400.35,0.5492,1062.79
82.7,45.11,206.21,0.0809,323.86
653.77,15.8,869.25,0.8608,1492.18
791.32,5.8,418.72,0.4362,1202.03
405.09,4.3,628.87,0.6264,1053.35
741.78,262.41,139.11,0.2319,1134.16
600.18,0.04,230.17,0.1334,843.01
483.15,130.21,131.83,0.4717,769.97
864.9,111.75,792.61,0.4295,1816.78
382.36,315.39,631.73,0.1435,1322.61
250.64,442.38,847.95,0.3139,1527.35
774.28,394.57,95.39,0.4671,1240.5
895.06,117.91,347.15,0.4319,1344.73
613.84,123.55,687.5,0.3028,1441.94
623.14,18.47,87.79,0.5022,727.97
327.39,893.24,482.16,0.8156,1749.43
545.38,935.42,391.08,0.7504,1902.74
340.82,572.23,398.35,0.3961,1306.79
213.79,747.22,60.1,0.8577,1028.8
668.99,876.98,864.83,0.8174,2405.38
569.08,11.5,396.19,0.5708,950.9
602.59,178.3,646.2,0.6178,1463.61
419.6,191.71,544.59,0.3631,1150.91
330.37,470.82,817.06,0.2773,1595.73
861.08,199.27,378.59,0.6745,1445.05
478.38,978.39,341.55,0.8667,1836.09
420.34,734.25,135.55,0.9082,1281.1
546.58,89.67,836.95,0.7788,1485.66
815.26,174.36,654.89,0.6233,1621.9
217.47,376.29,252.23,0.8541,843.67
138.64,449.87,674.27,0.6357,1249.39
746.1,460.31,453.95,0.7379,1679.06
449.24,216.75,681.24,0.1323,1399.57
13.39,126.33,389.73,0.1057,513.35
282.02,712.23,394.25,0.1288,1376.21
642.2,769.56,785.4,0.4453,2192.4
967.43,3.31,794.85,0.8119,1757.05
966.85,4.47,504.55,0.199,1468.41
794.37,679.69,411.52,0.7229,1921.91
452.53,0.0,700.84,0.2898,1159.84
351.66,45.83,647.59,0.3797,1036.48
8.13,477.59,65.84,0.3584,538.38
955.07,222.86,26.19,0.658,1207.23
668.16,143.55,294.05,0.6072,1101.0
224.87,779.74,639.64,0.1352,1620.26
899.61,301.76,531.65,0.4953,1698.33
871.1,31.54,695.06,0.6269,1601.27
238.68,690.04,291.85,0.4183,1198.64
556.0,0.29,397.47,0.4998,947.41
212.68,58.46,474.14,0.7787,749.27
45.04,42.6,195.7,0.1606,279.64
571.44,545.18,796.52,0.352,1873.76
573.79,295.98,497.49,0.797,1375.42
331.72,182.06,593.94,0.3509,1107.94
966.7,354.61,551.77,0.3063,1852.62
528.69,19.69,325.33,0.385,869.08
409.04,17.72,407.06,0.5546,817.11
30.53,797.98,105.82,0.3656,949.35
879.41,269.79,216.35,0.6471,1372.07
744.8,61.85,79.02,0.524,881.27
623.37,31.96,793.93,0.5008,1442.95
638.52,574.06,40.39,0.7204,1251.77
680.6,117.73,582.7,0.4906,1380.7
49.7,122.25,704.71,0.0958,866.07
169.34,25.71,450.03,0.7958,651.01
781.89,364.64,449.31,0.2231,1615.24
158.18,36.87,477.75,0.3645,661.33
881.43,2.18,804.98,0.2249,1637.09
733.64,338.4,682.34,0.6923,1760.71
495.97,54.5,835.15,0.9092,1387.31
712.04,13.33,673.72,0.3192,1427.44
27.11,347.04,378.68,0.7147,762.43
868.02,294.68,333.76,0.3574,1486.18
588.75,0.06,640.76,0.758,1230.95
139.96,916.9,570.59,0.6745,1628.01
249.24,515.2,433.29,0.2871,1223.8
883.63,467.73,640.47,0.2907,2002.98
830.94,511.47,775.08,0.9038,2099.73
599.9,179.71,273.24,0.5415,1046.37
935.62,140.02,220.32,0.8016,1288.05
562.95,102.47,163.73,0.3468,830.53
438.51,2.1,465.68,0.2734,902.89
123.25,84.96,124.96,0.5627,327.28
104.54,216.5,484.32,0.2393,819.82
788.33,235.19,849.1,0.7222,1839.87
963.17,264.63,122.81,0.1387,1373.05
355.44,0.0,502.94,0.4428,861.98
424.42,965.03,376.81,0.8799,1716.52
427.76,0.08,763.41,0.2411,1179.57
871.07,285.33,160.28,0.3101,1290.61
123.4,377.38,412.6,0.8034,918.51
982.07,629.61,309.34,0.4834,1907.93
152.14,72.6,518.69,0.3661,769.71
206.41,81.18,785.0,0.5648,1061.88
168.02,236.4,162.59,0.1137,568.59
697.69,696.39,477.13,0.3012,1893.55
276.34,28.42,543.53,0.8811,862.79
359.29,210.16,398.79,0.155,959.71
578.51,225.37,529.71,0.7837,1351.29
450.91,100.87,193.66,0.6886,749.16
619.04,74.76,216.02,0.2362,918.22
240.5,306.32,555.37,0.761,1105.07
882.18,143.19,586.12,0.9312,1608.17
879.91,34.28,747.05,0.892,1644.23
498.4,717.39,320.73,0.6764,1507.77
300.84,286.77,397.66,0.6426,981.19
929.37,1.74,561.19,0.4605,1476.99
856.51,31.75,750.54,0.5678,1646.18
91.47,4.64,566.06,0.4981,661.42
893.53,193.34,868.98,0.2978,1991.0
872.15,423.4,190.75,0.3662,1467.55
705.03,9.99,69.26,0.7864,788.09
608.19,29.38,380.89,0.1106,1004.67
501.25,56.34,405.47,0.0547,954.34
519.88,82.41,781.02,0.1063,1370.02
576.24,21.36,233.62,0.1954,822.64
668.51,68.56,90.09,0.2169,827.16
248.2,399.63,71.38,0.4016,716.74
338.1,441.49,270.44,0.6312,1039.35
522.0,3.22,46.09,0.1699,570.24
997.92,17.5,238.1,0.3958,1280.83
637.76,89.59,562.52,0.1376,1254.32
770.89,857.42,589.29,0.5683,2241.88
91.75,35.79,801.44,0.8458,934.94
671.37,11.13,747.72,0.5709,1390.6
58.69,242.39,592.84,0.328,883.52
176.56,3.7,332.51,0.4985,518.65
691.69,7.87,467.17,0.5021,1159.58
805.2,680.35,787.8,0.1405,2274.76
870.91,561.87,823.95,0.0881,2221.89
115.84,1.84,502.73,0.9372,624.07
537.55,584.57,568.13,0.1268,1687.55
77.41,51.83,330.64,0.9375,462.46
847.45,27.99,432.44,0.8482,1294.76
676.54,690.51,178.95,0.3473,1562.15
373.12,86.49,643.19,0.8311,1105.28
266.14,392.11,537.3,0.7186,1186.98
229.39,436.23,244.67,0.2712,924.65
286.52,0.0,379.72,0.3757,663.11
349.44,47.15,478.67,0.4931,867.75
696.91,762.06,715.17,0.1928,2193.84
188.62,63.49,789.26,0.1552,1031.11
337.15,237.27,444.38,0.5481,1019.3
88.85,8.03,677.84,0.7252,772.34
945.95,0.08,812.12,0.44,1752.48
466.15,456.9,885.58,0.8367,1764.21
784.81,99.36,260.19,0.6909,1161.26
587.97,478.84,740.34,0.4705,1791.63
413.12,309.93,852.9,0.2912,1561.53
647.88,89.89,42.49,0.1152,783.33
377.8,243.31,677.52,0.3574,1276.38
422.51,785.7,868.57,0.6581,2079.63
949.12,37.76,476.57,0.8963,1427.44
400.99,0.03,711.3,0.1279,1091.37
227.31,250.73,803.95,0.0575,1295.41
521.59,239.62,621.08,0.6431,1360.1
109.04,11.15,760.1,0.1141,861.09
454.68,44.15,399.28,0.3067,911.15
616.09,23.9,701.9,0.6878,1388.26
443.53,609.07,186.74,0.8658,1267.58
944.84,818.68,75.23,0.351,1848.85
128.93,163.62,307.24,0.9495,607.61
110.64,94.53,219.51,0.778,427.53
652.28,67.7,838.44,0.8723,1545.84
429.61,77.49,19.13,0.8849,537.1
210.8,105.72,520.63,0.5358,824.2
606.29,491.91,372.76,0.1171,1456.49
119.46,220.33,458.15,0.1848,811.33
912.97,662.17,528.06,0.0654,2086.23
51.68,767.14,524.21,0.279,1303.92
736.89,2.36,419.21,0.0693,1149.33
772.51,3.95,574.76,0.4798,1319.31
465.87,50.94,207.61,0.8925,738.26
665.23,922.23,18.36,0.1757,1615.8
549.15,540.68,431.05,0.8742,1543.66
486.71,633.87,122.21,0.5705,1231.59
589.26,3.54,521.0,0.5773,1096.87
178.31,59.32,408.61,0.6412,658.64
82.02,853.09,772.82,0.4,1730.69
263.37,121.75,734.64,0.0567,1113.73
531.24,231.1,428.49,0.2692,1188.6
502.29,77.89,526.27,0.0783,1109.37
547.42,759.9,444.62,0.0832,1727.58
941.59,230.99,344.12,0.5439,1565.42
84.03,0.17,750.24,0.2013,835.63
914.31,13.97,842.44,0.7785,1752.6
533.41,11.05,524.25,0.0913,1071.89
642.13,700.82,175.48,0.0876,1517.32
815.59,47.36,104.72,0.7739,993.8
557.51,271.14,811.52,0.4399,1629.94
14.63,140.6,399.24,0.3175,558.63
659.19,180.77,118.03,0.6626,962.82
700.48,399.26,741.16,0.4507,1841.28
365.39,291.88,322.49,0.8533,995.51
209.98,952.16,270.91,0.8679,1454.49
537.6,23.07,62.49,0.2779,624.66
283.4,12.7,51.31,0.5157,349.17
687.83,652.14,94.52,0.3855,1468.44
191.16,19.9,715.69,0.0809,927.71
784.49,34.22,312.23,0.269,1128.05
706.61,503.69,165.03,0.4086,1394.1
89.35,24.38,260.58,0.8213,368.11
236.58,93.7,124.73,0.2321,461.42
868.46,2.09,244.73,0.8331,1131.16
441.76,6.08,492.23,0.1807,944.0
918.74,108.68,739.2,0.5667,1799.33
942.1,990.6,292.74,0.9399,2293.21
318.81,94.65,36.8,0.0644,445.34
268.42,709.09,294.64,0.6953,1261.49
526.3,591.38,374.12,0.2797,1486.03
643.46,289.06,297.03,0.4968,1232.91
903.49,808.25,101.84,0.6876,1813.25
715.02,16.72,400.53,0.419,1161.87
352.12,761.94,93.54,0.2613,1160.11
255.74,214.02,350.58,0.462,802.46
825.13,80.94,673.48,0.1663,1598.13
932.88,938.21,774.43,0.6301,2662.83
142.18,65.34,537.35,0.5854,747.1
631.37,22.94,677.47,0.4809,1337.91
944.16,930.73,725.19,0.4412,2626.2
516.33,454.36,657.49,0.3004,1638.78
677.13,0.42,96.37,0.7918,787.49
178.91,770.44,769.95,0.1821,1725.16
490.86,487.5,442.17,0.7897,1423.27
247.34,386.71,458.18,0.4188,1068.44
139.91,68.0,813.0,0.8693,1000.43
426.64,0.44,192.65,0.0659,620.56
988.27,3.14,855.05,0.4164,1823.78
160.33,93.04,184.32,0.6518,443.51
774.88,9.19,528.59,0.5203,1304.0
608.08,136.69,814.91,0.8432,1559.54
236.86,370.87,576.14,0.8141,1187.8
191.97,23.69,436.3,0.5482,644.51
861.8,618.97,674.25,0.4508,2145.72
858.81,222.51,545.22,0.2612,1661.86
685.18,734.02,618.68,0.3579,2031.37
480.89,46.65,316.75,0.7698,866.64
326.9,8.66,482.87,0.8093,837.74
487.65,0.0,533.05,0.283,993.23
321.14,118.88,612.47,0.1398,1057.18
278.58,421.98,95.97,0.7669,806.26
98.11,698.81,67.62,0.1732,870.54
190.99,767.64,368.58,0.1951,1343.27
743.35,936.72,538.32,0.1566,2216.73
926.0,449.56,133.07,0.7627,1532.53
374.46,0.01,877.43,0.3559,1258.42
620.62,640.48,234.59,0.5345,1483.97
850.93,32.9,438.35,0.7017,1329.26
347.95,0.61,471.37,0.0619,821.57
408.2,101.18,367.52,0.7143,902.72
519.35,34.32,559.14,0.4298,1090.09
593.79,15.21,356.82,0.4242,967.54
739.35,249.27,101.15,0.3282,1095.27
539.07,1.64,26.15,0.3711,556.1
425.77,0.65,485.99,0.4545,920.27
137.24,318.33,648.51,0.8136,1126.49
404.25,417.67,352.47,0.8552,1158.84
42.32,6.69,813.74,0.557,860.15
850.98,0.11,98.23,0.8938,932.17
719.4,61.45,217.72,0.1399,1010.95
102.69,798.16,784.14,0.7292,1693.25
521.54,13.78,67.88,0.0688,592.33
379.0,204.1,697.0,0.4535,1278.26
943.35,270.61,179.11,0.6645,1385.4
792.48,373.29,235.01,0.7165,1378.41
672.8,61.74,93.19,0.0824,833.87
281.04,204.56,756.92,0.9052,1281.02
805.6,142.24,239.61,0.0657,1167.07
236.49,145.69,564.68,0.9321,953.24
938.47,526.03,636.28,0.2075,2116.41
592.87,493.86,521.29,0.9171,1575.61
165.5,383.57,896.18,0.2642,1461.0
657.33,417.31,459.37,0.2551,1496.12
307.67,10.31,451.05,0.093,748.49
765.61,956.44,790.86,0.3152,2539.98
443.84,379.85,36.88,0.9156,875.87
850.65,328.62,828.75,0.7853,2038.55
708.87,836.21,850.52,0.8602,2397.78
634.71,166.23,171.1,0.4628,973.73
153.58,3.92,425.5,0.1283,590.75
906.51,308.84,466.4,0.9084,1664.88
604.07,508.46,662.68,0.8095,1752.36
801.75,0.04,496.26,0.0587,1278.1
579.32,358.5,448.26,0.9033,1385.39
71.7,5.99,760.8,0.9007,832.38
744.11,237.1,574.76,0.8732,1540.49
667.02,305.75,356.6,0.4538,1312.33
953.79,2.28,228.31,0.7454,1150.2
692.92,384.06,497.56,0.4177,1587.64
10.26,355.57,518.59,0.8092,910.41
561.9,476.21,152.88,0.4068,1205.02
771.49,7.73,635.11,0.2985,1401.75
399.04,7.62,392.71,0.538,817.63
940.49,306.24,363.33,0.9021,1635.62
639.34,104.03,785.36,0.4447,1517.89
307.85,31.49,355.44,0.7077,704.37
108.38,0.18,170.53,0.4545,285.59
459.8,535.42,457.04,0.7159,1435.56
656.61,236.42,688.09,0.5042,1575.11
632.95,731.29,438.44,0.2573,1780.22
180.14,891.72,823.86,0.3929,1851.73
909.62,53.71,800.32,0.6527,1744.11
463.78,774.6,575.11,0.6332,1783.6
746.9,38.19,764.87,0.579,1570.52
554.46,7.32,62.18,0.6691,634.46
868.08,615.35,340.74,0.9439,1779.88
71.05,38.52,585.16,0.0899,695.02
551.85,879.35,782.17,0.0818,2190.34
147.45,783.33,598.59,0.18,1483.5
108.33,7.73,67.7,0.3862,189.89
991.92,153.03,698.95,0.3177,1838.02
492.77,469.82,566.83,0.4819,1528.2
496.53,263.18,58.27,0.6128,833.72
205.73,12.18,400.49,0.6966,600.52
149.13,385.22,477.27,0.7409,1017.07
982.97,4.11,868.55,0.1294,1849.95
140.7,560.15,626.49,0.5086,1296.49
178.07,47.74,8.62,0.4295,230.69
214.42,7.5,508.97,0.3102,745.74
670.08,4.65,205.21,0.5498,872.8
822.36,545.61,588.5,0.3175,1891.33
797.92,5.76,860.09,0.7805,1685.88
488.75,418.18,862.44,0.2768,1827.65
637.35,42.76,258.31,0.442,915.28
190.83,102.44,420.31,0.2525,712.31
205.65,0.02,31.55,0.5666,224.64
329.84,580.15,356.42,0.6434,1285.83
982.07,255.97,505.1,0.3641,1725.88
995.79,20.63,118.17,0.9244,1153.49
58.8,8.42,682.83,0.8728,743.75
116.19,2.23,837.53,0.8878,928.06
412.68,175.34,580.64,0.8135,1186.02
681.24,919.71,149.19,0.7282,1767.39
182.13,52.66,334.4,0.8224,564.87
628.46,217.25,395.25,0.2138,1222.92
279.68,941.46,734.46,0.2379,1944.18
523.8,292.52,63.27,0.1088,872.81
605.29,165.45,286.89,0.4896,1063.76
231.41,0.03,443.28,0.6827,659.39
362.66,32.86,744.2,0.9289,1143.15
397.4,244.47,880.15,0.7224,1481.78
420.35,7.59,140.32,0.6632,572.2
450.45,47.8,853.62,0.3023,1368.05
944.76,175.64,117.58,0.7686,1213.22
803.17,217.85,777.28,0.7123,1795.43
856.51,21.73,70.71,0.0891,944.02
461.78,0.0,601.01,0.9073,1057.64
546.12,878.07,108.57,0.4075,1562.89
140.35,683.96,366.46,0.5153,1162.12
985.0,0.02,313.13,0.3128,1326.75
155.61,32.3,556.18,0.7724,762.72
259.72,925.55,272.53,0.8843,1491.49
412.05,923.07,26.32,0.7561,1379.05
90.45,23.08,403.57,0.268,519.04
154.49,174.83,492.68,0.5308,820.16
491.01,780.43,188.17,0.1169,1444.31
922.42,173.04,798.12,0.9268,1921.44
218.23,152.46,633.73,0.7803,974.48
23.35,0.37,753.33,0.5567,768.78
695.05,250.51,383.08,0.823,1320.9
756.75,35.99,501.49,0.9463,1284.63
562.71,186.2,626.12,0.7719,1393.37
763.94,38.71,217.53,0.4122,1016.41
812.23,143.82,330.69,0.5335,1306.93
538.14,138.67,531.34,0.828,1233.5
562.55,314.43,873.54,0.7032,1727.51
433.62,2.45,29.73,0.7873,479.29
266.48,114.02,184.48,0.0925,566.49
219.41,0.02,664.21,0.9027,895.7
465.29,9.08,38.45,0.4033,507.11
309.52,0.87,542.47,0.8066,851.44
448.51,4.83,892.14,0.9194,1363.29
72.48,27.18,177.07,0.1553,268.51
417.45,882.22,654.28,0.1209,1987.08
949.83,518.82,35.46,0.8221,1483.88
744.34,198.54,614.38,0.3436,1549.32
197.34,62.42,84.24,0.6453,355.1
296.3,1.04,599.1,0.4716,866.93
474.33,4.19,802.03,0.3619,1269.71
945.68,1.93,609.29,0.057,1580.6
338.64,24.53,276.28,0.941,644.17
911.5,726.01,769.55,0.1927,2419.54
379.89,105.7,138.72,0.9295,628.77
858.52,0.22,713.09,0.7671,1576.54
567.45,26.38,189.56,0.6064,763.89
712.61,589.48,643.72,0.3942,1997.63
955.84,92.3,874.04,0.9348,1873.2
807.55,1.49,243.25,0.1602,1056.34
777.22,8.58,340.19,0.4428,1138.72
861.31,604.87,17.24,0.583,1439.21
625.11,17.31,152.23,0.1279,772.91
492.34,230.09,501.89,0.6421,1246.63
211.64,325.62,248.42,0.0749,771.74
751.62,426.16,338.15,0.7462,1525.14
298.02,49.0,651.18,0.2735,977.73
259.24,96.84,287.01,0.6978,655.9
655.94,30.9,165.46,0.2599,839.62
860.94,25.79,731.53,0.3111,1616.36
6.84,49.73,768.78,0.5825,832.64
414.68,20.87,578.64,0.5715,1020.56
553.1,250.93,331.58,0.3578,1133.65
286.45,483.19,886.36,0.2163,1652.53
2.62,114.6,254.55,0.7931,376.89
116.17,644.53,193.49,0.3272,954.36
365.25,0.0,46.63,0.3539,410.07
88.67,7.48,870.61,0.4203,989.8
383.38,139.24,852.24,0.9107,1367.56
676.76,76.34,134.79,0.0732,884.62
93.73,826.27,224.95,0.4458,1124.83
507.67,53.74,566.64,0.2279,1157.03
963.16,483.29,301.23,0.8714,1768.46
485.35,811.71,494.71,0.1371,1780.51
497.86,0.02,691.57,0.3269,1194.69
648.65,222.18,113.92,0.2131,966.97
151.1,0.0,899.74,0.3112,1047.1
414.08,892.44,386.9,0.7244,1669.56
282.31,0.03,403.78,0.7352,698.01
835.26,18.97,61.14,0.2488,906.66
335.26,30.31,210.8,0.1596,573.67
711.4,749.42,248.19,0.6445,1698.22
883.88,335.79,164.66,0.2897,1348.46
78.7,270.06,153.38,0.8986,512.03
859.2,637.24,865.03,0.3075,2373.99
133.9,94.93,94.19,0.6725,321.0
859.57,617.54,869.06,0.0745,2317.97
292.85,7.52,675.5,0.1581,974.03
875.33,171.84,380.46,0.8505,1421.24
32.19,69.94,386.8,0.8205,490.12
543.56,1.41,548.17,0.4644,1082.85
984.32,987.53,368.64,0.8911,2331.74
500.46,414.77,98.9,0.4842,1010.38
501.07,23.47,450.73,0.5767,970.17
565.89,86.81,297.91,0.1134,938.2
533.81,633.34,707.11,0.5326,1879.16
976.45,904.9,895.32,0.0648,2778.68
745.07,1.1,326.91,0.1986,1075.09
441.21,5.67,446.48,0.2188,882.15
169.48,134.65,309.86,0.4305,612.18
978.66,292.24,43.85,0.8016,1304.2
116.51,104.89,120.15,0.5518,334.49
66.81,279.16,210.07,0.7397,560.6
242.75,28.61,41.92,0.4834,297.97
110.17,4.72,670.14,0.6243,779.93
171.25,0.35,15.88,0.4303,181.37
292.1,667.47,44.41,0.7671,1003.69
411.89,920.22,511.63,0.083,1874.68
554.52,469.22,136.09,0.2863,1167.72
429.87,133.19,578.82,0.5255,1141.88
223.17,780.82,48.31,0.4996,1084.42
658.79,112.1,857.29,0.1202,1643.67
903.56,314.77,331.59,0.9298,1550.29
977.32,198.85,7.36,0.9247,1192.73
550.3,4.16,792.84,0.6236,1346.91
493.78,947.88,527.4,0.6897,1972.82
518.74,331.5,176.19,0.3541,1028.68
269.85,72.38,93.04,0.8874,436.64
580.97,63.41,312.05,0.2014,985.04
289.19,62.3,173.46,0.6148,512.07
662.94,127.33,582.74,0.0542,1379.44
45.68,772.35,714.08,0.1615,1553.99
956.86,14.28,65.42,0.4303,1033.32
777.55,758.92,404.65,0.9481,1925.23
917.77,33.85,811.7,0.864,1749.83
20.28,27.71,392.7,0.9354,452.88
634.85,268.56,356.64,0.6707,1248.09
752.3,276.96,671.69,0.1862,1713.59
191.72,30.33,712.7,0.4256,927.31
892.03,1.24,447.56,0.4778,1332.5
5.19,16.42,140.02,0.1972,159.97
824.05,1.03,299.72,0.5718,1131.8
525.03,99.77,772.28,0.1545,1411.76
147.14,108.04,94.48,0.6042,353.08
555.5,46.05,402.01,0.2682,1027.54
323.52,633.02,869.32,0.2801,1804.8
836.45,228.48,750.45,0.433,1766.17
405.72,996.65,478.67,0.2635,1861.29
758.04,639.03,11.42,0.7226,1415.38
726.47,146.67,296.71,0.0816,1174.26
655.99,0.0,829.32,0.4094,1509.44
881.98,5.9,52.46,0.1206,940.97
285.91,596.55,491.01,0.3003,1347.5
944.03,641.36,122.85,0.8347,1720.66
384.46,128.08,691.39,0.4303,1195.01
170.13,25.7,853.05,0.4281,1069.18
79.53,0.03,47.4,0.6813,133.32
602.02,15.75,126.33,0.6735,729.81
891.24,384.6,290.45,0.1639,1559.5
347.43,4.54,515.73,0.6455,860.11
721.69,0.32,656.72,0.1451,1350.56
435.2,3.5,18.98,0.8108,458.9
370.01,286.62,782.73,0.1306,1434.32
424.88,10.02,225.7,0.8762,641.19
624.5,271.15,371.89,0.7588,1305.01
436.28,3.16,87.71,0.7654,537.07
449.83,2.52,696.05,0.3732,1143.88
699.23,804.52,61.06,0.629,1580.79
291.47,400.2,267.99,0.6215,976.95
895.09,859.82,897.14,0.6745,2607.52
682.83,417.31,734.17,0.3118,1807.32
192.05,1.09,713.88,0.5722,914.72
398.23,16.71,527.58,0.1267,933.59
487.59,250.72,28.43,0.3869,771.72
577.8,733.57,645.05,0.7755,1954.86
195.61,135.39,661.51,0.5322,980.4
518.09,164.43,107.86,0.1212,781.46
149.65,303.33,160.28,0.1472,608.87
506.15,7.04,822.96,0.4267,1331.77
434.74,546.98,443.42,0.9013,1403.07
721.47,0.7,145.87,0.5267,866.65
58.96,15.2,243.8,0.6108,313.35
928.36,23.64,867.24,0.4312,1787.43
678.28,22.2,399.22,0.2564,1100.43
886.33,46.57,367.81,0.3225,1309.33
87.49,261.99,691.29,0.3567,1039.64
21.99,250.01,292.48,0.183,561.14
426.93,300.48,215.99,0.2011,984.08
593.53,28.36,765.62,0.5873,1345.53
923.83,307.73,263.06,0.6596,1487.29
181.41,5.3,138.28,0.4685,332.12
974.55,305.16,208.82,0.8017,1454.27
412.92,681.77,669.79,0.3345,1760.16
698.26,899.58,122.02,0.8736,1758.58
541.52,168.74,198.71,0.0716,897.11
390.51,6.77,603.88,0.4892,1025.96
232.86,290.49,802.69,0.6357,1333.69
27.93,493.51,472.22,0.1089,977.76
230.06,26.7,586.0,0.2199,855.09
697.67,31.33,82.54,0.14,799.75
998.4,143.2,879.67,0.8659,2022.56
447.18,180.59,571.51,0.0577,1206.45
959.52,85.04,752.09,0.1603,1796.91
52.38,443.21,232.79,0.7618,726.13
102.86,23.34,482.12,0.776,605.63
539.1,336.06,845.26,0.4197,1718.22
136.03,52.66,104.59,0.843,290.09
769.09,980.82,363.59,0.772,2143.19
254.35,1.55,8.92,0.7941,274.8
387.03,151.98,176.38,0.7494,721.34
134.89,828.91,274.5,0.5364,1218.55
177.49,352.45,813.23,0.5602,1338.75
849.43,25.6,734.72,0.8216,1584.15
721.23,882.46,805.22,0.8903,2447.92
242.5,992.34,125.62,0.5744,1391.85
356.68,21.81,133.38,0.0866,500.27
438.17,24.42,166.44,0.2587,628.31
244.63,20.11,888.41,0.5834,1162.38
754.16,0.49,286.75,0.3553,1020.91
75.47,193.66,475.29,0.3521,733.84
465.95,924.94,604.01,0.3163,2001.08
449.84,0.89,126.9,0.56,570.27
833.17,4.25,333.47,0.5506,1144.47
47.1,253.2,447.93,0.457,760.62
7.97,527.06,678.23,0.1502,1222.53
336.14,1.26,413.51,0.054,729.06
142.0,43.97,338.81,0.1152,536.11
511.25,287.57,741.76,0.3416,1540.62
776.14,44.36,499.84,0.5549,1316.87
533.03,14.3,133.74,0.768,656.52
802.66,236.09,67.17,0.5277,1120.01
906.14,525.0,624.93,0.5049,2076.8
591.29,106.04,371.47,0.5883,1071.35
218.61,2.49,141.71,0.6793,382.3
766.7,65.92,508.71,0.0917,1365.29
745.57,496.82,550.6,0.7989,1826.53
87.82,137.47,893.42,0.8515,1120.53
605.87,868.29,503.4,0.4423,1963.33
553.94,340.12,339.89,0.926,1248.17
802.98,0.04,237.03,0.8918,1055.22
253.0,187.33,24.21,0.7959,478.35
490.44,2.73,30.63,0.8997,511.44
261.98,0.01,572.34,0.832,849.05
666.06,866.76,435.27,0.7812,1936.12
12.34,620.37,854.33,0.1021,1489.54
707.8,649.84,606.99,0.7895,1900.42
382.12,2.39,805.07,0.9065,1195.56
704.44,0.94,637.41,0.2426,1375.66
743.39,346.3,196.82,0.2645,1295.49
160.61,32.01,823.95,0.4593,987.22
857.5,298.48,405.95,0.7432,1526.23
105.93,24.22,284.5,0.8602,418.83
54.32,708.47,744.33,0.2202,1484.43
484.74,8.78,343.83,0.1951,843.48
339.43,98.57,445.86,0.5228,873.88
13.0,188.24,273.4,0.1081,472.25
988.63,236.07,650.75,0.8094,1894.78
440.37,653.92,274.65,0.279,1365.67
349.11,469.72,97.13,0.521,928.25
930.33,56.64,429.74,0.6694,1429.75
407.51,0.03,1.63,0.432,417.04
383.95,169.22,424.12,0.4369,963.82
949.61,167.17,763.83,0.3515,1884.26
79.29,198.92,663.07,0.6158,917.79
210.9,294.12,446.2,0.3344,922.01
721.51,706.73,540.43,0.6467,1942.95
740.32,10.8,690.09,0.1655,1435.63
950.9,1.41,745.64,0.6583,1697.8
561.01,435.79,859.19,0.7178,1887.43
894.14,109.63,143.21,0.8647,1161.56
248.75,261.92,895.93,0.8093,1408.28
712.74,16.48,461.09,0.1765,1193.86
990.48,94.27,667.77,0.4445,1751.41
654.26,73.63,235.29,0.2261,940.15
897.59,39.68,508.87,0.0962,1466.59
782.83,53.78,395.49,0.1124,1234.89
550.96,2.73,669.62,0.7507,1253.15
453.47,87.14,335.41,0.8283,850.83
883.64,148.82,728.44,0.2631,1750.18
493.63,118.49,39.13,0.5771,649.88
193.0,30.99,753.99,0.2264,975.03
646.37,3.35,66.58,0.0563,729.05
39.54,277.86,3.8,0.794,330.05
979.8,820.39,868.7,0.1191,2690.74
746.59,1.89,188.45,0.4174,919.35
816.11,543.98,247.58,0.7391,1563.26
948.42,122.18,645.26,0.9263,1699.66
303.55,31.39,83.38,0.659,413.2
873.02,903.91,189.76,0.1125,1950.28
609.29,392.54,704.25,0.0919,1751.84
265.06,18.11,705.31,0.8548,968.8
18.82,35.16,846.03,0.6091,919.62
477.75,89.16,498.57,0.8091,1072.58
534.39,877.6,705.32,0.7486,2144.08
140.4,0.12,107.52,0.5598,242.51
51.88,131.96,563.81,0.5984,752.42
241.68,0.01,143.45,0.0616,389.35
662.91,228.0,646.28,0.1243,1522.97
203.74,268.95,726.97,0.624,1207.6
386.46,174.37,803.07,0.6408,1331.11
784.81,0.15,335.96,0.3898,1124.93
634.7,193.52,548.98,0.067,1375.17
936.08,14.99,706.85,0.699,1629.96
317.81,618.91,248.5,0.4625,1232.96
702.21,15.19,302.97,0.9281,1019.4
550.18,0.17,898.0,0.739,1435.51
336.22,2.03,671.38,0.7135,1041.88
7.2,202.38,128.2,0.481,323.23
745.34,18.47,562.42,0.4833,1299.0
65.34,268.29,551.32,0.1315,883.44
460.68,155.98,172.15,0.7986,806.24
225.31,519.91,527.11,0.3354,1279.09
512.17,83.6,14.32,0.7891,614.65
290.43,583.22,77.65,0.9091,939.52
333.51,341.71,324.85,0.2938,994.46
331.93,919.76,118.01,0.8925,1359.81
674.75,503.74,39.77,0.9269,1218.87
802.02,77.13,537.44,0.5552,1447.84
193.63,454.2,444.8,0.2171,1111.8
170.51,787.19,679.33,0.784,1639.67
502.16,1.73,840.53,0.4006,1336.3
72.58,7.81,782.92,0.4428,862.07
262.89,883.36,607.87,0.4944,1788.49
575.22,805.66,143.62,0.4195,1508.53
178.71,255.81,663.38,0.2652,1094.26
928.06,204.43,626.26,0.766,1773.06
718.63,695.98,857.73,0.139,2283.89
6.19,62.19,270.87,0.5788,352.22
700.1,884.12,91.05,0.2432,1698.58
978.96,196.11,280.85,0.3926,1471.76
752.49,73.38,256.33,0.9118,1105.1
6.47,132.12,38.43,0.5431,184.78
19.96,28.69,452.28,0.2804,486.47
270.92,57.95,280.2,0.9446,634.88
633.33,0.16,70.63,0.6796,709.65
179.84,691.1,647.73,0.2319,1533.15
736.58,748.31,801.88,0.0531,2298.1
101.41,39.42,268.4,0.5114,398.87
145.29,101.71,768.44,0.4707,1011.5
561.12,0.0,408.74,0.5227,937.75
251.26,1.11,804.08,0.0942,1058.22
959.98,190.12,802.68,0.5186,1966.14
247.97,915.96,732.07,0.9347,1930.64
226.95,18.84,743.53,0.2317,950.64
899.59,540.65,380.49,0.4008,1786.89
437.54,20.72,101.82,0.3304,556.78
62.61,718.78,593.83,0.918,1323.35
730.36,108.86,557.36,0.1363,1385.73
642.56,117.05,590.74,0.776,1345.06
326.79,25.33,787.84,0.9202,1150.28
692.66,594.85,688.9,0.3201,1978.15
871.42,631.55,257.07,0.2954,1743.38
575.52,432.17,36.74,0.5082,1034.2
264.96,32.54,767.65,0.0675,1060.55
375.87,715.52,683.56,0.5944,1760.3
914.36,826.91,660.23,0.432,2439.93
44.7,612.94,267.07,0.4887,941.06
466.48,12.08,284.19,0.5595,744.32
225.29,40.3,215.81,0.5045,482.36
192.22,277.28,158.16,0.5569,622.32
718.15,0.0,611.15,0.1804,1290.95
81.17,32.48,639.4,0.6073,752.13
457.46,37.01,10.9,0.5554,518.27
513.4,51.59,445.4,0.6937,1025.74
447.04,5.22,582.66,0.9068,1060.97
390.73,19.91,348.15,0.4633,755.21
561.89,125.85,27.3,0.088,724.08
828.89,2.69,791.76,0.9312,1655.3
464.11,10.84,799.43,0.3689,1247.92
575.94,743.78,783.5,0.7786,2127.29
764.24,724.4,754.19,0.6006,2203.53
843.79,143.48,221.31,0.4563,1223.08
18.82,71.18,772.29,0.5386,859.18
713.04,231.61,506.57,0.2583,1458.06
84.26,330.99,602.43,0.1671,1008.77
342.16,0.53,858.2,0.8234,1215.09
991.58,10.67,693.19,0.4608,1673.44
514.7,0.56,887.77,0.7991,1427.25
77.92,0.0,240.83,0.7983,329.14
652.38,2.13,414.67,0.4685,1037.84
774.19,2.41,413.14,0.7443,1197.7
454.97,558.91,427.88,0.0801,1463.21
994.28,21.49,599.4,0.4149,1604.65
917.4,884.7,97.9,0.7043,1889.82
531.01,513.65,201.1,0.3426,1277.49
417.7,0.45,374.82,0.4564,797.76
348.37,2.03,700.32,0.3878,1057.51
832.35,902.93,866.48,0.6085,2593.67
867.16,5.63,674.38,0.835,1532.36
569.25,876.77,32.3,0.0843,1476.78
997.78,3.22,337.03,0.9375,1288.24
410.88,706.41,405.96,0.3554,1503.67
278.58,283.54,261.63,0.5068,821.83
862.57,0.06,653.03,0.8496,1493.34
230.38,416.31,724.21,0.2117,1364.87
272.43,847.83,449.59,0.1664,1536.82
567.26,443.88,268.89,0.1013,1287.49
477.34,0.1,593.24,0.5043,1053.33
798.89,279.69,494.33,0.7006,1548.38
9.54,163.75,226.42,0.742,404.42
593.55,152.53,231.59,0.6392,983.32
392.57,43.24,844.32,0.7712,1271.76
276.79,619.11,678.83,0.2246,1595.74
187.24,205.38,79.48,0.2872,474.29
924.27,5.83,469.56,0.2119,1398.51
3.78,0.55,476.46,0.5236,481.47
933.25,85.25,726.29,0.5087,1797.12
159.17,5.38,607.44,0.7239,781.17
988.08,764.27,218.59,0.3326,2016.89
997.6,69.41,754.04,0.8787,1821.46
669.7,73.21,454.18,0.692,1196.56
709.81,145.39,523.52,0.8024,1401.86
305.5,443.62,539.44,0.3116,1280.39
654.86,551.75,365.12,0.7802,1602.39
461.24,237.4,538.57,0.0939,1217.39
318.66,907.39,871.82,0.3764,2084.86
552.21,61.98,703.78,0.9069,1356.54
168.59,857.53,637.35,0.244,1658.92
663.15,241.66,201.43,0.6282,1099.54
404.0,30.19,777.57,0.3129,1200.35
754.2,0.01,647.02,0.0923,1418.38
490.59,878.62,146.39,0.3237,1493.3
892.69,121.41,447.61,0.3302,1462.04
141.05,1.79,661.68,0.4861,801.42
648.48,0.0,453.38,0.5446,1104.55
956.16,508.5,809.85,0.5876,2318.3
180.34,623.53,828.36,0.0671,1623.08
94.93,270.74,806.36,0.2123,1148.45
95.83,275.22,106.63,0.9246,471.2
184.77,865.17,579.79,0.4887,1629.15
865.76,529.69,320.13,0.4065,1703.83
586.28,27.3,122.54,0.445,750.35
276.32,52.62,246.61,0.5988,571.82
180.17,473.67,598.16,0.9386,1229.8
908.53,526.56,815.11,0.7258,2237.9
417.08,1.28,1.88,0.9023,416.15
81.41,94.01,259.71,0.3176,431.67
992.23,75.19,733.06,0.1992,1788.53
50.81,40.03,511.82,0.1066,578.72
318.98,107.15,193.13,0.3359,617.17
101.3,74.04,198.9,0.6367,397.68
190.25,49.74,93.19,0.0873,331.94
172.72,228.79,274.22,0.3437,681.48
229.84,187.32,528.92,0.3081,928.86
343.36,0.68,476.42,0.791,822.81
21.88,20.3,424.31,0.8691,464.4
74.13,148.5,503.48,0.9338,733.5
16.87,299.76,185.01,0.7826,514.34
862.92,5.41,536.98,0.682,1396.28
474.34,314.4,560.8,0.1457,1337.45
217.16,13.84,538.27,0.0714,769.58
233.13,584.58,319.45,0.6987,1126.88
707.96,1.42,665.06,0.8141,1376.33
887.71,327.74,639.33,0.5418,1852.72
321.05,509.18,755.49,0.3487,1583.4
723.06,9.86,567.22,0.3554,1305.68
315.95,34.66,445.58,0.3691,800.81
899.49,461.52,495.57,0.6639,1854.62
592.04,0.15,267.94,0.3476,849.02
352.11,889.45,688.99,0.2346,1897.6
225.86,970.0,514.85,0.1233,1691.52
531.31,134.97,198.36,0.6668,854.73
982.97,560.56,402.6,0.3798,1965.09
84.22,429.85,798.29,0.4994,1307.23
949.25,205.76,228.88,0.7853,1403.61
929.3,6.94,319.43,0.1587,1268.06
504.13,58.54,565.86,0.3794,1107.0
629.43,792.98,793.9,0.2883,2191.13
99.42,10.99,264.65,0.9089,378.4
896.63,26.63,772.95,0.7448,1690.48
321.58,359.9,293.54,0.2765,965.28
484.13,42.22,321.15,0.6064,849.76
865.42,283.93,843.59,0.5669,1968.6
785.47,9.7,571.04,0.4104,1366.36
317.98,252.94,847.63,0.5468,1430.45
894.96,7.91,73.03,0.3408,961.64
419.53,14.02,168.8,0.2233,585.51
540.05,0.0,555.33,0.6836,1078.35
507.74,100.05,541.62,0.3191,1105.58
508.26,652.05,437.54,0.3016,1616.46
66.15,790.76,294.95,0.8583,1128.06
444.58,75.18,284.22,0.6242,817.02
337.93,25.53,336.96,0.117,695.57
91.57,481.18,378.23,0.7125,953.03
578.71,7.0,521.71,0.4304,1109.18
90.73,733.38,434.09,0.6557,1257.74
723.16,830.54,860.96,0.7676,2431.55
183.55,18.8,677.11,0.3048,883.04
273.89,33.06,490.39,0.6764,799.68
386.11,573.41,178.5,0.5997,1108.96
459.86,734.22,10.5,0.7724,1215.57
824.28,92.46,163.54,0.5584,1107.18
107.94,692.68,560.64,0.7899,1352.21
122.77,62.78,515.59,0.786,694.72
963.87,0.08,514.68,0.6341,1465.96
59.73,93.58,173.24,0.5396,301.21
826.09,0.26,384.19,0.8229,1207.8
176.09,527.53,302.0,0.5198,999.81
118.03,289.41,615.61,0.6209,1038.2
240.33,12.22,223.86,0.2873,453.7
250.1,904.71,75.25,0.8137,1251.8
607.54,31.81,811.84,0.1096,1453.69
961.0,45.83,226.35,0.3171,1267.51
339.66,32.28,251.06,0.1233,617.47
686.7,346.82,145.31,0.6325,1183.74
978.03,714.67,123.37,0.9084,1773.47
29.77,48.33,276.55,0.6584,376.35
726.99,311.46,152.48,0.6976,1190.08
278.85,81.24,803.91,0.2453,1160.56
496.34,0.33,606.21,0.6541,1126.37
319.79,0.96,399.45,0.3034,711.88
568.5,40.27,857.91,0.2063,1494.96
385.16,156.87,482.38,0.6852,1042.77
943.91,0.17,573.44,0.5229,1461.79
377.63,118.21,48.81,0.3749,538.46
492.1,112.4,876.74,0.8443,1464.36
976.67,35.5,272.81,0.4679,1274.6
706.2,277.75,173.23,0.2461,1146.74
434.52,48.16,600.21,0.651,1068.35
745.21,49.68,31.13,0.6379,823.81
678.01,6.67,387.52,0.77,1088.19
943.97,0.06,168.33,0.6018,1097.99
600.46,93.0,750.01,0.9186,1450.36
594.94,54.65,569.26,0.7645,1210.8
8.18,342.45,182.35,0.5298,511.64
957.79,0.05,294.93,0.1054,1255.72
172.17,1.92,86.86,0.6892,251.25
448.27,4.11,568.14,0.1798,1004.8
857.09,0.0,31.25,0.7106,873.72
231.95,0.0,459.72,0.4065,701.22
103.72,994.72,49.87,0.2484,1149.64
776.65,22.84,20.95,0.5275,851.5
619.51,89.15,77.15,0.8602,771.15
7.92,197.58,744.83,0.4935,930.81
73.64,23.21,577.59,0.7458,682.23
611.91,455.85,113.92,0.1828,1180.64
432.59,76.93,780.77,0.109,1258.51
818.0,56.82,623.46,0.5782,1491.81
511.91,0.19,728.69,0.1003,1228.91
409.51,124.63,479.69,0.5931,1009.59
477.56,277.67,80.28,0.8074,821.62
590.96,943.53,681.79,0.4147,2191.57
145.7,251.66,497.58,0.5835,893.68
710.39,26.6,402.4,0.1843,1121.23
175.77,202.56,742.87,0.581,1109.63
879.8,991.95,175.53,0.4787,2092.25
69.79,49.38,629.56,0.8163,737.7
20.2,61.63,853.76,0.548,915.42
344.2,63.92,410.06,0.8177,814.63
437.32,484.83,297.61,0.417,1216.55
352.3,163.85,60.92,0.9056,576.13
962.81,535.6,687.09,0.1716,2228.46
15.33,177.08,861.26,0.3977,1019.86
285.89,190.47,814.16,0.5798,1289.35
368.19,50.76,213.34,0.1371,640.99
726.91,2.27,484.07,0.6126,1186.98
140.91,1.45,231.8,0.2649,375.4
877.32,980.31,589.55,0.7315,2460.24
624.6,615.53,797.31,0.3435,2054.08
16.05,1.8,263.9,0.4939,269.7
870.73,159.07,372.08,0.7646,1397.94
753.84,33.92,282.29,0.32,1059.12
381.87,1.85,451.44,0.2396,822.58
524.95,19.99,833.21,0.4463,1362.23
714.2,259.29,35.97,0.4937,1002.59
888.99,2.15,267.77,0.2976,1166.79
968.28,84.48,625.95,0.2003,1694.66
47.94,0.48,354.32,0.8212,405.83
330.5,255.34,275.94,0.0564,856.3
123.18,31.34,809.32,0.584,937.13
158.77,418.56,152.24,0.8389,729.13
670.68,10.68,388.53,0.0857,1086.83
22.77,0.0,162.76,0.6593,210.41
900.23,168.93,404.02,0.4312,1457.63
210.06,73.23,12.47,0.4238,295.1
42.72,225.2,707.37,0.2219,976.5
913.3,728.01,233.76,0.2483,1835.12
589.06,591.86,219.15,0.6284,1431.02
134.23,0.71,79.72,0.4555,215.3
356.71,927.9,291.53,0.346,1607.78
941.43,268.59,692.51,0.2553,1876.4
997.59,900.12,309.67,0.7737,2223.75
53.94,334.17,484.59,0.0973,856.12
585.89,61.47,39.18,0.893,701.36
886.78,339.33,814.43,0.82,2023.44
512.01,235.73,255.2,0.1569,994.2
491.52,0.63,851.05,0.7775,1348.01
991.19,553.44,71.59,0.6982,1650.51
774.56,19.64,313.89,0.799,1108.82
943.72,2.04,22.76,0.073,953.56
479.77,131.11,751.07,0.5118,1337.09
3.98,4.29,709.28,0.8739,702.13
298.15,593.92,198.03,0.4448,1094.85
404.25,561.13,543.05,0.8255,1546.18
635.53,290.57,373.07,0.4395,1289.71
221.56,0.88,464.37,0.8422,681.96
897.9,458.83,97.89,0.609,1451.98
494.92,597.3,884.26,0.9252,1985.12
35.89,0.15,281.22,0.721,314.79
486.07,396.68,231.03,0.9422,1157.54
372.18,618.86,709.36,0.1874,1729.17
654.1,336.46,803.34,0.077,1830.08
337.44,47.4,580.21,0.824,976.14
6.71,272.15,498.21,0.9243,775.07
630.37,666.9,243.06,0.0628,1598.69
880.8,12.66,386.86,0.0937,1239.36
190.81,170.04,454.2,0.4178,825.26
606.06,133.84,218.0,0.6459,939.0
930.72,701.41,676.5,0.7706,2342.13
409.57,6.67,681.38,0.6047,1113.0
953.61,60.94,813.48,0.1121,1824.05
467.32,828.89,875.39,0.5098,2233.38
449.46,711.68,768.24,0.2779,1958.48
73.21,730.64,654.98,0.2048,1446.74
409.33,199.39,538.66,0.6637,1153.91
925.06,676.9,11.01,0.6678,1597.6
507.28,1.43,484.38,0.7133,992.21
423.85,239.54,133.7,0.9396,789.59
684.3,92.12,76.24,0.8622,846.1
778.29,4.81,646.71,0.49,1454.92
998.93,992.27,49.1,0.8569,2040.07
600.89,551.97,289.48,0.6817,1405.68
459.29,616.44,615.05,0.7659,1707.5
207.3,215.9,742.15,0.744,1194.78
820.67,696.55,533.53,0.1847,2008.34
313.76,45.82,804.25,0.9368,1151.7
313.49,21.93,37.94,0.1038,377.33
676.4,6.91,73.61,0.9415,771.77
602.42,163.95,861.62,0.6038,1605.85
589.4,79.88,899.23,0.4868,1560.22
818.39,0.14,867.19,0.5176,1663.07
640.95,91.7,246.51,0.2192,984.52
77.57,14.42,472.88,0.2478,568.54
361.15,19.52,644.27,0.2683,1033.34
169.67,8.33,11.33,0.6939,183.89
47.74,112.4,751.49,0.4814,924.22
526.37,200.94,466.35,0.5562,1188.07
364.37,287.48,199.8,0.3697,840.14
708.73,762.15,633.38,0.6704,2126.34
236.84,357.97,336.36,0.8373,936.77
38.43,97.79,201.89,0.2655,342.17
781.47,4.52,856.86,0.5954,1645.38
158.12,3.38,284.72,0.8553,461.27
266.0,72.12,449.81,0.3422,780.09
679.38,80.21,7.04,0.1021,762.97
755.52,234.32,730.24,0.7466,1683.57
609.14,641.82,303.53,0.1885,1544.39
298.2,12.17,500.93,0.5555,801.07
624.34,11.82,119.92,0.9183,750.87
411.56,2.94,852.01,0.064,1266.35
405.73,1.77,175.15,0.3089,571.44
889.99,75.27,710.25,0.9146,1662.04
853.15,510.23,103.15,0.2038,1457.38
674.78,73.56,452.31,0.7815,1207.4
865.7,179.71,532.34,0.3024,1587.49
571.99,597.46,680.15,0.7697,1898.94
628.78,180.69,79.93,0.5351,889.11
735.49,702.48,798.93,0.3415,2159.08
746.12,262.66,12.36,0.5223,1025.97
809.48,519.78,592.93,0.1896,1905.88
857.42,0.57,866.93,0.9185,1702.54
340.67,621.84,309.01,0.1408,1254.01
802.11,0.01,396.93,0.5926,1174.07
249.4,1.32,182.44,0.601,458.85
359.95,138.48,335.7,0.1317,825.85
508.25,803.46,393.8,0.5196,1695.49
545.06,0.16,338.48,0.07,874.24
979.77,11.16,490.3,0.1185,1453.21
87.61,0.0,587.89,0.4427,692.73
969.69,718.85,32.46,0.418,1702.91
962.37,378.87,227.77,0.4376,1582.32
253.86,17.31,620.19,0.6838,879.23
940.58,440.66,378.36,0.7909,1721.27
415.48,0.15,823.5,0.2984,1206.8
772.76,843.51,755.1,0.341,2299.66
275.86,12.22,180.62,0.0634,472.61
735.22,225.29,479.38,0.6273,1457.92
308.63,107.86,812.42,0.2942,1218.28
332.91,292.63,56.88,0.2268,688.44
375.12,784.81,476.75,0.8495,1647.77
582.88,180.07,144.7,0.0634,906.23
51.53,414.63,760.91,0.3567,1235.2
149.51,132.14,398.36,0.8994,678.13
949.05,278.25,763.91,0.7765,2028.98
615.67,129.8,512.51,0.4455,1256.39
270.03,542.57,807.9,0.8918,1647.22
144.85,157.05,161.25,0.4878,455.45
975.24,909.61,519.89,0.4029,2358.46
546.72,1.62,339.72,0.1702,875.1
960.79,32.02,425.68,0.6764,1417.67
899.46,752.55,250.11,0.4356,1877.0
931.12,0.22,725.79,0.7979,1657.2
649.98,137.24,543.2,0.2222,1349.81
792.38,161.92,838.94,0.2908,1811.09
510.37,0.49,668.3,0.2002,1199.68
98.72,68.49,502.81,0.5272,662.49
670.26,151.54,588.1,0.7156,1382.7
147.3,364.21,11.55,0.0557,526.09
554.26,511.23,339.89,0.1874,1412.76
520.76,26.57,419.1,0.5435,983.85
733.77,224.14,59.33,0.5005,1015.06
888.75,91.49,129.28,0.6493,1111.69
959.35,0.04,118.12,0.9436,1090.05
61.04,54.44,846.56,0.2937,946.12
521.17,526.86,597.2,0.774,1680.83
984.61,61.88,34.36,0.7412,1062.0
92.71,321.57,701.74,0.6199,1094.06
209.73,30.71,619.22,0.1033,834.16
962.97,693.11,381.12,0.5244,2040.18
597.15,624.64,778.97,0.3298,2035.28
555.86,0.06,609.77,0.6916,1172.12
258.51,409.32,263.5,0.432,911.43
310.34,698.15,293.43,0.824,1301.68
51.52,16.36,693.21,0.1357,759.01
598.56,506.27,683.2,0.7277,1782.22
738.93,311.24,541.55,0.8213,1581.95
570.41,138.82,670.0,0.8875,1352.89
353.45,133.89,851.16,0.2151,1325.65
831.69,50.05,789.89,0.7241,1684.17
508.53,368.19,317.94,0.3944,1174.94
575.45,0.0,826.78,0.3483,1389.05
71.47,52.88,882.4,0.9121,1018.69
679.8,112.81,454.35,0.5478,1254.38
816.98,749.49,776.43,0.3045,2318.91
975.68,3.87,335.97,0.0953,1294.04
427.28,0.23,516.69,0.4374,939.82
762.67,61.79,61.57,0.665,894.08
513.82,0.0,853.92,0.3236,1381.77
184.86,258.23,535.78,0.8496,981.02
271.6,483.42,260.82,0.8565,1013.63
424.35,940.84,680.12,0.36,2065.52
15.11,0.01,364.43,0.9125,370.31
100.92,192.72,812.04,0.5668,1102.68
973.17,833.56,424.22,0.8037,2210.59
220.61,92.09,800.9,0.7389,1146.87
788.04,485.45,761.46,0.0897,2002.9
78.37,124.1,430.08,0.7283,642.32
172.31,810.78,638.79,0.6011,1589.84
219.03,0.24,192.89,0.3679,403.66
120.56,432.21,496.68,0.645,1037.32
500.38,669.26,774.33,0.6811,2035.35
924.53,1.23,36.53,0.7044,970.73
132.88,821.44,18.12,0.7607,976.96
380.29,70.25,314.64,0.1474,785.25
517.08,62.6,479.94,0.4814,1073.61
155.3,511.49,643.15,0.2231,1333.61
549.85,277.77,526.86,0.2968,1381.0
211.8,134.64,171.15,0.3652,500.72
572.45,1.27,321.06,0.5339,881.0
258.46,493.69,868.2,0.6324,1560.27
801.84,650.17,87.93,0.334,1540.3
334.96,10.76,823.11,0.7428,1190.43
241.06,252.97,419.77,0.327,934.94
933.74,47.64,581.25,0.3518,1524.47
404.78,8.93,358.88,0.3365,769.32
93.31,236.1,696.48,0.2868,1024.87
334.21,135.19,92.71,0.5473,558.68
979.07,899.02,286.05,0.6499,2118.58
832.23,0.63,116.63,0.3185,953.05
782.36,541.69,420.89,0.4781,1740.09
31.94,62.78,82.35,0.1699,165.14
544.33,82.5,683.08,0.573,1311.7
663.21,23.7,99.85,0.9098,774.08
547.38,0.88,382.88,0.5682,950.91
192.8,130.55,798.16,0.3358,1107.48
379.86,22.24,777.99,0.1344,1175.45
475.75,0.5,606.75,0.3831,1083.14
514.42,521.66,21.34,0.4866,1057.35
855.23,632.23,431.86,0.2982,1930.94
725.19,0.46,879.62,0.624,1586.05
594.11,713.29,362.09,0.2538,1683.64
54.95,53.06,187.58,0.7268,311.68
805.23,1.07,128.11,0.8871,910.75
274.09,214.39,656.52,0.6559,1170.0
618.34,0.68,822.8,0.7707,1445.0
260.46,13.39,504.95,0.3877,785.19
797.45,0.63,23.83,0.7959,840.7
876.61,173.51,542.85,0.0687,1613.46
913.93,413.67,231.65,0.0866,1564.37
794.24,120.58,438.15,0.8226,1375.5
446.05,0.26,709.92,0.4504,1175.47
225.27,6.8,2.91,0.6707,230.25
283.13,36.21,272.7,0.3951,587.69
436.3,605.48,477.79,0.749,1491.53
276.7,910.53,165.54,0.9048,1333.93
184.37,4.26,263.33,0.5966,449.26
851.27,942.71,398.98,0.0629,2258.29
420.93,126.68,564.1,0.7367,1124.48
38.77,240.97,404.25,0.5375,681.47
4.57,2.27,523.02,0.6311,542.22
437.1,248.7,383.5,0.6788,1061.94
326.28,498.78,213.57,0.5701,1050.14
825.55,104.9,582.44,0.5287,1524.73
67.68,610.49,277.35,0.1469,957.68
27.06,52.43,447.79,0.8609,528.35
807.93,242.25,418.17,0.0927,1491.37
617.49,10.23,249.42,0.72,865.94
726.36,9.0,66.07,0.4436,794.24
540.32,167.41,638.48,0.5611,1370.57
39.59,110.59,170.47,0.4181,307.54
483.1,12.76,270.77,0.2212,756.53
684.09,156.31,897.85,0.4334,1742.87
824.95,93.56,342.02,0.5344,1263.09
912.54,556.33,835.43,0.4776,2345.45
140.31,293.99,211.76,0.3233,641.96
961.9,599.68,644.23,0.7311,2243.63
221.03,102.23,394.28,0.089,697.87
129.91,186.47,673.84,0.141,972.08
870.78,382.98,704.88,0.1895,1992.07
137.51,72.37,37.22,0.3446,232.12
695.7,0.05,690.58,0.4001,1376.92
191.82,74.64,232.81,0.8774,510.0
912.62,0.04,38.35,0.6151,965.87
718.24,181.63,31.68,0.6694,944.05
701.72,553.03,399.01,0.1437,1639.34
764.48,155.09,127.45,0.203,1051.85
153.88,552.28,401.39,0.3119,1093.44
268.3,149.17,402.07,0.8592,811.85
856.55,30.64,879.23,0.6715,1788.27
901.58,116.09,385.8,0.207,1423.04
302.63,42.49,160.33,0.24,507.3
793.81,639.38,161.85,0.9071,1597.47
194.13,2.32,122.78,0.2949,305.19
720.41,152.13,312.65,0.5814,1201.08
894.26,19.64,170.58,0.2979,1052.69
554.66,377.85,442.94,0.416,1374.22
806.15,44.39,37.1,0.3185,891.3
558.5,124.78,431.55,0.2762,1103.42
120.48,44.89,564.72,0.0654,729.35
130.81,130.36,299.66,0.449,555.39
686.64,27.93,185.14,0.7371,906.48
561.6,0.19,721.36,0.4358,1295.54
583.24,125.49,331.2,0.2368,1037.49
161.25,303.44,79.3,0.6939,550.98
614.47,559.26,309.64,0.4998,1482.54
637.21,103.94,53.66,0.5135,791.1
436.42,0.03,433.39,0.3844,867.92
530.39,500.07,848.14,0.2725,1894.49
375.86,4.42,541.69,0.4027,935.64
623.7,336.71,402.31,0.2998,1357.23
647.13,249.89,827.2,0.947,1749.62
254.51,532.69,90.55,0.0754,887.22
787.68,69.23,192.51,0.2032,1027.91
351.62,249.31,713.48,0.0536,1334.16
546.28,308.88,273.69,0.4764,1156.25
97.28,638.29,485.16,0.4666,1214.37
953.24,75.4,234.48,0.1361,1271.94
944.81,802.38,152.49,0.6297,1906.88
408.01,539.56,809.08,0.1724,1756.01
195.33,530.57,824.59,0.6624,1555.45
578.42,74.16,703.12,0.7274,1345.72
316.58,10.08,475.48,0.1237,822.45
478.67,176.21,754.56,0.4888,1418.44
935.5,0.75,69.25,0.216,1021.9
636.42,219.02,605.95,0.4624,1475.83
185.22,829.22,223.28,0.357,1219.64
750.82,147.21,466.03,0.92,1353.43
898.77,960.46,56.94,0.6407,1870.58
443.97,54.82,337.02,0.7355,844.6
439.2,200.08,539.07,0.3127,1177.85
3.77,90.59,617.75,0.8799,723.9
345.98,156.94,404.19,0.2362,889.08
842.22,1.93,63.07,0.2985,914.71
47.11,39.52,746.84,0.3831,838.71
961.61,348.31,612.43,0.9245,1897.17
936.42,3.53,31.93,0.4688,970.06
313.33,0.75,17.15,0.4023,324.31
678.15,131.48,184.76,0.9053,990.39
34.72,26.58,409.3,0.8506,480.49
395.59,275.01,652.24,0.2184,1300.82
241.3,571.83,798.81,0.8553,1643.43
355.28,131.07,791.26,0.6631,1306.44
87.89,149.05,732.39,0.5278,949.21
351.84,0.29,792.82,0.6768,1141.51
162.77,12.76,489.13,0.1335,646.5
323.85,4.77,306.33,0.8985,625.46
621.65,440.44,747.84,0.573,1832.26
97.66,464.35,218.55,0.1945,774.6
665.02,207.55,621.79,0.3683,1491.57
498.36,160.71,304.03,0.9309,989.08
35.5,723.58,374.58,0.5785,1129.32
32.36,0.83,257.38,0.7998,306.94
111.09,267.67,842.64,0.329,1214.83
466.48,41.48,734.0,0.1415,1272.29
203.96,98.22,474.3,0.6119,780.45
804.51,775.22,796.58,0.5666,2387.72
906.57,1.23,636.16,0.5616,1511.08
196.16,26.32,825.02,0.134,1060.43
720.68,16.98,624.77,0.8596,1392.15
691.44,887.63,227.11,0.874,1809.69
727.43,0.11,476.07,0.0992,1169.0
839.2,639.81,832.79,0.6983,2269.36
999.91,42.87,783.4,0.7258,1829.54
672.05,0.0,516.01,0.1353,1221.86
210.78,611.65,711.97,0.6537,1522.09
428.03,443.74,349.6,0.7295,1206.37
818.86,456.64,685.84,0.4177,1986.98
509.66,19.51,422.47,0.4102,957.26
15.1,280.32,666.97,0.3287,976.37
219.62,225.95,734.47,0.6981,1171.65
856.99,412.76,230.24,0.7142,1467.19
263.27,54.6,359.46,0.0624,674.12
683.79,52.05,569.44,0.6394,1254.89
427.01,207.37,645.86,0.6585,1285.64
794.26,280.95,602.02,0.3073,1663.38
563.68,602.66,141.39,0.4006,1299.65
907.7,649.7,549.72,0.7141,2116.31
171.93,115.61,859.27,0.3866,1139.2
943.04,1.04,46.75,0.6081,981.85
664.39,61.7,459.56,0.9192,1145.77
678.05,990.13,358.42,0.0582,1995.38
641.94,44.61,658.37,0.7382,1307.97
193.57,316.4,383.83,0.1628,917.63
6.65,0.52,605.59,0.8938,621.27
481.24,335.26,531.37,0.2587,1352.34
478.32,20.07,846.17,0.3004,1366.97
328.21,109.59,635.33,0.7354,1062.39
548.08,260.11,31.52,0.732,841.09
640.01,8.41,443.36,0.5619,1117.02
684.26,0.06,455.88,0.1036,1115.37
891.8,90.78,883.33,0.7289,1897.54
875.44,628.75,297.03,0.7904,1754.03
847.6,103.22,7.51,0.8725,935.98
686.71,673.38,865.38,0.7398,2201.62
178.4,369.16,451.43,0.5232,995.2
758.78,17.72,285.55,0.2668,1059.85
464.08,211.15,478.81,0.8131,1146.42
980.06,212.63,452.19,0.1058,1657.17
335.59,197.33,314.26,0.3284,885.0
851.2,530.57,292.05,0.3923,1739.08
385.88,0.07,452.92,0.5279,830.03
53.4,83.96,865.89,0.8869,996.89
370.01,6.17,877.7,0.8233,1243.82
425.69,218.15,547.9,0.6306,1171.28
154.63,716.36,248.92,0.5464,1101.51
697.71,43.21,103.56,0.8107,836.23
239.73,0.5,458.49,0.5952,696.24
84.58,587.66,55.94,0.9335,751.79
570.19,327.11,473.97,0.8076,1368.99
580.13,0.0,574.97,0.7603,1169.52
544.22,40.11,322.86,0.38,888.22
700.21,209.64,689.6,0.4818,1580.77
867.37,125.33,269.59,0.4265,1262.91
224.53,225.15,14.69,0.3296,465.19
213.13,993.54,565.0,0.6162,1766.82
766.38,336.29,753.84,0.2806,1838.03
535.47,44.87,235.96,0.0655,784.92
456.44,515.62,617.07,0.356,1533.89
154.71,26.67,297.8,0.0746,481.56
427.63,28.5,668.71,0.5294,1128.65
680.73,715.72,649.2,0.7526,2041.65
104.84,112.5,487.51,0.2758,720.54
369.46,73.99,559.03,0.3126,970.97
333.05,11.04,556.53,0.3894,880.89
360.65,189.07,3.27,0.5849,548.2
765.49,752.73,478.07,0.0719,1979.86
105.72,0.36,575.72,0.6502,696.05
151.73,5.71,270.94,0.4179,415.42
890.13,0.02,434.92,0.9041,1288.0
324.7,250.73,724.15,0.2548,1312.22
969.54,713.95,796.79,0.5975,2537.64
232.33,530.7,692.49,0.4376,1482.45
244.93,608.97,562.63,0.0908,1430.51
686.79,379.52,331.52,0.2558,1407.31
977.77,60.67,364.35,0.2015,1401.04
978.9,125.23,636.38,0.8972,1767.35
880.55,748.77,550.01,0.8306,2168.49
991.71,683.16,484.16,0.0522,2064.81
534.25,839.49,379.83,0.6348,1753.69
155.69,48.64,787.7,0.4966,984.7
543.44,102.67,322.87,0.9162,956.28
952.35,640.76,39.58,0.8295,1609.12
940.94,140.48,270.62,0.65,1363.3
991.08,11.11,667.49,0.243,1680.2
165.47,452.83,110.12,0.706,716.51
734.43,19.42,790.52,0.7668,1575.4
972.41,5.64,7.29,0.2858,969.06
171.7,166.88,95.98,0.6091,415.82
395.26,100.15,144.34,0.919,636.87
199.05,56.81,735.59,0.5406,1007.89
474.24,621.14,396.18,0.2603,1477.58
841.85,15.6,480.71,0.6778,1335.97
19.62,968.04,732.71,0.9019,1735.03
224.27,142.24,686.08,0.5881,1031.95
558.69,11.12,349.4,0.4582,921.73
533.33,90.46,857.52,0.239,1456.12
4.19,60.22,174.09,0.4825,228.8
390.45,0.16,208.08,0.285,586.69
423.52,8.2,547.43,0.4726,961.66
77.39,1.84,63.19,0.0886,124.74
339.72,150.32,425.03,0.8612,919.92
183.63,651.85,507.37,0.7142,1335.11
402.24,76.57,679.32,0.7907,1169.17
246.79,300.07,701.51,0.7385,1253.46
182.33,125.27,254.62,0.3336,567.35
323.09,518.02,353.7,0.2031,1208.32
350.27,32.83,179.57,0.2657,561.65
764.55,75.66,260.27,0.6117,1098.44
550.48,428.94,378.66,0.6344,1356.09
318.96,2.26,170.4,0.4918,484.4
962.65,47.24,139.55,0.8896,1137.3
251.26,298.29,649.83,0.4947,1164.97
843.13,117.89,411.07,0.7166,1341.03
922.72,234.31,491.02,0.6138,1683.59
889.96,0.05,65.09,0.0855,929.51
280.41,68.33,223.47,0.88,584.73
439.86,544.72,227.46,0.6338,1211.07
863.89,79.83,652.09,0.6267,1592.65
377.98,218.84,550.23,0.2293,1127.16
709.78,12.68,563.99,0.9146,1285.86
877.56,144.81,529.05,0.2913,1543.0
711.23,357.2,770.52,0.1496,1805.17
82.64,685.73,811.87,0.4357,1570.9
848.78,46.64,236.99,0.9208,1157.61
501.42,204.17,338.43,0.4928,1041.93
719.68,503.09,254.36,0.2888,1475.9
535.26,4.21,868.77,0.7886,1377.07
244.94,271.07,816.45,0.4473,1356.1
40.58,877.07,667.64,0.9199,1611.12
772.47,9.06,136.72,0.8749,921.22
671.94,71.93,837.18,0.5145,1585.74
761.86,43.46,845.89,0.1168,1649.42
666.86,82.26,307.89,0.7307,1061.47
869.73,5.21,729.99,0.6569,1604.36
775.44,807.76,583.26,0.4211,2179.71
406.4,312.57,301.61,0.0596,997.52
795.76,786.8,64.5,0.3429,1632.99
767.49,339.37,890.29,0.5763,2026.94
909.31,26.3,189.59,0.294,1121.23
479.4,24.21,766.78,0.9421,1256.17
682.28,343.85,46.47,0.4882,1104.61
914.08,0.65,460.5,0.4389,1370.44
959.47,776.82,130.57,0.2717,1882.58
255.65,312.84,720.18,0.4268,1320.21
150.53,8.47,650.62,0.5332,781.48
539.1,655.73,343.21,0.1046,1517.08
511.12,229.92,211.59,0.7605,948.87
197.44,0.0,620.76,0.7395,826.7
178.96,0.11,263.49,0.3973,426.76
762.23,838.76,723.12,0.3661,2336.15
974.46,314.47,289.33,0.888,1556.44
343.48,124.13,252.25,0.1534,709.88
985.05,106.59,688.57,0.239,1790.88
455.9,268.7,28.49,0.7367,760.6
548.91,11.02,322.42,0.0959,868.62
273.04,477.48,121.44,0.1982,878.16
586.23,272.01,116.22,0.6362,970.16
469.06,881.64,244.51,0.5682,1594.52
386.6,18.64,626.3,0.7363,1047.07
248.18,272.84,455.97,0.5318,1000.89
708.47,242.02,815.93,0.5904,1780.47
344.75,6.64,852.3,0.593,1168.24
998.55,18.58,635.43,0.2528,1677.36
379.23,429.21,420.72,0.3617,1240.04
838.13,9.06,413.38,0.4311,1271.86
667.32,697.24,141.9,0.695,1502.87
6.66,0.0,806.46,0.8117,825.18
649.04,3.37,678.68,0.9486,1352.02
633.93,89.31,329.77,0.299,1061.55
209.55,174.34,244.63,0.703,628.36
476.64,742.58,733.75,0.12,1962.42
829.78,41.64,443.69,0.1131,1305.78
951.46,812.29,614.62,0.0665,2391.21
595.05,12.21,586.53,0.1363,1150.54
114.69,38.17,87.92,0.3956,228.9
645.7,634.43,729.2,0.7096,1994.32
789.55,2.21,547.3,0.78,1345.12
114.55,6.21,798.3,0.8696,954.23
293.58,15.71,64.87,0.4711,372.44
245.07,274.9,186.37,0.13,708.41
727.06,6.22,529.06,0.1287,1257.19
834.92,3.17,599.57,0.0629,1447.43
242.42,11.01,453.84,0.9389,723.28
551.79,54.49,625.38,0.8867,1245.93
908.67,770.79,784.32,0.2731,2518.02
338.38,6.79,415.28,0.4832,754.44
321.15,0.51,260.66,0.7867,598.34
69.61,8.38,54.0,0.4998,138.08
778.25,555.26,447.78,0.4688,1767.59
239.89,332.4,608.71,0.1786,1171.09
477.38,757.2,146.44,0.1154,1376.98
234.44,227.35,27.63,0.0803,486.2
119.19,35.22,324.55,0.7652,477.27
771.45,126.0,487.18,0.4447,1350.88
961.04,440.61,792.76,0.5494,2166.98
744.73,43.21,595.34,0.4306,1400.53
355.78,257.48,17.67,0.5738,635.9
833.0,675.61,454.59,0.5779,1981.94
953.53,252.8,230.53,0.8527,1436.69
684.52,2.02,18.76,0.5787,703.16
688.38,220.22,293.55,0.4424,1180.12
679.92,29.79,451.48,0.4588,1169.19
358.48,1.82,153.45,0.3535,498.11
594.93,29.71,147.92,0.3933,765.52
873.33,145.98,841.25,0.3428,1861.2
852.68,261.3,622.25,0.1892,1759.8
58.15,20.36,605.62,0.7769,674.26
346.08,17.56,765.63,0.3735,1122.88
217.54,0.15,173.26,0.2158,368.97
639.33,0.28,15.09,0.4758,663.44
671.3,27.75,505.79,0.5948,1194.42
990.86,844.06,338.48,0.5842,2175.08
838.95,0.74,157.15,0.7041,1045.75
986.66,582.78,746.49,0.201,2289.85
811.47,75.95,670.49,0.6129,1517.09
797.32,300.32,571.53,0.7683,1723.75
522.11,833.2,714.46,0.8432,2060.68
375.26,791.66,226.75,0.3359,1440.11
714.47,202.03,516.59,0.6813,1405.17
261.0,443.83,469.13,0.852,1167.78
234.42,5.81,50.33,0.6516,297.25
525.96,579.72,574.57,0.6308,1644.8
965.54,120.63,866.69,0.4128,1977.55
707.83,518.22,210.78,0.9449,1449.39
50.2,1.51,507.58,0.623,556.84
449.07,481.82,551.88,0.4227,1462.28
214.74,445.07,487.68,0.7913,1137.76
190.99,113.58,442.44,0.337,719.91
299.67,208.22,479.22,0.0695,979.55
409.87,516.38,653.0,0.7616,1583.93
746.74,285.54,828.04,0.6366,1777.81
538.89,262.29,828.26,0.3034,1567.6
823.45,226.74,401.06,0.7,1448.31
386.31,71.43,76.52,0.9184,551.07
598.63,37.3,584.64,0.8843,1200.56
322.86,360.29,138.57,0.6557,840.34
810.87,339.14,10.08,0.5554,1149.76
938.63,164.94,100.76,0.7641,1205.62
554.42,670.98,279.96,0.3128,1507.02
417.46,982.68,841.86,0.5331,2261.97
799.72,45.21,415.32,0.8628,1260.96
300.95,2.09,383.84,0.4548,695.58
754.01,934.73,350.45,0.7789,2037.72
849.82,77.11,418.26,0.3217,1380.92
279.85,68.56,464.22,0.789,809.56
536.86,0.46,61.61,0.3721,601.58
225.06,859.76,194.8,0.7695,1275.59
125.49,8.49,26.99,0.0772,157.26
979.67,801.55,319.38,0.1163,2104.07
285.03,7.37,413.36,0.1226,701.51
504.08,248.8,549.11,0.0727,1282.96
185.7,37.23,655.69,0.0727,860.68
744.14,58.84,409.07,0.1428,1194.43
339.55,878.78,500.19,0.1697,1669.01
928.87,0.05,470.43,0.414,1358.58
107.29,3.49,497.74,0.4884,614.89
718.94,556.48,675.45,0.9015,1985.05
771.58,763.91,429.08,0.1567,2014.44
118.24,37.18,705.4,0.2392,849.74
827.82,39.42,458.8,0.2858,1357.86
782.54,639.42,422.38,0.5007,1868.49
283.29,433.32,851.18,0.2042,1602.97
132.63,1.32,530.45,0.3017,661.45
394.4,330.11,265.14,0.5278,983.34
71.41,6.05,475.36,0.2969,559.25
70.71,35.61,4.79,0.0549,107.5
333.56,75.77,329.18,0.1175,753.93
328.28,154.06,721.03,0.8696,1186.39
366.17,5.5,503.49,0.8348,889.91
456.59,465.4,166.94,0.0729,1089.38
949.45,383.15,303.63,0.1255,1617.51
24.3,25.27,242.55,0.2823,289.68
173.45,1.65,364.15,0.7517,537.99
665.83,277.72,137.49,0.7169,1063.08
712.78,787.4,104.21,0.1638,1558.45
971.46,115.39,135.32,0.6245,1213.81
388.89,390.59,215.05,0.7503,990.85
116.33,77.98,466.15,0.4805,649.91
790.89,158.28,201.95,0.5775,1138.0
195.31,984.13,569.63,0.3478,1756.47
414.26,462.33,686.79,0.5567,1539.33
528.31,505.69,721.47,0.5564,1803.68
734.89,579.71,478.31,0.6873,1856.47
6.49,476.69,406.53,0.9177,895.79
868.66,2.56,72.35,0.415,931.3
655.6,222.93,752.83,0.8151,1641.97
772.68,832.31,288.5,0.3723,1885.94
995.88,867.55,637.92,0.0714,2502.1
872.76,0.7,378.23,0.1335,1259.84
634.71,238.55,285.09,0.417,1156.82
88.95,338.94,447.25,0.4254,875.61
17.54,149.97,510.7,0.1506,692.54
384.97,784.0,548.66,0.5533,1694.1
538.84,0.02,753.1,0.911,1325.55
211.29,160.36,365.75,0.4469,757.99
27.75,8.14,79.33,0.4872,121.45
501.57,8.02,613.46,0.8772,1122.1
103.89,3.92,736.24,0.4245,854.62
676.75,9.68,263.32,0.6977,949.1
489.68,2.44,460.12,0.4893,939.64
352.86,12.05,423.11,0.4695,766.75
533.65,112.97,307.37,0.3076,970.92
543.22,1.32,186.07,0.4704,726.78
125.88,2.51,781.4,0.3933,924.82
366.0,353.45,469.81,0.256,1193.98
875.86,419.12,597.56,0.4488,1891.18
420.44,381.91,431.73,0.9344,1235.83
161.34,0.48,193.4,0.5366,368.57
988.13,445.11,217.99,0.9434,1629.69
651.75,0.0,225.0,0.4871,871.49
612.79,185.68,884.43,0.4435,1673.66
50.19,3.95,226.06,0.653,283.69
843.05,0.0,610.55,0.5553,1458.16
598.79,3.15,18.49,0.4761,623.4
551.15,492.3,212.03,0.3579,1223.59
387.74,467.72,11.16,0.743,856.17
700.77,166.04,219.96,0.1814,1090.37
999.67,4.48,343.95,0.2559,1353.75
703.11,819.56,358.52,0.8067,1839.32
688.04,472.85,80.67,0.762,1241.34
724.36,873.31,256.13,0.4821,1818.83
189.59,0.01,686.64,0.8519,883.19
672.42,229.29,292.08,0.2959,1213.19
397.42,991.3,748.69,0.8009,2111.58
414.85,1.81,338.7,0.9482,759.57
335.61,24.92,192.34,0.1495,545.19
366.33,78.73,344.0,0.1871,793.02
444.16,0.6,45.16,0.7646,484.57
303.22,1.01,166.11,0.8029,475.35
412.11,9.62,625.52,0.2336,1041.0
685.78,511.71,228.9,0.3386,1426.03
639.28,929.78,377.96,0.353,1955.26
353.56,1.4,445.54,0.5774,812.63
764.72,311.37,413.6,0.9044,1471.06
360.01,52.74,19.63,0.6544,439.49
223.02,453.58,609.79,0.0991,1286.64
999.95,0.0,828.23,0.7856,1812.04
556.58,16.36,147.21,0.1015,709.63
880.4,3.54,215.86,0.1841,1127.86
762.52,594.78,212.99,0.6806,1557.73
989.49,347.15,92.38,0.3239,1439.39
698.29,60.28,267.79,0.2802,993.94
87.31,48.47,146.58,0.2483,287.25
172.25,126.98,596.65,0.833,902.04
52.61,35.61,477.31,0.6951,575.33
755.86,396.93,673.82,0.6488,1877.71
586.32,21.09,824.6,0.0969,1438.4
871.04,37.57,228.17,0.1506,1128.4
188.85,204.44,515.2,0.1667,903.52
917.35,807.18,134.07,0.7909,1889.51
961.33,14.96,518.58,0.5323,1500.82
75.7,142.64,405.36,0.9357,618.07
955.53,336.05,214.96,0.6469,1526.17
295.04,198.39,91.47,0.1818,584.45
518.94,78.64,33.43,0.7759,626.32
913.46,13.4,597.98,0.4613,1530.78
609.36,0.03,48.47,0.6453,640.68
882.29,92.97,888.35,0.0686,1880.74
219.51,6.8,437.14,0.6369,646.79
451.02,9.03,33.17,0.638,480.34
503.7,92.26,453.78,0.1515,1063.14
860.25,1.5,693.36,0.4269,1540.28
504.26,10.87,369.83,0.1599,881.77
30.57,885.06,890.96,0.0855,1790.12
487.42,268.23,155.15,0.2414,908.29
49.49,151.9,794.74,0.9383,991.98
370.28,454.42,811.72,0.4849,1668.47
427.0,91.19,519.96,0.4391,1037.44
874.21,869.23,490.32,0.76,2199.27
693.72,29.28,154.95,0.4886,871.45
291.45,11.25,446.9,0.4965,756.11
121.57,85.87,40.31,0.7708,247.19
990.67,140.08,763.99,0.4632,1854.65
838.98,0.1,534.66,0.8927,1371.27
252.41,1.15,452.92,0.6234,706.53
338.16,79.22,750.39,0.8995,1154.67
637.01,560.88,570.65,0.8498,1777.63
246.98,219.41,502.75,0.3548,978.96
832.32,497.4,25.67,0.7029,1348.91
363.89,492.54,745.98,0.8251,1581.69
377.7,0.03,657.5,0.4295,1060.67
794.1,0.29,849.43,0.4973,1660.36
136.27,43.1,412.47,0.896,601.59
548.08,2.34,201.23,0.5969,756.58
286.67,300.73,727.48,0.0807,1293.89
526.77,752.16,333.82,0.3099,1635.04
209.55,122.83,264.49,0.5845,587.51
238.38,267.58,653.42,0.8776,1189.25
947.63,10.13,475.82,0.4654,1393.14
231.64,2.21,394.77,0.6627,643.18
674.05,271.82,143.93,0.7625,1074.14
68.24,16.61,239.35,0.1695,321.19
891.28,90.93,372.87,0.7791,1404.03
318.02,8.69,78.76,0.2289,400.05
563.91,203.72,330.85,0.4924,1107.98
416.4,36.32,226.31,0.2404,660.84
72.29,4.09,532.39,0.7762,611.8
9.49,298.37,36.29,0.3488,333.28
755.79,461.74,375.53,0.8364,1594.12
474.45,62.33,557.22,0.413,1101.1
840.59,59.05,21.66,0.5414,908.96
320.2,96.61,724.19,0.7231,1168.52
728.2,28.99,443.56,0.114,1176.54
160.6,423.66,829.9,0.6055,1405.52
623.18,20.86,791.08,0.7077,1398.68
440.53,371.09,835.6,0.3185,1654.18
688.08,13.71,224.86,0.242,918.63
310.58,2.15,226.6,0.3749,534.53
436.13,32.09,104.72,0.5548,565.9
614.7,182.19,344.86,0.5281,1130.36
290.51,866.74,19.66,0.3517,1191.9
810.71,0.17,324.5,0.6688,1112.46
934.32,491.11,593.63,0.5947,2063.55
502.11,0.0,668.21,0.5216,1189.66
450.36,4.29,590.36,0.8735,1032.27
181.64,11.93,126.66,0.5566,311.61
984.59,4.81,44.78,0.3507,1021.53
825.08,234.61,885.16,0.4099,1925.02
910.92,189.3,459.83,0.4559,1548.99
367.85,34.5,321.43,0.2983,722.63
750.84,884.91,105.75,0.8393,1779.24
518.68,1.55,123.49,0.7839,643.65
241.35,787.32,776.37,0.3908,1778.73
354.84,332.71,293.98,0.4779,1001.54
942.56,93.37,809.62,0.3971,1919.46
212.48,15.06,625.69,0.7512,843.96
640.15,30.14,811.0,0.6729,1437.94
772.29,102.91,605.98,0.1755,1537.18
599.16,5.2,739.1,0.3903,1326.83
826.6,19.76,8.31,0.1102,834.99
291.71,0.01,419.56,0.5749,714.55
890.7,0.02,885.65,0.5649,1775.52
475.02,40.79,363.41,0.38,867.67
329.32,404.08,244.56,0.7181,961.27
972.53,46.97,867.48,0.0952,1831.53
259.86,685.71,659.89,0.2964,1608.06
820.21,621.29,234.47,0.0714,1688.08
372.18,11.79,870.47,0.7182,1243.9
457.76,74.94,352.41,0.6569,885.96
539.28,241.51,135.27,0.7983,906.95
958.6,49.55,823.5,0.1373,1798.06
777.06,82.01,68.25,0.7747,924.89
633.17,84.4,204.01,0.1209,935.97
254.67,91.77,513.92,0.7524,865.67
767.05,1.96,735.7,0.8635,1497.4
42.73,123.53,801.0,0.7634,970.78
715.6,617.8,54.04,0.228,1359.88
813.88,6.12,724.2,0.2556,1535.35
517.73,455.32,389.6,0.2328,1387.22
926.72,243.21,778.21,0.0698,1965.91
385.47,360.14,295.85,0.0622,1058.56
594.45,311.45,749.63,0.9498,1659.64
305.49,831.26,610.35,0.8552,1760.9
142.0,316.87,122.09,0.8331,584.14
442.62,2.12,253.1,0.3044,690.71
146.15,225.35,34.36,0.4765,397.27
246.59,985.44,411.88,0.7286,1638.82
34.13,0.39,263.21,0.3236,301.92
334.73,1.8,797.71,0.3239,1152.47
914.29,819.85,509.44,0.3437,2227.58
972.4,426.36,520.73,0.1996,1918.01
235.18,5.67,360.54,0.4098,599.82
384.95,0.05,433.45,0.3208,845.5
419.12,66.27,770.3,0.717,1263.89
634.36,681.6,568.38,0.076,1880.2
574.55,708.0,464.21,0.2627,1725.2
422.79,172.68,238.32,0.347,849.59
488.34,610.18,865.37,0.779,1958.62
198.29,520.2,554.15,0.3363,1262.03
575.62,476.19,456.44,0.6013,1492.33
345.9,374.29,344.26,0.415,1053.25
796.63,567.51,141.52,0.6677,1542.07
243.77,6.92,199.87,0.406,439.25
206.45,247.6,715.39,0.4396,1167.5
598.77,569.97,552.12,0.8108,1725.35
223.52,276.34,338.4,0.2277,833.29
403.57,601.6,869.13,0.0744,1823.65
720.32,468.69,166.75,0.2089,1379.22
152.72,368.65,812.4,0.9061,1357.95
517.02,6.81,302.73,0.2989,825.01
18.03,18.69,121.61,0.0855,161.6
641.29,741.48,185.48,0.1183,1513.44
517.42,765.91,420.02,0.8311,1736.06
994.02,70.04,780.35,0.0829,1814.79
588.09,0.0,503.36,0.2938,1092.14
748.74,246.22,670.59,0.3625,1691.35
537.0,131.31,563.56,0.5034,1243.91
316.05,217.8,266.68,0.0504,809.79
879.4,606.24,861.76,0.4523,2354.02
998.67,225.11,817.29,0.3716,2036.5
779.69,284.89,218.42,0.7986,1267.72
754.08,159.46,95.81,0.4436,1008.04
926.74,586.32,285.42,0.5993,1814.02
656.2,81.61,366.62,0.7498,1093.5
45.36,0.01,470.04,0.7002,510.54
291.23,108.46,744.23,0.3572,1128.67
847.56,18.98,889.45,0.2779,1753.6
929.28,17.92,383.67,0.4369,1323.36
369.3,151.7,565.23,0.3229,1100.98
207.2,17.7,70.47,0.8242,291.96
291.72,302.07,326.63,0.4958,892.94
271.52,912.11,8.55,0.341,1196.88
461.95,122.3,524.15,0.7361,1122.81
60.12,37.18,411.33,0.7859,511.79
631.01,38.0,404.15,0.5617,1104.09
205.88,456.12,748.79,0.2855,1407.79
516.13,211.73,777.42,0.5881,1467.16
472.19,0.25,143.17,0.6314,615.74
471.08,409.05,561.99,0.7106,1436.99
929.53,48.5,639.79,0.4239,1633.25
549.73,0.65,43.05,0.3006,586.37
245.53,970.51,25.32,0.8314,1239.66
755.57,751.15,529.09,0.4985,2038.12
973.08,0.53,509.21,0.4842,1504.47
105.57,263.45,270.48,0.7349,649.79
839.35,0.0,796.07,0.4844,1622.15
9.15,782.28,488.95,0.1097,1313.99
281.01,6.24,60.64,0.5156,343.14
300.37,335.55,760.35,0.4587,1412.37
106.67,387.45,662.94,0.5516,1161.5
543.76,4.51,76.57,0.5368,612.77
802.99,8.56,838.86,0.5639,1657.22
167.16,513.44,591.76,0.2164,1270.43
386.08,994.17,885.91,0.5821,2259.88
476.68,18.68,696.07,0.503,1199.18
45.21,0.62,193.16,0.4444,234.06
849.43,473.67,570.97,0.0783,1870.98
984.89,124.07,496.6,0.0924,1606.44
605.62,646.85,685.09,0.8028,1925.05
625.99,150.47,322.5,0.778,1085.45
540.03,996.7,254.66,0.4316,1733.08
336.21,717.58,242.22,0.8026,1313.48
542.17,948.76,420.31,0.3237,1906.53
501.88,107.06,803.23,0.7138,1419.46
181.9,0.39,223.1,0.9284,416.7
997.54,255.46,442.14,0.8137,1711.48
54.94,5.55,720.07,0.5723,791.49
758.19,110.84,424.72,0.8748,1327.05
649.22,257.04,247.67,0.9486,1161.12
318.16,40.77,881.31,0.5896,1272.25
88.26,0.03,141.33,0.4642,234.42
984.7,21.49,751.04,0.8176,1787.33
226.82,361.72,865.91,0.5277,1454.78
30.66,492.51,229.99,0.2291,739.93
671.84,69.88,727.92,0.1322,1501.65
868.34,618.76,151.74,0.5883,1670.86
798.83,639.61,835.53,0.1512,2300.14
795.44,499.57,91.44,0.8225,1400.06
924.15,0.24,545.87,0.9359,1460.8
114.85,0.72,515.27,0.7043,628.72
582.25,28.29,91.17,0.642,695.86
258.25,858.69,509.86,0.7539,1691.46
154.95,806.63,518.21,0.6336,1475.97
771.06,840.43,296.94,0.8156,1950.78
425.99,720.75,524.8,0.0849,1718.43
719.33,34.25,216.92,0.7714,964.61
694.17,332.04,1.4,0.5559,1016.74
909.74,402.44,661.22,0.7162,2018.01
106.07,90.36,629.48,0.9436,824.2
908.54,0.45,270.8,0.4197,1156.56
833.35,83.26,691.67,0.8453,1612.18
384.12,0.0,656.26,0.9161,1072.91
936.19,944.18,596.39,0.623,2504.12
973.74,242.87,20.28,0.7341,1259.1
509.23,242.78,332.58,0.1568,1077.3
477.07,931.85,70.66,0.8317,1500.27
210.24,25.58,7.75,0.5374,238.86
751.93,24.57,318.39,0.3172,1093.57
158.53,367.84,524.27,0.3096,1051.05
723.95,0.86,195.12,0.3676,919.18
817.97,0.56,500.36,0.8028,1312.91
462.61,710.38,660.83,0.5081,1842.33
178.04,13.27,527.69,0.5424,720.27
197.32,139.56,549.23,0.8219,892.61
278.13,978.52,56.1,0.4894,1317.31
549.53,195.3,241.45,0.711,980.35
465.7,648.73,31.24,0.8073,1120.26
850.12,0.67,572.66,0.117,1410.63
77.33,2.92,482.41,0.722,561.59
6.63,77.56,382.88,0.4443,473.8
971.69,22.61,513.15,0.8088,1517.68
14.89,43.54,633.17,0.2181,688.31
52.04,302.34,450.03,0.6823,801.19
952.07,195.32,601.76,0.7838,1735.93
159.95,3.92,141.67,0.1285,299.19
348.43,1.47,641.07,0.38,1007.2
928.71,608.8,532.66,0.4978,2035.2
481.05,70.37,453.33,0.4145,1011.49
570.2,0.6,188.67,0.4616,762.76
939.37,182.68,515.59,0.5291,1642.92
455.99,185.09,779.58,0.3602,1454.47
148.59,31.81,454.96,0.9363,629.91
48.86,19.91,549.05,0.9089,617.01
786.51,236.15,867.06,0.5787,1915.85
983.67,173.53,213.18,0.9046,1355.53
807.81,65.24,864.58,0.7592,1735.8
765.6,549.79,769.06,0.5499,2065.53
968.82,187.53,7.76,0.0604,1157.82
46.04,318.17,801.87,0.5547,1181.06
928.65,129.43,160.92,0.4213,1220.9
575.43,176.74,37.28,0.4279,775.58
170.39,945.95,24.21,0.2864,1146.26
255.86,29.98,432.12,0.8271,724.02
202.08,8.49,76.41,0.1837,276.13
230.57,0.47,863.06,0.1197,1107.11
265.92,169.05,1.28,0.0565,441.49
703.97,919.62,406.81,0.6621,1991.57
939.41,176.95,247.04,0.6847,1381.02
848.41,515.45,82.93,0.4686,1461.59
984.48,3.2,413.16,0.7077,1382.67
893.25,352.84,122.91,0.6667,1373.5
121.07,897.57,456.55,0.5318,1481.1
201.04,209.45,293.37,0.8419,707.26
756.52,4.88,424.12,0.9163,1167.05
324.57,10.44,64.8,0.1183,403.04
411.59,177.14,476.94,0.4338,1039.07
827.58,60.29,458.21,0.8471,1333.58
352.9,215.47,401.87,0.5521,985.7
489.9,877.96,846.77,0.6756,2191.22
757.09,6.69,618.06,0.9411,1375.16
805.68,335.34,33.53,0.0666,1215.08
306.03,111.1,296.29,0.2285,697.75
437.68,25.01,869.15,0.8999,1378.66
236.49,1.79,533.78,0.5405,772.1
649.44,43.89,422.58,0.7029,1113.19
886.43,1.45,487.42,0.8986,1344.63
749.55,259.03,455.61,0.1931,1419.33
333.91,748.82,12.42,0.5931,1115.0
45.61,191.94,487.97,0.1003,733.94
415.64,87.31,48.03,0.4036,532.94
717.88,477.48,147.6,0.1525,1320.97
449.7,401.81,205.41,0.1957,1066.41
746.69,147.91,751.54,0.0594,1628.6
427.02,4.29,321.73,0.4915,751.57
908.57,50.77,787.23,0.5756,1712.8
591.19,472.93,195.12,0.1349,1285.57
258.54,101.5,217.22,0.6268,592.7
503.93,48.65,549.71,0.8101,1115.31
133.83,188.93,393.99,0.5386,707.89
607.02,863.96,194.57,0.2684,1721.0
979.27,98.24,433.84,0.5589,1503.58
725.92,144.82,661.53,0.7413,1560.98
692.49,159.56,860.7,0.5375,1730.42
113.29,267.4,101.28,0.6533,486.98
634.81,81.86,737.3,0.1604,1476.36
424.34,42.92,82.13,0.438,556.39
733.67,7.83,254.97,0.454,976.42
375.91,382.12,795.36,0.2158,1558.28
176.17,511.06,325.25,0.6082,1014.92
249.23,256.53,489.36,0.6451,975.2
102.22,604.35,258.15,0.6626,951.98
186.74,65.19,104.78,0.1477,352.95
649.26,34.92,503.1,0.6074,1182.42
344.08,187.28,317.7,0.3136,829.75
732.42,403.04,533.6,0.7418,1677.54
158.32,439.93,246.02,0.2297,826.31
438.05,160.42,254.78,0.3718,864.92
257.7,69.63,329.2,0.5624,650.35
911.91,66.67,375.96,0.5667,1358.57
80.06,920.1,691.31,0.4619,1654.62
962.98,8.06,847.61,0.2181,1874.79
14.26,355.99,27.5,0.4657,396.59
42.67,495.01,828.02,0.6912,1350.45
155.54,214.42,447.89,0.8209,832.91
915.92,751.72,309.12,0.7211,1982.79
365.61,464.68,0.48,0.4342,828.87
364.59,689.77,587.05,0.5326,1601.17
749.78,14.44,721.71,0.5122,1440.92
976.6,64.05,32.15,0.879,1074.86
455.87,138.96,684.37,0.1204,1227.77
701.43,28.46,713.95,0.2136,1422.06
933.59,288.36,307.89,0.4307,1533.33
207.74,30.31,397.66,0.7545,640.16
115.78,737.65,869.54,0.5321,1693.61
193.56,650.3,780.57,0.1881,1561.96
208.2,91.31,297.67,0.8337,610.45
821.79,224.2,437.99,0.6545,1486.58
541.52,6.92,705.34,0.8296,1291.1
938.93,2.97,196.1,0.6911,1142.0
510.29,319.6,188.69,0.4114,1033.98
362.73,329.64,857.45,0.7372,1543.17
314.59,4.74,667.46,0.4509,972.74
305.65,9.07,451.74,0.154,753.21
244.43,3.35,432.09,0.5808,681.39
284.78,189.82,523.11,0.1998,992.02
606.42,155.98,852.29,0.5885,1636.8
743.73,0.01,633.81,0.7814,1388.71
274.63,0.89,177.33,0.2769,453.61
457.0,843.89,66.04,0.3568,1403.84
753.66,816.65,390.17,0.8607,1931.19
357.41,1.07,872.62,0.7787,1208.98
442.02,9.38,302.65,0.4636,754.5
113.08,366.24,654.68,0.9404,1141.03
989.84,0.26,835.81,0.768,1857.55
353.16,3.02,61.81,0.374,414.22
757.57,16.67,251.27,0.216,1009.4
149.39,144.75,323.0,0.5611,616.97
860.78,65.53,234.81,0.3316,1147.68
368.72,104.04,777.53,0.9459,1269.64
134.56,173.63,538.89,0.7546,863.03
471.36,46.42,657.63,0.6386,1201.25
586.81,775.96,870.63,0.0835,2218.79
981.83,215.42,254.88,0.4473,1490.34
104.05,755.32,289.14,0.5441,1175.08
889.45,6.53,152.44,0.1743,1038.01
319.65,385.35,136.7,0.2453,840.3
23.35,16.0,417.96,0.551,456.57
392.41,178.03,773.56,0.703,1315.79
776.6,25.21,861.17,0.6707,1676.95
785.34,0.0,127.22,0.5659,944.6
897.03,150.8,241.45,0.4903,1310.43
680.36,229.24,170.52,0.3841,1091.6
944.24,61.97,649.91,0.4297,1654.04
633.08,885.83,289.69,0.4494,1833.42
629.53,52.9,107.71,0.6078,780.82
123.6,215.44,759.62,0.5373,1107.48
492.39,12.54,138.97,0.2573,644.46
291.84,163.52,723.33,0.1388,1156.67
736.51,0.03,186.25,0.4388,942.5
523.99,2.89,525.2,0.3888,1063.71
503.91,256.99,864.4,0.7029,1630.84
911.92,33.85,508.94,0.9242,1449.02
130.63,879.72,317.56,0.2769,1328.13
352.5,69.58,194.11,0.0841,625.82
277.0,75.6,743.91,0.2429,1088.53
926.0,67.13,880.97,0.6237,1826.27
294.96,281.03,142.95,0.8721,729.47
158.62,148.31,150.61,0.3021,456.8
146.9,0.07,337.42,0.2365,486.58
0.22,271.78,489.03,0.521,760.07
542.25,130.0,401.73,0.3558,1098.47
97.03,61.28,441.33,0.737,605.77
769.94,473.27,294.1,0.4965,1512.2
72.45,624.48,738.47,0.1263,1437.3
845.19,0.06,351.56,0.2697,1170.74
153.89,0.04,18.9,0.9038,177.35
218.1,245.36,574.68,0.1363,1029.46
458.59,11.2,724.81,0.9191,1187.45
205.95,48.28,794.67,0.7393,1050.74
902.89,12.54,777.2,0.8756,1667.93
406.8,748.32,32.17,0.3055,1214.72
383.63,406.98,361.46,0.5527,1160.69
33.04,0.26,40.43,0.7787,67.24
332.28,172.28,481.91,0.6038,989.48
493.23,301.05,262.73,0.4606,1045.64
354.68,990.47,812.67,0.6577,2109.89
872.56,46.15,476.76,0.3684,1395.91
607.73,176.83,406.29,0.5652,1181.12
514.65,8.75,217.44,0.2127,729.04
477.22,0.2,298.48,0.4813,766.86
355.48,162.52,815.1,0.3403,1330.96
674.39,881.73,889.64,0.4667,2410.77
673.77,526.29,500.73,0.3664,1676.83
441.49,8.49,382.41,0.7909,823.45
255.18,342.87,314.67,0.2184,921.06
866.73,177.65,26.8,0.4952,1085.7
261.16,788.85,861.12,0.715,1881.66
99.07,0.16,43.51,0.9254,150.73
731.1,30.86,688.25,0.7848,1454.37
338.05,121.44,46.66,0.0717,515.27
455.99,123.75,546.72,0.346,1127.55
22.71,2.07,835.07,0.8387,874.19
554.22,394.14,231.46,0.0644,1182.05
774.75,392.64,152.55,0.5601,1283.76
614.49,112.08,513.05,0.3332,1242.36
515.38,5.06,17.15,0.6433,529.49
530.89,0.01,240.58,0.0864,781.45
729.98,246.67,148.04,0.1591,1110.53
849.51,23.08,895.76,0.5493,1829.36
240.74,854.32,830.46,0.2037,1944.92
350.04,3.21,328.22,0.1234,689.79
599.67,36.61,282.68,0.0823,928.53
250.56,106.02,455.63,0.7589,811.8
970.67,252.5,321.5,0.8328,1555.08
187.66,180.45,110.5,0.3608,473.66
78.28,10.43,559.78,0.4939,652.03
571.23,7.47,614.05,0.5398,1189.54
554.1,1.43,606.86,0.2533,1166.24
187.54,112.64,640.45,0.3837,960.21
439.36,650.46,720.53,0.884,1806.36
445.26,187.08,496.54,0.9397,1117.66
533.49,269.14,862.33,0.2218,1646.69
352.77,42.31,202.19,0.3688,596.05
170.85,4.8,259.18,0.057,434.85
201.26,665.58,340.61,0.4593,1194.13
25.31,353.98,455.24,0.6229,818.28
129.5,307.84,633.97,0.4579,1079.4
172.06,74.24,607.66,0.5449,833.7
53.2,50.96,100.9,0.1761,196.42
475.44,272.22,312.62,0.1349,1062.45
16.77,642.87,868.07,0.1849,1511.42
263.54,268.25,341.71,0.6068,853.44
860.72,656.21,238.17,0.7492,1793.41
180.34,29.35,313.27,0.5571,519.47
398.8,566.18,47.99,0.8305,1038.43
364.02,233.6,387.58,0.1475,955.18
353.18,597.15,700.85,0.7336,1643.56
833.68,109.19,786.87,0.4021,1719.43
300.52,377.6,892.67,0.3386,1591.46
745.14,112.18,251.87,0.9231,1086.15
874.33,0.14,580.29,0.3686,1475.57
662.24,23.97,316.21,0.7205,999.39
372.95,7.4,447.28,0.2402,833.54
790.29,26.67,504.46,0.4844,1334.51
747.46,24.35,534.64,0.825,1312.99
387.28,150.79,797.87,0.6208,1320.35
409.17,430.46,154.91,0.6939,987.13
90.1,584.74,518.65,0.6009,1155.54
914.16,163.27,688.71,0.5335,1775.7
785.82,975.33,536.26,0.3742,2305.79
652.17,230.88,668.75,0.5043,1521.59
983.51,367.89,685.44,0.6802,2046.56
638.65,959.67,593.03,0.092,2118.21
275.59,313.73,146.53,0.8539,730.29
837.91,769.68,892.9,0.0645,2547.73
790.76,781.47,463.69,0.2669,2063.16
404.37,498.18,840.65,0.4633,1702.66
692.37,98.79,96.51,0.5049,883.99
128.76,689.76,107.86,0.8925,923.59
189.38,363.38,858.79,0.1041,1409.67
597.12,838.0,383.41,0.5726,1870.01
125.95,0.01,605.15,0.8397,728.27
581.98,407.26,268.9,0.3952,1264.13
335.96,19.41,79.44,0.5949,448.54
959.24,208.19,213.08,0.1023,1383.42
746.48,213.67,406.45,0.0872,1344.9
125.28,435.24,802.97,0.8822,1345.15
431.69,219.73,406.1,0.6443,1056.86
108.26,3.62,577.08,0.7706,688.21
341.7,10.98,851.11,0.3474,1211.07
731.59,1.6,257.01,0.8594,996.06
492.39,265.42,572.45,0.2713,1288.12
339.59,71.47,100.36,0.522,521.66
503.08,435.64,303.14,0.5865,1270.63
941.5,411.91,223.04,0.1319,1585.23
149.67,353.82,8.32,0.2859,510.03
28.25,15.97,703.44,0.817,760.5
713.64,601.98,73.24,0.7787,1369.47
715.59,68.39,464.0,0.1889,1246.35
718.7,241.68,748.93,0.1244,1695.31
317.34,210.87,9.54,0.307,524.71
437.15,786.54,41.13,0.878,1276.1
882.83,497.72,384.15,0.452,1773.1
502.45,127.45,682.94,0.5625,1318.87
226.92,462.03,455.76,0.1403,1126.03
395.8,21.52,102.42,0.2244,520.85
721.12,234.45,866.85,0.1996,1796.79
639.37,171.44,490.15,0.1337,1301.95
721.88,354.29,25.69,0.7979,1106.32
217.15,181.55,236.56,0.8007,630.3
830.32,285.2,166.94,0.829,1268.48
635.48,124.26,566.11,0.653,1297.85
400.97,819.65,695.73,0.1193,1884.64
62.67,320.65,303.22,0.2942,699.57
79.1,903.77,860.64,0.2033,1860.52
957.35,1.82,12.21,0.4722,958.06
481.98,136.53,678.36,0.6185,1293.96
502.02,829.32,266.72,0.2213,1585.8
787.52,26.46,585.98,0.3914,1403.73
743.3,6.51,555.51,0.5633,1287.76
913.46,2.92,231.49,0.178,1123.72
608.43,826.39,867.15,0.8638,2298.16
506.61,12.73,387.39,0.4334,914.07
694.93,407.92,665.98,0.542,1792.42
838.75,41.84,468.84,0.1865,1383.15
470.11,678.11,272.55,0.3237,1395.41
766.36,271.07,79.96,0.3202,1099.82
600.73,490.1,894.06,0.2795,1997.19
422.9,309.1,646.45,0.797,1388.92
840.99,300.82,17.3,0.9255,1161.05
75.56,87.05,481.18,0.4709,646.05
116.86,535.44,436.5,0.1195,1111.1
894.12,32.17,454.49,0.2692,1378.49
248.81,50.75,245.88,0.4533,536.1
534.74,10.62,152.0,0.3646,681.66
355.92,428.71,880.93,0.8995,1612.44
930.56,643.87,25.44,0.9242,1622.07
741.94,219.76,891.08,0.2258,1846.27
904.28,124.9,268.31,0.4503,1319.46
742.52,163.62,99.22,0.6725,1003.95
988.81,138.21,552.92,0.9494,1683.12
486.41,167.32,814.31,0.8931,1445.79
347.56,477.47,143.34,0.4078,964.09
838.48,0.12,491.56,0.9448,1343.62
803.22,2.46,116.46,0.2537,923.72
626.52,574.89,257.08,0.2073,1444.41
34.82,115.75,862.86,0.6338,1012.23
196.18,96.99,495.18,0.5015,784.54
966.54,7.23,358.39,0.1837,1322.73
95.92,44.59,348.35,0.7045,487.84
506.24,467.63,365.47,0.3044,1342.92
394.18,435.57,540.44,0.2464,1404.52
88.66,3.8,163.33,0.6652,259.45
882.08,0.78,843.0,0.0545,1736.18
130.6,0.01,241.82,0.3529,389.03
898.24,57.41,226.21,0.3022,1180.38
54.01,81.99,198.57,0.3712,334.86
780.92,16.05,810.61,0.6858,1598.1
65.42,5.1,468.67,0.7933,539.95
400.47,765.93,384.11,0.2032,1521.38
850.1,110.52,705.28,0.5652,1629.87
248.82,2.57,90.85,0.6001,338.63
685.19,737.52,815.86,0.9014,2245.17
478.03,42.09,70.93,0.8924,591.48
153.98,0.61,220.16,0.8188,384.61
250.16,590.75,529.29,0.3105,1354.31
399.08,2.92,584.82,0.0804,982.27
757.27,40.59,445.39,0.4234,1224.31
490.77,849.74,702.7,0.7483,2008.07
676.45,62.39,91.57,0.5032,836.54
123.16,105.91,228.6,0.4573,464.36
677.34,269.0,386.51,0.2764,1342.57
197.39,902.81,207.0,0.4332,1306.41
670.95,424.01,346.85,0.5155,1435.05
114.91,86.29,170.42,0.0915,372.77
249.0,179.07,690.12,0.8967,1098.57
878.79,136.62,381.53,0.4551,1416.04
589.39,413.93,58.47,0.9265,1063.47
602.66,527.24,76.04,0.0614,1233.19
213.32,1.18,842.14,0.3878,1091.44
931.24,7.58,62.3,0.0853,994.33
178.27,732.73,835.87,0.4478,1766.35
407.93,579.58,130.28,0.1857,1110.7
582.83,361.42,891.45,0.0868,1904.51
307.9,0.07,712.69,0.4333,997.46
452.25,49.08,123.82,0.8519,636.03
578.51,930.13,257.92,0.4796,1839.5
256.73,11.41,99.63,0.0704,358.96
679.17,0.42,691.02,0.4346,1349.59
312.18,286.51,680.45,0.1266,1280.95
588.24,274.0,474.03,0.134,1315.72
176.65,133.33,811.2,0.4741,1111.25
505.26,38.52,835.86,0.4335,1355.71
481.8,13.16,596.93,0.067,1096.0
892.03,164.25,222.8,0.2069,1297.58
214.42,133.44,776.64,0.7377,1129.13
703.52,0.0,291.68,0.3869,1011.21
654.82,973.37,159.34,0.6541,1774.02
332.41,539.61,64.51,0.0679,940.75
439.7,69.84,528.01,0.7113,1036.88
738.27,140.58,397.63,0.1678,1298.8
656.71,12.2,618.63,0.5339,1293.79
615.09,11.05,874.49,0.444,1469.55
102.87,680.38,612.36,0.1395,1388.29
260.74,113.4,374.74,0.749,756.3
441.23,5.28,850.88,0.3229,1317.82
296.58,6.18,330.39,0.7855,634.38
458.55,502.86,457.77,0.7024,1396.94
344.8,127.37,880.64,0.147,1348.61
625.69,907.25,224.79,0.3934,1721.28
52.44,100.25,80.64,0.5923,241.67
945.32,757.17,265.46,0.8818,1982.75
732.91,195.55,319.52,0.7894,1270.48
530.38,321.87,240.99,0.1548,1118.93
185.71,9.56,179.99,0.7226,368.73
740.59,182.74,456.4,0.8637,1355.5
236.64,951.6,279.22,0.4765,1466.89
739.19,100.12,315.06,0.6326,1141.13
17.55,268.23,143.18,0.9145,447.21
373.6,0.22,294.91,0.6363,666.06
747.67,456.81,117.31,0.2564,1329.87
376.37,632.5,36.36,0.6053,1043.66
804.83,4.87,178.27,0.4934,1010.46
162.47,744.44,758.78,0.1631,1605.29
914.49,14.62,778.15,0.5568,1728.38
602.53,26.48,623.03,0.6797,1237.5
760.1,270.01,390.67,0.3492,1425.02
814.04,582.6,82.16,0.4158,1506.58
875.83,36.38,846.34,0.7787,1815.89
106.43,929.37,332.85,0.1222,1337.69
864.59,385.86,634.76,0.8971,1933.27
823.89,481.97,315.43,0.4664,1616.12
479.06,525.6,893.89,0.2351,1884.48
611.05,383.66,450.53,0.6765,1446.21
655.74,859.99,41.22,0.3164,1565.48
382.25,91.08,384.12,0.7504,852.65
449.92,296.65,368.43,0.1085,1142.02
379.01,831.43,829.26,0.1729,2033.38
286.85,8.74,505.36,0.5328,803.43
677.06,394.45,711.82,0.1109,1734.32
611.34,467.17,725.23,0.8343,1839.06
141.06,21.37,546.2,0.6182,708.51
495.93,936.21,53.2,0.3817,1463.5
937.02,0.42,752.63,0.3275,1682.77
272.0,695.57,149.14,0.1155,1102.8
872.74,16.98,875.87,0.8894,1722.08
155.62,54.66,605.03,0.0566,820.61
855.92,109.28,72.2,0.221,1014.22
616.8,3.08,562.32,0.3268,1206.34
555.42,320.32,236.23,0.7484,1101.47
269.43,88.1,434.58,0.6063,807.04
162.21,906.61,104.06,0.0551,1162.79
152.98,288.85,591.73,0.5027,1043.68
689.17,207.66,250.76,0.1528,1144.35
571.37,93.5,608.86,0.0906,1284.0
557.26,9.54,183.07,0.8379,745.79
107.4,476.71,852.66,0.4468,1408.87
689.32,20.13,854.29,0.8612,1566.83
2.85,829.66,616.13,0.0937,1434.42
919.95,40.93,611.3,0.3492,1579.02
526.91,2.16,6.73,0.7377,546.48
409.23,713.97,761.81,0.6237,1872.33
124.59,5.73,854.08,0.6176,982.45
944.52,151.38,362.47,0.1634,1463.89
669.78,0.17,73.84,0.9153,754.76
894.26,4.86,855.13,0.6863,1734.56
905.6,1.15,805.3,0.6449,1714.36
880.46,0.0,500.71,0.5071,1372.73
259.53,6.24,221.76,0.6835,475.24
649.88,168.2,443.21,0.1759,1259.43
911.8,51.99,104.67,0.6785,1048.52
141.85,14.06,306.01,0.3411,456.08
586.28,616.8,528.0,0.1945,1721.76
966.92,0.0,841.12,0.4687,1806.43
244.48,233.89,186.68,0.881,663.71
338.41,41.25,631.47,0.9377,994.95
418.9,258.69,826.81,0.725,1497.42
919.39,90.72,381.14,0.1106,1348.46
914.45,716.95,174.42,0.1485,1763.93
251.8,37.83,459.42,0.9378,767.86
223.2,8.79,533.2,0.67,763.28
814.86,0.0,548.94,0.595,1369.35
204.53,51.88,444.35,0.5216,703.97
509.97,4.31,333.9,0.8999,838.58
137.13,0.03,658.89,0.6075,788.54
403.96,7.07,628.77,0.174,1036.02
339.92,107.45,726.32,0.5286,1176.49
383.12,142.94,147.93,0.2998,683.01
203.21,230.65,231.56,0.6231,681.24
502.24,422.1,283.86,0.7372,1188.93
772.68,651.97,43.11,0.288,1491.81
93.59,2.19,13.76,0.2894,116.89
255.46,908.98,414.69,0.601,1563.28
630.58,20.17,845.95,0.7888,1500.93
411.51,71.42,490.4,0.7736,954.67
578.49,338.82,256.65,0.1281,1173.28
22.91,386.43,186.77,0.6872,590.26
811.97,244.68,341.21,0.7906,1375.64
834.61,357.91,44.69,0.5617,1228.6
821.97,5.73,202.95,0.136,1007.56
5.1,237.49,136.51,0.1861,375.41
215.6,0.05,199.04,0.7032,416.29
252.35,11.7,232.93,0.2485,499.64
767.87,259.65,295.75,0.6947,1344.34
473.47,216.25,501.4,0.3893,1194.04
655.69,62.42,522.22,0.4215,1250.52
939.56,840.26,32.53,0.4763,1791.49
90.41,589.7,601.01,0.5624,1293.59
643.16,779.59,603.22,0.1203,2019.08
875.78,153.59,298.32,0.5904,1300.08
295.39,43.08,561.31,0.6246,908.41
796.03,417.41,713.69,0.0653,1891.8
957.36,12.46,757.42,0.3914,1766.23
264.61,834.66,806.71,0.7845,1921.44
68.91,147.45,791.55,0.2479,1007.35
458.22,814.25,850.34,0.8879,2120.41
937.52,945.84,818.91,0.4435,2702.17
751.84,18.12,317.92,0.5333,1112.22
480.1,0.48,521.89,0.1199,980.81
110.95,194.84,221.54,0.6039,536.6
475.56,0.0,27.68,0.4837,508.04
482.36,191.79,419.74,0.534,1124.2
632.25,7.6,145.88,0.906,810.04
458.29,639.48,573.56,0.0897,1664.65
369.38,192.48,801.23,0.5241,1396.38
807.64,523.97,566.06,0.084,1857.41
624.28,161.72,763.61,0.389,1577.83
256.6,759.89,711.33,0.4912,1770.97
871.44,512.04,896.56,0.9132,2253.56
668.07,970.96,816.81,0.4831,2420.82
166.57,2.71,17.69,0.7266,190.98
454.03,0.0,426.68,0.0633,865.93
986.34,705.73,173.75,0.6259,1864.46
541.03,96.8,231.84,0.5356,875.38
686.04,6.07,18.42,0.7664,706.08
454.1,254.5,797.0,0.3786,1514.85
522.5,323.69,443.17,0.6924,1287.07
121.96,0.25,74.58,0.0694,190.72
758.16,155.61,235.93,0.7074,1116.29
361.61,55.45,765.84,0.3974,1181.74
170.26,762.7,122.5,0.7118,1039.92
809.88,4.82,571.11,0.5061,1370.71
486.36,884.12,682.37,0.1024,2079.44
720.35,16.13,864.06,0.4958,1572.93
247.92,988.82,273.8,0.6278,1482.44
714.08,0.4,446.9,0.257,1128.71
525.54,92.99,408.88,0.3921,1019.37
28.67,208.74,819.4,0.4917,1070.31
308.13,17.76,394.7,0.0984,680.48
942.9,94.27,41.92,0.0604,1045.09
780.95,18.53,297.36,0.7299,1093.82
659.94,52.13,753.88,0.6873,1506.32
196.97,28.03,325.99,0.3242,545.2
673.85,274.43,494.83,0.6018,1486.57
68.45,306.14,728.76,0.4431,1087.81
548.49,442.68,778.93,0.646,1765.56
895.54,151.18,324.87,0.2194,1372.94
371.92,0.02,574.63,0.8377,946.3
980.97,789.92,534.34,0.1674,2276.98
355.17,4.97,372.77,0.9451,728.66
752.3,230.57,767.03,0.916,1726.61
651.03,115.38,337.43,0.4442,1110.74
262.69,447.78,575.86,0.3342,1287.05
372.7,13.67,95.69,0.528,483.14
1.61,0.06,168.04,0.725,176.79
417.57,994.97,455.13,0.6413,1883.48
931.16,2.12,49.57,0.5451,977.13
838.05,117.6,151.36,0.3757,1102.4
287.46,633.37,107.91,0.4319,1040.01
356.53,291.85,885.34,0.0886,1525.63
602.03,863.79,441.38,0.4688,1928.87
365.17,0.0,472.05,0.7842,846.3
440.45,83.59,609.77,0.8921,1118.93
498.7,754.81,888.85,0.6951,2133.66
940.72,185.34,264.66,0.7096,1397.36
334.12,63.14,762.77,0.4403,1146.69
864.39,2.52,609.13,0.6581,1485.55
906.73,148.46,142.04,0.654,1208.58
991.29,538.24,123.26,0.386,1643.65
904.54,0.03,362.97,0.2355,1290.73
792.28,0.01,236.76,0.803,1021.23
309.61,22.72,614.27,0.847,948.86
972.1,3.59,784.43,0.3688,1744.51
678.89,15.99,125.85,0.4911,828.6
521.56,816.59,3.58,0.3803,1360.77
488.69,205.26,21.06,0.5303,713.79
598.6,0.08,94.54,0.6696,691.42
309.83,88.29,396.44,0.0997,804.12
421.87,22.33,465.64,0.7075,931.6
969.09,325.3,211.98,0.7966,1518.72
192.23,34.48,50.61,0.4058,284.19
7.82,0.0,158.49,0.2267,161.6
160.33,63.21,574.2,0.2685,789.54
887.22,10.53,803.72,0.9024,1721.81
482.23,375.35,222.04,0.1079,1081.26
101.91,472.59,456.02,0.1073,1051.03
485.93,99.14,506.59,0.7599,1096.33
113.53,5.02,274.72,0.7251,385.49
62.48,552.91,40.96,0.2363,657.47
349.8,39.52,170.18,0.2109,560.7
848.31,390.13,338.45,0.7298,1584.76
341.99,690.86,201.98,0.8189,1186.99
911.92,11.85,262.89,0.5472,1153.13
25.34,27.32,388.39,0.0612,443.95
278.99,5.42,563.84,0.8399,834.69
425.91,122.89,142.35,0.329,678.33
994.74,59.24,45.17,0.2806,1119.46
840.38,240.59,481.11,0.6265,1585.61
439.66,511.83,789.37,0.2387,1744.44
720.21,12.89,287.06,0.3672,977.65
695.55,141.82,402.17,0.6656,1238.53
230.54,407.67,220.75,0.7493,876.88
691.81,19.07,892.68,0.3503,1600.85
179.75,53.56,20.77,0.1406,258.08
823.84,298.96,516.7,0.0616,1664.05
326.54,167.43,739.56,0.0976,1175.15
364.65,726.45,108.33,0.6654,1220.58
243.22,3.05,684.06,0.256,932.39
907.31,0.1,251.78,0.7053,1151.92
516.2,102.65,861.32,0.7494,1499.9
327.05,0.01,609.94,0.1899,943.73
104.52,683.82,519.93,0.7727,1314.0
475.48,243.58,824.44,0.5892,1543.04
710.49,45.29,218.21,0.8141,962.33
492.61,594.87,846.83,0.625,1981.45
422.24,737.53,647.41,0.8696,1866.49
355.48,691.98,490.6,0.7656,1568.93
924.27,349.01,648.52,0.9472,1944.71
612.42,422.95,229.73,0.5437,1287.29
171.77,720.73,669.16,0.3104,1535.38
425.31,105.13,434.22,0.2257,963.91
521.53,949.24,697.66,0.4444,2178.98
924.76,187.65,863.99,0.5181,1916.53
525.19,115.74,461.26,0.2079,1086.9
394.02,431.47,208.56,0.1232,1033.92
396.92,0.17,369.01,0.5783,756.19
484.35,390.72,610.04,0.5363,1498.7
290.12,3.15,476.89,0.2934,759.12
749.28,301.11,133.04,0.1669,1170.82
388.48,6.05,551.75,0.9207,931.05
601.75,702.1,179.19,0.5556,1453.68
683.3,182.64,770.33,0.5734,1654.55
486.1,0.17,423.71,0.089,926.27
235.09,0.0,685.67,0.3458,928.22
686.93,124.52,0.82,0.7699,831.55
254.06,409.96,710.39,0.7814,1374.07
185.52,469.27,219.8,0.3259,873.02
218.7,193.42,555.59,0.7229,987.37
472.95,211.6,329.85,0.2495,1020.33
278.23,142.12,151.58,0.8384,558.58
101.9,8.31,46.36,0.8203,178.82
967.25,931.05,219.82,0.8828,2070.9
332.51,751.32,534.52,0.6665,1611.57
522.28,463.77,153.45,0.9388,1128.8
267.93,343.05,11.81,0.726,634.87
140.0,28.42,583.97,0.6862,748.4
426.6,110.6,614.03,0.3649,1131.12
217.14,752.28,85.34,0.4904,1055.18
694.7,4.55,524.17,0.6122,1255.0
430.98,0.43,414.26,0.1703,840.84
479.37,93.86,712.98,0.3857,1282.42
781.98,48.49,283.74,0.0678,1107.2
735.36,3.44,141.19,0.7409,881.69
796.61,10.82,434.33,0.2203,1241.2
578.6,619.36,532.49,0.2398,1748.45
175.25,137.56,199.16,0.7542,518.59
624.32,61.5,754.39,0.377,1395.53
124.84,654.62,124.77,0.9025,877.74
841.22,113.91,226.28,0.4916,1169.63
471.06,20.7,503.53,0.0784,1009.01
664.48,11.3,195.59,0.7465,883.04
564.98,172.85,546.35,0.0841,1308.51
773.24,420.94,389.19,0.1528,1590.91
608.15,546.92,691.17,0.3845,1845.5
526.3,10.65,238.51,0.6894,758.77
717.9,38.67,458.3,0.2272,1202.86
356.26,34.14,313.4,0.0935,696.9
531.55,0.34,334.38,0.9377,856.75
400.36,201.53,328.97,0.1595,933.57
796.43,389.73,245.22,0.5574,1411.36
679.4,370.08,354.47,0.7493,1362.3
737.55,360.23,695.07,0.5628,1737.01
108.17,149.14,816.66,0.3061,1074.12
597.17,26.38,189.28,0.8648,829.97
243.04,254.91,756.56,0.1706,1256.01
815.09,4.52,55.39,0.0871,875.23
817.47,102.06,816.32,0.135,1716.1
488.9,465.75,65.74,0.3632,1022.78
718.29,19.05,491.08,0.0569,1207.29
81.45,731.09,584.15,0.5462,1436.65
25.98,57.19,184.23,0.4994,263.28
557.73,564.5,373.25,0.0951,1479.42
935.3,830.21,341.72,0.4371,2139.75
908.15,9.24,500.53,0.4914,1380.43
502.94,179.2,247.94,0.2065,899.2
965.72,878.53,351.17,0.7662,2206.15
941.23,287.74,265.75,0.9352,1529.96
133.74,111.44,865.99,0.6315,1092.13
331.26,394.17,162.47,0.137,870.32
518.74,695.95,31.95,0.6838,1248.07
148.5,8.98,36.08,0.9391,196.99
903.8,3.07,715.99,0.1326,1625.63
874.42,5.64,724.02,0.8714,1596.31
936.42,166.3,553.82,0.8049,1643.48
963.88,774.83,226.12,0.7161,1970.77
116.67,27.9,45.36,0.5219,189.91
174.63,987.37,846.27,0.5917,2059.75
463.56,112.88,399.07,0.0822,949.26
525.76,135.56,457.2,0.3706,1094.5
950.71,512.92,290.46,0.3075,1748.89
217.16,1.62,239.23,0.5341,457.39
196.18,16.73,502.35,0.7062,740.17
199.55,338.63,205.6,0.5881,742.93
464.18,109.21,861.37,0.2832,1419.72
729.77,163.86,638.21,0.3715,1532.9
146.07,490.71,302.14,0.9372,936.93
930.4,17.54,262.69,0.7721,1210.96
488.35,0.26,314.51,0.7746,795.36
718.44,54.2,29.69,0.6589,800.95
487.51,758.99,199.79,0.3649,1453.05
36.65,70.16,88.84,0.3197,207.84
43.01,253.83,349.83,0.4016,646.18
344.82,0.54,797.07,0.2232,1130.91
752.79,8.85,143.2,0.8717,903.08
436.25,0.34,382.8,0.2221,815.03
314.51,507.36,336.57,0.5274,1149.3
672.02,614.17,285.94,0.4887,1590.84
321.06,9.27,250.2,0.3456,576.4
182.05,0.14,200.64,0.8663,397.06
330.95,514.23,539.24,0.2178,1422.63
935.72,0.45,891.3,0.4318,1772.75
22.81,18.42,339.16,0.9211,402.74
939.04,392.76,762.88,0.0786,2119.06
813.18,209.4,631.5,0.7448,1647.97
248.87,826.19,270.36,0.1431,1331.97
379.65,563.32,520.83,0.9427,1425.05
649.8,120.54,57.72,0.0795,804.14
760.86,9.28,496.5,0.3449,1244.06
819.54,86.13,620.86,0.375,1517.29
740.09,1.8,16.43,0.6318,753.86
627.68,6.08,453.83,0.4151,1076.01
691.62,140.22,358.09,0.3551,1186.12
702.95,156.87,69.79,0.4184,926.28
145.28,469.55,412.17,0.1123,1038.92
185.82,0.07,477.15,0.1841,657.69
672.56,1.26,869.08,0.7807,1572.31
668.97,162.1,616.07,0.5776,1431.74
185.37,2.33,610.1,0.2297,781.65
149.91,289.58,717.97,0.3057,1162.25
956.91,867.19,133.24,0.1527,1935.63
59.14,2.79,345.52,0.0613,407.89
964.97,372.15,281.1,0.1583,1563.34
597.24,20.5,510.21,0.4575,1125.88
419.34,126.85,109.99,0.2423,667.18
530.01,462.65,164.18,0.6773,1178.94
29.48,0.14,468.37,0.6574,508.4
232.61,545.87,158.27,0.6358,940.52
626.15,20.27,340.45,0.6319,976.32
88.83,235.66,506.38,0.7169,846.3
196.83,306.01,317.74,0.2624,808.58
513.94,714.47,216.54,0.2062,1443.77
787.73,138.42,384.28,0.6303,1321.57
637.62,435.12,883.79,0.27,1916.92
601.62,12.09,865.89,0.759,1452.13
980.92,11.43,227.46,0.0619,1240.93
79.21,813.83,771.07,0.6627,1661.85
751.86,112.79,865.03,0.0796,1725.31
380.47,595.34,613.44,0.3417,1567.54
563.04,176.94,28.2,0.7965,771.07
496.31,5.16,478.56,0.617,974.88
235.43,479.56,453.12,0.0983,1173.16
578.67,0.12,614.19,0.552,1197.4
90.9,706.56,836.88,0.8927,1639.68
63.2,258.9,750.74,0.9443,1087.07
356.04,91.54,517.16,0.793,980.94
224.38,15.53,752.52,0.4645,998.56
120.56,6.22,299.35,0.0762,410.01
546.74,558.18,396.14,0.912,1493.3
398.24,384.64,506.25,0.3257,1288.17
123.54,17.61,96.57,0.5154,242.29
699.47,106.87,189.73,0.4452,1012.78
520.21,76.94,323.24,0.6737,942.25
629.26,184.81,322.89,0.7217,1138.92
126.07,779.93,209.2,0.171,1125.57
438.18,940.79,372.99,0.6387,1749.96
419.46,316.41,108.82,0.5674,860.59
297.86,218.23,565.66,0.8021,1077.18
714.98,169.43,490.2,0.6232,1380.73
718.47,0.16,431.34,0.6539,1152.59
300.45,1.47,284.94,0.7333,594.09
669.58,2.47,651.76,0.7043,1308.99
552.69,127.04,582.96,0.6701,1289.65
248.85,562.08,467.16,0.7831,1280.25
938.49,99.22,437.92,0.3144,1488.39
696.86,645.56,381.47,0.7846,1748.35
303.76,959.75,245.54,0.2289,1479.69
766.02,2.67,721.38,0.9237,1487.5
965.87,2.6,514.29,0.8457,1498.82
826.1,280.71,234.24,0.8603,1318.4
45.75,12.38,719.31,0.6967,772.09
88.42,454.57,549.56,0.1672,1097.88
317.34,362.47,376.17,0.6636,1048.73
427.79,672.7,315.95,0.3338,1398.46
728.01,412.37,118.11,0.8854,1260.89
861.69,128.07,792.82,0.7338,1777.16
878.15,963.58,143.23,0.6094,1957.78
274.42,125.78,631.49,0.4737,1024.67
190.11,209.37,889.84,0.1507,1309.8
87.52,435.81,728.94,0.6816,1250.06
822.8,370.81,549.29,0.6945,1714.93
346.65,288.25,718.02,0.2389,1321.96
445.26,759.73,331.5,0.1759,1503.68
397.33,642.13,75.52,0.9013,1110.17
286.02,0.05,361.08,0.2577,647.52
43.88,1.56,593.53,0.7839,643.79
254.04,226.67,252.86,0.6356,754.38
505.91,480.56,63.81,0.1467,1048.73
977.09,20.93,354.38,0.293,1319.7
265.06,182.71,99.03,0.7821,537.54
355.29,0.94,314.42,0.1974,671.2
964.48,25.89,683.43,0.7372,1697.01
91.69,611.7,396.73,0.7897,1127.43
917.33,10.96,163.33,0.0609,1079.57
424.38,451.22,57.62,0.2529,916.81
767.02,328.62,690.92,0.7491,1805.74
284.68,724.97,655.6,0.915,1645.97
3.24,208.86,718.42,0.6346,948.08
681.57,104.78,516.13,0.7648,1297.41
357.64,0.13,514.72,0.1293,869.71
751.17,1.45,311.58,0.7264,1072.36
748.97,213.9,627.05,0.6486,1579.26
387.47,1.36,748.63,0.4987,1140.56
469.51,261.29,883.33,0.1356,1619.8
257.53,715.58,111.31,0.8052,1107.77
982.11,3.03,33.5,0.8735,1025.8
457.86,237.0,174.78,0.9104,857.07
887.08,603.69,498.77,0.3489,1974.25
398.26,917.74,209.89,0.5894,1544.69
265.99,17.51,703.51,0.3486,993.19
526.69,6.63,253.18,0.3398,786.91
101.66,0.0,719.84,0.2879,823.04
26.63,482.15,268.97,0.654,765.25
217.87,8.22,765.38,0.2542,974.04
689.22,10.24,651.22,0.463,1362.16
61.05,25.51,235.54,0.7214,323.44
912.65,0.55,459.51,0.2663,1381.62
198.46,29.2,614.55,0.7884,852.56
318.71,48.52,463.53,0.5461,816.88
956.19,8.05,832.2,0.5711,1828.21
188.22,281.01,610.41,0.8596,1095.44
537.96,261.99,700.29,0.818,1522.56
299.59,127.56,478.0,0.9311,914.85
40.55,421.57,354.61,0.5155,847.05
963.38,521.45,229.82,0.2449,1736.4
213.17,2.62,804.85,0.4507,1009.83
593.02,50.23,394.1,0.5893,1002.37
110.35,13.29,752.74,0.1729,891.15
328.48,250.22,176.49,0.3348,766.5
964.79,54.39,812.67,0.2376,1819.91
840.23,348.27,103.91,0.0688,1272.34
171.12,109.77,767.55,0.5626,1051.2
37.08,76.11,177.14,0.4115,291.97
892.7,3.26,311.57,0.4494,1230.65
198.31,554.79,780.79,0.0774,1534.21
789.87,24.06,574.8,0.4666,1416.84
110.24,206.21,30.51,0.7721,343.38
649.86,160.36,555.11,0.8757,1373.73
276.92,377.41,302.11,0.8287,936.39
266.67,0.47,300.15,0.5162,574.3
976.2,222.27,689.61,0.1211,1903.01
387.31,302.29,424.85,0.2756,1120.27
875.88,2.78,462.71,0.8148,1360.63
526.05,0.84,31.22,0.6526,556.31
417.7,59.79,156.16,0.5543,634.47
73.32,800.17,449.72,0.2748,1334.95
849.67,26.94,835.85,0.5821,1719.13
702.81,238.22,830.96,0.847,1740.42
633.38,9.79,672.44,0.7877,1271.15
220.81,171.44,874.33,0.6977,1289.12
44.7,936.77,576.98,0.7888,1604.44
577.62,780.28,567.5,0.3924,1943.53
99.8,0.0,308.82,0.5617,411.49
985.31,0.95,257.85,0.0784,1271.68
653.4,71.85,731.03,0.1103,1458.82
998.52,6.56,868.29,0.7414,1911.72
423.68,1.22,614.55,0.5551,1045.73
525.83,875.41,871.25,0.7648,2280.29
363.41,226.24,157.55,0.8366,740.05
274.07,671.91,620.84,0.7889,1561.7
959.8,634.92,851.74,0.8842,2406.57
851.75,49.97,89.32,0.4879,990.47
206.13,202.15,230.1,0.0632,639.94
558.69,117.19,282.97,0.6953,959.35
717.49,8.46,65.4,0.3754,801.46
739.0,348.72,69.44,0.211,1147.96
683.33,69.45,824.78,0.9244,1573.82
223.11,929.73,723.6,0.2598,1871.18
638.78,168.71,670.12,0.2509,1458.62
425.13,62.74,84.74,0.4237,575.1
625.37,742.35,667.99,0.4479,2103.58
608.16,851.47,858.15,0.6868,2294.47
220.83,4.91,7.14,0.379,236.56
694.08,3.2,729.63,0.3218,1465.65
16.09,1.12,706.93,0.6232,727.11
900.17,305.2,451.58,0.7038,1660.24
1.68,720.16,750.86,0.5702,1487.96
804.84,2.95,849.7,0.8921,1680.65
596.57,289.74,709.82,0.7947,1619.49
818.04,21.46,442.47,0.8481,1292.88
763.39,93.01,471.29,0.1759,1330.23
596.98,936.37,451.02,0.4795,1975.72
870.46,180.45,422.08,0.3071,1435.99
691.86,1.49,115.66,0.5524,801.77
326.02,0.0,565.46,0.1741,884.26
908.9,117.12,143.91,0.5287,1190.21
800.75,146.29,346.35,0.5432,1315.04
302.43,40.7,566.05,0.5842,900.99
886.49,15.74,780.72,0.3596,1676.77
473.37,293.31,235.69,0.6399,976.23
736.18,171.76,706.07,0.8458,1599.96
195.52,0.38,313.01,0.5689,516.37
643.35,6.01,439.95,0.7427,1086.77
597.51,2.37,397.68,0.0501,980.49
379.17,7.59,204.47,0.0562,593.88
4.48,44.93,571.65,0.7859,635.7
280.69,0.0,666.43,0.5073,952.09
706.76,979.94,203.26,0.615,1842.21
615.41,148.63,876.88,0.2781,1663.06
659.75,746.29,716.71,0.6435,2148.73
604.86,10.94,305.16,0.4077,917.79
151.79,61.61,4.73,0.8213,221.19
648.28,149.84,227.83,0.5721,1023.34
313.99,2.31,493.57,0.8573,806.56
576.61,53.29,253.32,0.4926,884.07
690.87,760.34,377.12,0.6581,1732.9
593.77,588.93,620.69,0.3134,1794.95
848.06,165.14,512.37,0.6616,1498.08
575.45,331.36,244.94,0.1248,1159.83
397.69,712.22,816.39,0.606,1853.14
139.15,0.0,401.73,0.656,539.89
224.56,2.56,241.78,0.539,463.27
829.36,235.25,689.57,0.9075,1770.85
809.82,280.13,248.2,0.2401,1304.28
412.22,130.07,184.93,0.1554,739.08
634.47,665.64,296.17,0.412,1573.56
708.51,22.76,824.28,0.0931,1556.84
972.27,0.2,497.46,0.3817,1473.87
238.24,743.79,143.35,0.1241,1091.54
40.24,184.46,228.49,0.8604,457.43
610.26,19.69,865.46,0.2002,1502.12
325.71,349.25,633.08,0.532,1285.28
256.5,82.3,817.82,0.3344,1190.71
81.11,5.14,12.84,0.8721,110.59
742.98,375.14,18.23,0.4728,1132.11
733.43,350.68,558.69,0.3132,1692.99
0.99,309.88,233.83,0.3759,538.28
875.29,5.22,400.63,0.3751,1294.0
847.93,16.78,284.41,0.7943,1161.01
567.48,459.28,317.79,0.4581,1353.15
89.08,317.23,333.51,0.0991,755.56
447.64,0.0,324.42,0.7137,776.43
30.57,966.04,558.1,0.4972,1562.14
299.89,259.33,30.79,0.3117,585.85
215.44,593.04,337.19,0.1258,1119.91
442.63,6.32,322.12,0.0869,763.27
362.53,771.63,579.43,0.6157,1740.1
143.29,147.2,582.14,0.4745,868.4
267.45,0.0,230.48,0.5534,511.02
694.14,843.36,894.4,0.2953,2445.53
740.34,0.14,458.01,0.7462,1213.8
415.44,165.61,97.16,0.1168,674.1
412.97,97.61,851.32,0.8696,1362.79
969.55,3.96,213.61,0.5171,1227.75
530.43,0.0,608.0,0.2974,1157.81
912.19,696.87,365.78,0.3889,1965.12
729.91,2.63,359.72,0.4984,1089.49
630.76,258.0,705.77,0.5943,1602.59
244.27,153.66,373.8,0.6002,760.84
307.7,10.24,525.82,0.1609,821.61
849.4,353.11,400.17,0.5022,1605.79
814.03,31.82,223.54,0.3379,1052.29
817.15,0.19,426.93,0.6411,1250.39
525.03,66.56,652.85,0.8467,1260.64
268.51,272.39,860.6,0.907,1372.2
849.67,1.64,729.01,0.1987,1579.9
572.29,245.74,112.26,0.7354,922.72
958.04,137.42,292.86,0.2282,1376.52
714.34,172.19,650.7,0.8281,1558.43
961.95,12.06,704.5,0.6219,1728.07
693.9,190.13,401.64,0.4365,1247.07
152.48,19.62,392.1,0.8124,568.24
171.1,628.23,458.81,0.4135,1266.44
583.55,300.54,115.78,0.6436,989.02
548.85,11.33,693.69,0.1847,1246.06
743.33,657.23,279.15,0.5476,1701.4
739.97,4.74,72.41,0.709,833.58
955.95,556.73,829.78,0.2649,2349.71
181.19,223.12,474.31,0.9187,853.46
215.31,0.0,222.03,0.412,423.33
47.84,193.91,249.38,0.1017,492.59
928.42,765.42,183.94,0.2153,1866.18
891.66,154.72,529.6,0.5925,1570.76
908.15,271.81,112.06,0.8782,1298.9
7.66,217.33,788.44,0.6274,1019.07
527.12,447.66,392.08,0.2533,1374.67
56.67,0.1,574.14,0.3331,627.83
810.23,111.74,425.86,0.7822,1351.53
631.94,317.5,807.98,0.1295,1790.87
318.63,50.0,113.89,0.6357,480.4
243.24,631.3,481.65,0.337,1337.41
473.36,73.61,647.91,0.8924,1219.63
914.72,982.69,754.0,0.6876,2699.24
382.42,328.97,420.86,0.5052,1145.76
810.88,11.02,548.85,0.924,1379.37
35.58,613.39,788.51,0.2945,1415.14
428.52,420.44,37.28,0.197,888.99
98.17,204.67,233.03,0.3059,527.16
500.94,10.25,189.93,0.3479,694.51
924.92,417.05,241.85,0.9034,1603.96
856.25,391.82,692.56,0.4765,1961.54
523.93,441.79,342.7,0.3449,1315.72
764.34,292.17,488.97,0.3268,1532.74
53.95,3.5,266.52,0.1387,323.83
225.98,685.55,5.66,0.7707,905.43
49.07,73.32,570.11,0.123,683.86
107.85,429.18,77.67,0.613,608.82
597.85,0.01,472.86,0.7889,1069.41
532.33,9.53,685.82,0.5388,1222.79
928.41,150.79,813.78,0.4373,1914.59
358.3,54.53,307.27,0.7322,717.88
223.07,673.5,880.32,0.5141,1787.97
99.38,230.76,702.61,0.6931,1035.87
415.25,828.31,614.36,0.7226,1856.12
81.84,672.47,238.71,0.1385,998.8
274.81,966.79,772.45,0.6456,2007.99
814.89,282.64,526.03,0.7148,1617.1
660.59,0.2,786.24,0.6834,1468.35
565.97,0.0,779.32,0.8602,1345.55
480.38,808.95,759.57,0.909,2035.17
254.65,360.37,388.48,0.6847,989.88
852.53,229.83,341.07,0.2906,1400.95
877.85,832.98,810.94,0.0744,2492.19
718.36,10.32,276.61,0.7004,990.56
196.09,414.91,383.16,0.3298,981.97
823.44,0.2,673.51,0.2845,1509.42
712.3,117.77,51.94,0.7619,890.63
393.15,169.81,605.89,0.9024,1182.27
674.37,3.67,3.51,0.7952,693.78
306.83,97.54,529.51,0.5931,915.37
343.97,225.36,78.57,0.79,653.24
599.92,0.19,45.02,0.1259,630.08
427.93,83.61,141.01,0.4495,648.39
100.08,1.92,669.41,0.9477,769.6
463.77,6.6,53.4,0.2122,512.24
548.3,143.75,405.34,0.3735,1098.81
2.22,11.14,156.73,0.5744,160.09
218.95,2.28,608.26,0.8602,830.97
614.56,4.2,217.46,0.215,828.19
42.42,100.61,810.89,0.1758,928.24
41.69,166.77,713.67,0.2253,918.84
416.54,641.6,38.13,0.3353,1110.69
659.06,135.02,480.0,0.2076,1242.91
874.34,236.25,775.43,0.6173,1927.41
898.58,125.64,646.2,0.1572,1693.09
454.73,40.48,210.13,0.3469,712.3
642.04,1.6,886.43,0.6794,1544.88
87.08,702.68,326.56,0.2572,1106.7
268.17,466.98,580.16,0.3623,1321.22
956.85,267.26,651.59,0.3182,1921.89
746.41,13.89,829.88,0.3997,1555.43
375.17,531.19,389.55,0.5187,1340.09
955.17,0.08,247.32,0.7507,1215.22
345.9,653.84,89.35,0.1983,1103.97
720.69,49.8,745.64,0.0539,1528.09
840.85,56.44,453.16,0.8653,1350.89
627.84,415.64,414.82,0.2738,1455.53
572.29,6.53,219.17,0.3527,788.19
885.49,411.85,499.69,0.1415,1817.48
268.39,210.01,611.14,0.3107,1094.22
736.85,191.24,873.95,0.2292,1798.54
66.8,0.0,285.62,0.0766,362.66
503.79,359.88,627.68,0.852,1515.71
43.57,362.52,739.3,0.0607,1131.96
399.03,756.89,628.01,0.9328,1830.12
141.14,414.85,675.75,0.4286,1248.88
78.02,262.84,178.81,0.1173,518.56
624.07,149.27,680.5,0.3715,1448.7
953.88,19.52,113.13,0.3953,1085.4
805.08,115.52,592.69,0.5895,1459.0
798.39,1.68,677.55,0.6134,1459.2
289.64,5.02,261.21,0.268,540.84
642.14,130.89,672.01,0.1054,1441.55
347.13,781.28,293.01,0.3206,1435.13
826.84,403.46,50.22,0.2731,1271.18
849.35,817.17,609.52,0.8194,2199.59
135.51,403.33,794.81,0.829,1313.69
960.25,86.23,444.71,0.4957,1450.31
491.1,194.49,841.89,0.9143,1476.17
138.44,9.34,277.05,0.5363,413.59
9.28,0.12,656.7,0.7909,670.5
4.76,99.02,841.48,0.9447,935.23
877.82,260.5,787.63,0.8692,1982.15
134.54,5.36,616.78,0.6226,762.72
111.32,10.65,897.78,0.0577,991.42
613.57,0.07,382.03,0.7831,977.86
925.81,889.53,744.3,0.7029,2596.06
765.39,258.45,341.22,0.7588,1352.14
702.81,356.71,685.28,0.3629,1753.85
727.9,62.71,876.32,0.9475,1698.46
470.26,844.9,34.0,0.6315,1323.94
12.05,440.79,534.4,0.1114,961.1
135.58,411.21,704.12,0.926,1250.92
782.33,84.64,138.65,0.431,991.07
847.02,88.02,714.63,0.9076,1704.26
207.45,14.74,668.91,0.2671,866.75
610.39,88.65,191.74,0.4843,881.35
654.77,65.93,727.82,0.2624,1446.12
801.4,19.34,212.9,0.5658,1024.63
952.26,521.72,276.45,0.1778,1748.21
404.55,0.73,240.39,0.772,661.78
38.66,0.0,346.2,0.0879,378.26
230.0,112.75,500.16,0.6654,849.87
599.85,234.34,297.85,0.3133,1146.15
225.88,0.24,48.26,0.3516,265.73
494.25,31.05,602.0,0.1776,1098.56
994.63,242.6,108.05,0.8825,1320.93
132.88,369.07,651.91,0.2534,1174.03
926.97,580.55,238.79,0.3602,1722.85
464.03,632.74,28.11,0.0793,1132.67
272.51,691.99,129.0,0.7889,1116.72
469.45,144.32,522.14,0.324,1126.3
167.8,4.62,555.83,0.3383,729.56
642.71,522.12,598.21,0.4768,1782.42
439.96,266.56,375.25,0.7078,1069.8
746.23,212.06,131.34,0.1313,1089.77
493.24,20.02,152.67,0.2827,657.18
221.67,147.3,882.76,0.1718,1271.74
590.51,383.43,767.94,0.6449,1747.08
216.08,164.7,111.48,0.1714,483.22
752.61,8.11,443.9,0.9313,1197.78
723.7,279.93,377.35,0.7854,1367.17
606.0,69.79,787.95,0.6073,1458.16
763.28,61.74,699.22,0.152,1565.3
568.22,1.97,453.71,0.8433,1048.41
437.12,500.05,106.78,0.096,1027.44
945.8,284.37,774.02,0.8949,2010.7
71.98,1.08,644.06,0.6449,703.64
757.75,14.02,504.61,0.384,1255.91
683.18,560.37,253.15,0.4112,1467.24
526.95,0.09,805.02,0.3554,1312.06
412.46,35.25,593.68,0.8929,1041.97
809.48,34.95,374.85,0.861,1229.36
505.85,573.86,546.81,0.1414,1645.4
881.61,66.96,416.93,0.2116,1383.18
415.76,476.76,83.95,0.6241,966.18
289.66,380.06,85.74,0.4849,745.15
719.94,874.36,687.56,0.221,2317.8
30.79,318.67,42.27,0.8059,395.71
650.28,14.22,179.73,0.2486,834.63
501.96,0.16,698.32,0.4993,1195.69
647.77,4.08,542.57,0.4119,1170.45
601.66,14.33,77.34,0.4222,695.97
78.01,381.16,551.57,0.1928,1045.87
914.12,755.68,398.35,0.8739,2012.1
121.57,21.83,237.58,0.0849,385.16
611.22,0.14,539.44,0.2434,1150.37
27.75,0.0,594.4,0.2446,630.06
901.3,0.07,746.7,0.6585,1661.24
231.54,183.0,818.53,0.1535,1218.87
681.09,0.38,444.6,0.103,1144.78
71.37,60.06,92.82,0.9144,230.9
496.86,13.24,506.04,0.1486,1033.44
172.72,867.03,522.96,0.8672,1575.18
308.18,170.14,531.4,0.7721,1014.93
708.11,168.55,863.08,0.7741,1718.42
18.61,171.58,466.27,0.8354,643.03
586.68,989.55,22.54,0.099,1597.86
58.6,11.57,593.21,0.5028,677.17
355.69,66.77,570.62,0.285,990.74
64.43,0.13,741.62,0.0658,807.25
349.01,534.3,698.04,0.6929,1586.7
591.23,868.02,4.7,0.4974,1480.95
629.2,938.65,676.3,0.5861,2255.7
895.8,33.68,642.85,0.3535,1538.68
429.73,101.68,368.52,0.7611,930.4
504.01,120.55,421.05,0.7803,1073.13
492.59,2.41,220.85,0.7783,721.27
350.49,7.69,711.06,0.8736,1055.64
378.24,120.35,788.95,0.1866,1274.8
907.44,187.47,574.12,0.1743,1657.17
563.63,38.05,602.82,0.8763,1223.81
34.98,0.78,491.65,0.614,535.53
616.18,507.99,636.58,0.4402,1794.23
638.67,268.85,320.3,0.3258,1174.71
95.27,0.67,629.78,0.529,705.39
999.1,92.6,707.97,0.2566,1789.81
122.06,43.96,335.42,0.3423,501.39
849.47,1.2,352.7,0.3344,1192.48
601.97,705.24,372.47,0.6068,1675.55
116.86,230.25,507.48,0.8541,847.74
212.78,141.32,38.02,0.6395,410.67
415.41,0.06,600.03,0.6657,1009.51
175.38,33.54,895.7,0.848,1082.53
806.59,0.0,104.91,0.7056,916.1
114.94,481.71,53.36,0.3637,647.02
478.46,413.01,255.23,0.6521,1139.16
198.7,6.44,40.51,0.394,244.71
527.35,21.36,890.15,0.8347,1450.13
899.12,892.46,540.15,0.3721,2328.57
266.63,35.31,584.94,0.0796,898.78
554.58,2.69,770.63,0.8365,1332.33
92.4,21.98,525.39,0.0995,654.03
178.68,191.33,784.86,0.8589,1134.46
94.67,382.45,5.56,0.4974,478.43
388.58,77.73,396.0,0.3163,871.61
803.27,584.37,538.24,0.3234,1913.79
703.57,106.51,109.87,0.6482,908.56
987.4,32.97,142.48,0.5863,1164.05
718.47,19.14,486.17,0.6728,1237.97
484.23,0.0,380.22,0.6031,867.41
925.82,5.71,137.28,0.051,1056.77
150.13,813.63,575.94,0.5056,1539.62
889.41,216.55,123.82,0.4841,1238.08
76.21,6.45,383.51,0.786,469.57
684.44,0.43,178.89,0.4494,857.31
627.08,9.26,5.11,0.1085,648.06
629.05,2.97,37.5,0.5672,663.31
223.88,900.75,732.71,0.8017,1872.61
970.65,111.37,78.62,0.3332,1153.45
327.38,2.08,225.06,0.1109,551.83
340.71,764.06,170.2,0.7952,1302.57
561.07,83.81,360.85,0.8694,999.28
701.08,644.44,705.66,0.6929,2097.41
414.46,15.42,678.0,0.321,1118.66
330.77,0.24,802.92,0.4234,1148.72
535.24,2.35,10.08,0.0718,527.44
795.78,602.99,442.77,0.528,1873.05
498.02,195.2,740.33,0.8181,1414.73
953.02,740.94,249.82,0.2271,1941.93
83.65,572.83,418.9,0.1581,1060.97
551.67,47.23,283.55,0.4482,882.14
376.66,351.46,813.03,0.0976,1550.12
422.37,601.8,593.32,0.7912,1611.56
125.53,0.1,195.91,0.6307,322.58
665.51,919.78,145.07,0.2495,1766.91
724.23,0.03,303.16,0.5441,1025.39
932.03,889.2,739.39,0.4741,2531.35
25.4,521.43,11.4,0.6159,548.23
791.73,148.55,141.4,0.1103,1110.49
969.2,1.77,410.07,0.295,1361.99
766.78,825.69,419.09,0.4661,2025.14
747.47,976.86,320.88,0.6825,2036.82
814.06,221.01,365.06,0.582,1412.45
969.81,3.8,196.3,0.5888,1156.53
65.83,175.67,598.39,0.4816,848.48
115.82,722.52,894.47,0.6029,1716.98
700.77,692.91,166.0,0.497,1573.91
160.13,69.9,790.23,0.1523,1013.92
641.54,9.59,156.06,0.8814,826.2
214.27,129.72,60.4,0.2596,393.97
181.61,787.57,220.13,0.3077,1166.6
866.06,0.56,501.24,0.7102,1399.41
87.61,984.34,89.2,0.7729,1169.1
617.21,39.37,306.18,0.3833,974.58
387.91,813.6,179.37,0.0545,1392.33
959.11,263.5,553.14,0.9298,1809.68
312.81,0.0,251.18,0.4797,563.56
861.05,163.6,791.27,0.6882,1816.7
710.66,405.11,360.72,0.6957,1527.68
751.43,307.14,751.61,0.239,1833.55
576.47,8.42,625.1,0.7286,1213.84
660.08,0.03,42.55,0.1841,677.61
863.4,173.16,49.51,0.9153,1104.29
550.47,353.8,754.95,0.5806,1659.78
85.79,0.16,233.77,0.5437,318.64
173.61,830.39,237.81,0.7876,1236.4
404.98,346.8,793.94,0.2712,1538.32
993.47,63.7,87.97,0.564,1134.05
92.42,220.2,316.62,0.3222,622.48
110.23,89.02,642.08,0.6085,839.77
805.01,39.07,406.88,0.3458,1247.83
366.32,38.44,380.91,0.8209,776.99
444.38,80.09,254.9,0.4832,793.1
275.36,115.31,434.83,0.6732,826.49
226.52,50.07,156.38,0.129,426.96
98.65,0.78,127.43,0.3869,229.11
487.3,16.8,753.8,0.1541,1277.28
73.04,909.72,640.47,0.8263,1662.04
609.44,0.0,333.85,0.9342,921.43
575.4,137.93,281.0,0.1024,979.63
618.21,1.19,398.81,0.2882,1027.31
212.25,87.94,850.46,0.1278,1129.7
641.63,80.59,90.96,0.8037,810.73
784.94,220.86,173.51,0.5546,1200.08
388.2,513.25,860.71,0.7184,1762.82
342.05,760.55,304.24,0.2211,1411.67
801.48,14.45,411.9,0.5027,1236.72
647.57,883.74,187.87,0.8247,1725.9
276.22,936.5,445.52,0.3749,1641.24
779.32,93.17,752.39,0.6266,1602.01
948.81,263.56,640.9,0.1224,1869.39
975.54,105.43,365.4,0.6793,1416.28
117.51,799.11,60.65,0.6759,982.78
10.58,13.61,746.18,0.0683,750.71
737.39,950.07,597.91,0.5306,2289.39
731.97,9.69,73.97,0.6813,818.62
872.18,53.58,844.62,0.1227,1734.31
544.41,331.23,246.74,0.5782,1140.94
898.88,175.03,849.9,0.5734,1896.01
950.06,103.78,296.92,0.3405,1328.77
264.41,833.38,474.88,0.5952,1557.35
882.45,0.52,463.86,0.8292,1327.24
831.29,365.97,486.46,0.351,1718.16
940.81,4.38,5.43,0.0539,990.82
557.26,130.12,171.12,0.3252,842.43
148.73,125.28,14.89,0.719,295.24
978.81,890.32,83.28,0.4799,1962.2
551.36,187.15,682.22,0.6264,1409.86
527.15,825.3,29.39,0.0891,1345.02
764.03,997.46,163.09,0.3118,1871.19
651.76,30.16,628.88,0.2114,1283.3
109.61,187.96,440.0,0.4431,734.56
988.51,152.83,137.66,0.2219,1302.43
731.05,6.31,186.46,0.9302,924.48
380.21,199.69,419.75,0.6054,987.67
785.67,143.17,131.9,0.1068,1080.09
66.03,941.2,454.79,0.1957,1507.74
227.44,134.83,396.08,0.6147,755.94
675.22,53.27,276.19,0.0865,1010.96
502.24,7.79,412.33,0.3465,898.26
664.76,100.12,387.71,0.4712,1156.55
798.36,98.98,488.23,0.6309,1392.79
771.18,0.04,213.62,0.9365,961.1
736.27,59.46,325.26,0.7253,1132.86
470.99,1.39,742.64,0.3615,1201.19
409.85,225.17,474.29,0.9127,1103.53
170.56,712.54,394.57,0.4714,1311.78
506.73,372.94,377.21,0.7015,1279.18
111.91,214.57,607.67,0.2725,939.5
995.31,112.75,281.08,0.2031,1347.36
226.78,47.08,22.97,0.4795,298.1
466.33,132.13,514.41,0.9274,1123.26
959.35,444.05,398.97,0.808,1862.03
939.81,91.95,818.48,0.6836,1831.98
36.66,63.7,580.33,0.8548,685.14
270.23,417.79,327.0,0.5927,1018.74
207.35,0.22,483.75,0.2169,697.49
309.5,794.22,504.11,0.266,1636.63
770.53,614.13,891.42,0.6057,2235.38
679.41,1.33,663.77,0.3008,1351.74
465.95,16.21,692.73,0.8397,1202.52
838.49,592.28,218.39,0.5989,1613.2
114.75,270.35,330.08,0.3991,703.48
280.88,624.93,53.44,0.326,973.04
145.49,442.89,894.99,0.8507,1499.07
997.06,20.19,864.58,0.5368,1908.39
865.48,2.24,159.38,0.0506,1024.48
259.1,551.78,793.06,0.3151,1594.95
941.88,5.88,196.89,0.3887,1167.96
36.78,725.45,47.4,0.3786,825.14
347.95,1.27,100.1,0.6269,441.18
272.88,870.44,873.38,0.6014,2051.7
930.68,49.1,435.81,0.7139,1467.41
459.29,156.26,875.54,0.4958,1527.85
212.31,237.46,160.29,0.3796,617.03
671.12,0.54,90.26,0.0969,758.89
201.49,455.56,742.65,0.2702,1381.63
489.56,8.07,572.58,0.7134,1088.75
302.03,3.68,838.59,0.8878,1148.03
56.32,355.95,328.54,0.7328,755.36
459.04,36.72,578.39,0.6885,1081.29
347.76,2.16,865.04,0.5632,1225.35
830.57,118.24,79.7,0.3193,1041.06
734.14,15.91,576.6,0.1426,1299.15
122.54,8.41,148.95,0.6976,275.73
966.41,59.87,773.55,0.1323,1812.1
605.32,68.98,20.27,0.3472,694.41
808.34,996.73,187.15,0.7444,1987.37
288.43,272.58,224.22,0.1096,770.27
290.78,641.64,862.25,0.2096,1784.25
200.26,100.76,286.3,0.6267,580.95
21.92,420.48,317.76,0.6474,781.13
108.73,211.42,838.92,0.1714,1121.25
216.54,77.86,657.61,0.8074,968.15
803.65,656.08,81.63,0.6808,1563.26
86.36,38.0,317.82,0.6324,435.91
937.2,2.89,533.56,0.1691,1427.31
381.36,21.88,255.47,0.1568,638.75
384.25,0.04,455.52,0.2164,829.99
136.36,17.01,712.36,0.9449,888.06
472.72,85.81,322.49,0.2825,882.0
235.31,90.66,356.0,0.7221,697.45
21.98,181.63,103.07,0.1309,290.61
70.9,802.88,623.71,0.631,1487.52
850.75,17.73,237.23,0.851,1107.8
667.87,920.3,359.44,0.2967,1940.57
198.94,585.73,259.35,0.1546,1038.07
963.15,450.46,299.15,0.2054,1724.29
663.12,7.65,852.77,0.5829,1538.19
396.22,8.64,525.44,0.4284,924.65
19.37,692.23,838.65,0.1406,1534.21
725.56,269.9,357.94,0.3407,1321.96
110.76,555.16,346.59,0.0615,998.33
975.4,571.61,559.72,0.7206,2120.24
277.97,633.88,531.44,0.4524,1442.39
381.71,730.98,262.71,0.1943,1356.3
924.33,29.21,879.53,0.0865,1835.34
820.43,66.1,633.47,0.5835,1533.09
525.35,347.89,512.88,0.4129,1400.2
121.54,19.23,168.8,0.8062,305.19
1.48,561.84,247.83,0.0598,827.76
554.11,6.06,566.13,0.82,1116.01
871.18,9.78,576.91,0.8532,1471.0
780.03,221.49,144.16,0.8772,1118.54
785.06,0.81,440.4,0.5741,1241.16
701.85,0.17,290.59,0.6513,964.23
98.09,216.54,294.89,0.1521,608.18
402.04,250.19,206.02,0.1866,884.29
919.15,9.79,266.23,0.756,1198.57
394.95,534.67,672.86,0.3062,1545.76
261.29,141.58,399.1,0.4789,814.33
792.47,236.61,46.43,0.165,1077.92
918.53,0.11,890.8,0.4737,1811.15
682.09,968.87,183.64,0.9166,1884.59
810.46,348.21,438.82,0.5422,1617.8
765.56,969.13,102.2,0.4072,1863.02
326.15,904.26,498.54,0.8004,1732.75
522.18,874.77,307.47,0.4946,1720.45
711.35,0.0,513.46,0.1504,1237.28
504.26,67.81,45.6,0.5521,618.03
441.03,0.75,146.77,0.6042,574.67
981.09,1.51,521.87,0.8634,1518.68
804.17,2.88,887.28,0.6288,1649.02
581.02,735.42,277.96,0.2425,1605.73
984.68,949.62,82.48,0.0931,2001.14
642.97,244.27,629.39,0.0782,1507.04
479.45,286.08,522.28,0.73,1300.49
632.38,0.0,573.2,0.5104,1195.52
696.8,0.0,692.2,0.848,1353.63
354.55,655.37,55.93,0.2545,1057.52
357.13,38.95,358.59,0.9203,768.43
367.17,47.35,881.2,0.3091,1274.58
403.35,95.17,609.17,0.4822,1071.75
839.48,22.46,771.49,0.9213,1641.41
174.42,4.3,766.61,0.3053,974.2
784.07,0.17,389.99,0.6536,1159.26
406.64,43.91,71.56,0.5948,517.8
521.35,2.4,35.95,0.4885,555.82
488.4,4.39,869.87,0.0626,1363.51
711.15,804.82,41.19,0.0701,1541.44
440.79,8.55,119.07,0.8178,555.55
695.35,565.63,20.09,0.7201,1292.48
543.04,0.5,817.08,0.8676,1349.51
336.25,163.86,787.99,0.889,1310.02
364.44,10.37,2.6,0.3141,370.67
654.57,266.97,880.65,0.6468,1795.33
589.63,4.54,138.55,0.8845,745.4
477.11,746.93,546.17,0.4636,1797.61
125.79,633.39,722.63,0.8765,1491.76
490.03,7.28,792.97,0.2338,1314.34
658.68,611.19,759.4,0.3781,2087.26
489.79,665.21,260.35,0.5343,1422.96
743.17,223.58,665.75,0.311,1619.09
170.9,73.65,757.13,0.5102,998.79
817.01,146.73,306.19,0.7228,1271.4
519.23,2.59,287.99,0.481,793.93
773.77,469.65,183.91,0.1895,1452.01
287.49,281.37,677.97,0.5204,1267.43
335.75,808.42,502.03,0.9058,1647.07
659.54,21.55,514.62,0.3797,1211.36
552.15,0.16,646.37,0.2867,1194.56
830.25,733.33,114.0,0.9062,1631.61
119.55,50.33,494.42,0.2864,664.89
117.47,691.92,375.62,0.9293,1153.22
16.43,59.38,354.71,0.3727,430.13
585.31,742.07,562.74,0.5761,1882.47
661.58,344.58,40.05,0.0967,1052.47
583.97,257.07,320.57,0.2701,1170.26
301.56,93.25,539.75,0.8337,937.99
546.28,41.35,387.91,0.6303,974.37
211.27,531.27,746.77,0.9334,1496.45
101.52,82.29,51.72,0.7419,215.76
489.46,6.43,413.45,0.168,915.27
122.38,1.05,803.52,0.0776,919.15
205.76,88.21,229.52,0.2751,519.73
661.18,25.98,289.25,0.3823,971.27
187.84,42.86,786.69,0.6975,1021.62
809.72,67.11,652.05,0.4038,1523.6
663.84,303.88,793.51,0.793,1744.99
661.65,54.37,593.96,0.2899,1292.92
814.34,128.78,614.16,0.3089,1521.92
472.5,62.48,27.23,0.1395,551.7
77.25,238.79,140.81,0.6103,458.81
284.36,100.05,414.67,0.1689,787.37
641.2,334.15,803.39,0.7005,1784.41
299.14,101.6,877.87,0.9003,1266.95
33.18,0.27,877.52,0.7793,900.75
400.35,6.13,467.06,0.6356,874.75
473.4,45.11,799.28,0.6903,1307.15
357.18,4.29,747.46,0.4313,1126.55
721.59,240.55,722.37,0.2086,1675.04
337.24,146.23,679.86,0.7616,1147.22
773.02,187.85,219.41,0.7232,1203.1
567.41,529.77,34.43,0.2587,1121.29
218.9,7.14,855.93,0.8887,1069.83
103.01,484.15,705.37,0.373,1290.31
89.03,94.29,43.9,0.8436,238.35
169.36,3.07,96.7,0.1478,273.36
172.31,443.68,458.48,0.8348,1093.93
737.75,5.02,415.35,0.8754,1157.9
544.39,164.64,310.71,0.812,1017.86
683.65,998.13,704.45,0.7906,2386.17
470.05,49.18,440.15,0.5884,944.97
203.47,84.98,447.49,0.5367,727.81
729.45,907.81,169.56,0.8305,1792.19
52.92,412.95,774.81,0.8098,1219.74
6.67,698.08,232.05,0.2443,920.35
292.81,119.62,832.76,0.6743,1262.72
502.47,35.57,771.32,0.5481,1293.46
997.85,104.67,19.44,0.8509,1067.02
256.59,38.53,871.39,0.6305,1114.27
136.69,53.29,217.62,0.0663,401.45
10.64,657.26,591.88,0.5291,1279.87
436.51,30.81,603.45,0.5968,1088.01
951.04,55.45,652.02,0.452,1708.5
908.77,505.32,159.42,0.4404,1525.21
735.25,281.94,734.59,0.3358,1768.78
907.05,0.2,822.6,0.9183,1730.52
889.84,0.16,628.99,0.4713,1480.31
913.91,242.58,805.45,0.2128,2017.74
234.48,4.2,781.86,0.5822,1018.31
541.63,271.67,807.61,0.2215,1634.86
720.14,64.84,642.46,0.2294,1429.22
202.81,73.4,815.85,0.2506,1104.32
701.56,13.84,501.54,0.5705,1179.11
53.07,806.04,607.25,0.8224,1489.77
142.03,642.3,371.2,0.5419,1152.36
76.18,10.69,858.66,0.5864,947.85
38.89,673.67,885.58,0.1074,1632.12
959.42,804.55,588.6,0.5385,2394.71
543.24,659.98,136.83,0.1879,1324.33
969.09,0.58,137.09,0.4097,1090.75
89.11,0.05,831.84,0.4367,897.37
352.4,253.5,478.42,0.066,1106.83
54.12,1.18,145.05,0.8675,196.88
990.56,736.14,383.05,0.1172,2079.17
748.12,33.47,243.98,0.8472,1037.71
208.97,9.28,719.94,0.8304,931.72
153.46,14.75,587.07,0.2054,755.55
299.89,266.09,441.27,0.9111,1006.27
927.89,105.73,848.93,0.2119,1883.17
361.47,1.93,172.46,0.4191,538.91
573.68,0.0,720.08,0.3225,1262.41
271.24,22.97,536.23,0.0652,862.09
968.34,96.81,743.51,0.7879,1807.99
462.01,241.08,714.59,0.9194,1413.37
703.65,85.28,354.7,0.051,1099.66
618.06,249.4,842.49,0.2608,1680.88
460.01,116.14,706.05,0.292,1266.23
488.1,137.72,352.46,0.1186,969.24
656.57,0.13,266.96,0.7967,897.79
602.62,49.4,51.46,0.5544,703.19
709.92,62.01,457.86,0.5553,1272.92
812.0,1.03,84.0,0.1946,900.62
251.09,462.97,345.59,0.4277,1076.98
616.35,0.01,372.74,0.7849,977.47
274.92,803.35,871.66,0.4686,1883.0
872.87,22.44,655.01,0.6676,1549.82
160.97,5.45,348.75,0.538,512.19
732.02,21.37,545.55,0.2708,1282.5
425.07,132.42,677.61,0.357,1234.87
312.78,135.91,271.91,0.7971,729.53
985.14,0.29,805.01,0.7718,1797.81
666.92,0.05,49.29,0.5607,705.82
310.1,661.63,544.64,0.6291,1543.99
404.19,0.33,507.79,0.7924,919.46
136.11,394.45,189.01,0.2366,707.69
972.51,418.63,304.85,0.8198,1692.78
340.79,0.12,392.99,0.2788,747.53
189.61,5.02,42.8,0.5039,228.78
763.07,73.04,894.34,0.1131,1693.69
970.67,79.68,312.49,0.1727,1389.62
313.28,187.02,829.11,0.5676,1295.34
493.71,353.38,538.74,0.1721,1394.94
531.11,57.44,831.36,0.9365,1419.75
921.46,824.45,313.78,0.3571,2047.89
216.14,3.68,150.97,0.1925,362.97
649.53,644.26,163.89,0.6346,1453.5
647.13,0.0,758.06,0.4019,1417.4
341.64,890.67,605.75,0.8855,1850.42
296.85,93.33,129.38,0.2492,518.33
339.03,0.08,193.04,0.6054,530.16
199.25,9.51,670.74,0.6242,882.12
145.6,734.46,250.48,0.2982,1125.7
962.34,1.09,558.94,0.815,1502.79
769.89,0.26,739.46,0.7496,1476.84
180.21,126.81,356.09,0.6739,660.46
42.51,31.57,649.9,0.6249,715.91
594.27,149.82,281.14,0.0679,1022.02
9.44,354.5,192.68,0.335,567.58
558.84,1.52,395.15,0.6492,932.52
512.48,11.8,617.07,0.326,1136.79
634.46,0.2,349.98,0.3808,978.93
606.14,461.0,276.48,0.3862,1344.49
582.76,451.12,130.28,0.0638,1131.12
343.2,143.58,596.99,0.9435,1085.1
326.22,6.26,484.52,0.5,807.26
963.95,157.61,891.7,0.2274,1990.14
99.04,411.25,263.12,0.9126,779.26
564.45,348.61,387.75,0.9187,1312.93
23.54,320.55,463.1,0.5975,794.23
720.0,106.14,61.44,0.102,883.06
964.32,875.05,349.59,0.6544,2171.43
706.99,94.95,448.77,0.1413,1245.36
182.63,0.0,371.64,0.1438,563.47
307.69,93.16,216.72,0.9074,614.29
248.38,90.36,546.66,0.2177,884.16
420.54,0.03,231.23,0.215,642.52
497.52,5.84,512.05,0.4426,1008.34
201.42,261.09,738.27,0.4865,1197.49
261.62,30.94,794.83,0.6115,1070.48
321.95,665.15,712.5,0.904,1748.35
947.17,286.77,661.07,0.2173,1879.63
994.32,481.86,800.14,0.286,2321.43
529.57,18.9,130.07,0.2173,674.25
422.0,0.01,429.37,0.5259,854.46
89.62,684.84,210.36,0.4439,1011.19
715.67,376.49,720.48,0.9203,1826.91
997.39,817.17,127.61,0.3153,1948.88
880.47,159.4,461.69,0.1577,1515.72
499.33,1.14,821.09,0.2637,1326.95
834.04,307.36,211.15,0.9497,1329.91
805.43,100.0,64.95,0.2684,961.62
206.96,692.49,263.22,0.5997,1127.39
244.94,43.89,853.06,0.2403,1134.44
372.31,2.9,499.07,0.3856,889.29
925.73,185.36,264.14,0.5287,1373.75
674.78,0.65,57.97,0.1892,743.97
167.87,16.41,475.32,0.5595,638.33
436.82,470.56,71.57,0.538,983.98
924.66,373.69,622.38,0.8643,1957.37
757.83,649.88,893.48,0.4362,2280.31
188.45,174.65,400.99,0.1741,757.27
901.9,880.77,162.11,0.067,1907.0
270.74,248.52,480.39,0.5705,990.08
10.29,19.09,829.89,0.4305,878.54
23.85,51.15,200.01,0.5187,279.16
61.33,360.81,20.34,0.6653,447.12
348.17,1.86,498.95,0.7625,857.29
903.21,0.03,321.53,0.3918,1236.71
420.97,186.73,174.55,0.2305,778.79
297.4,268.43,463.17,0.3085,1046.16
633.6,19.59,41.39,0.2618,678.82
206.16,33.85,889.47,0.8921,1129.61
837.89,22.02,671.25,0.856,1554.59
632.86,567.51,6.33,0.397,1204.33
406.74,6.53,696.74,0.5994,1113.99
338.85,0.93,777.29,0.2305,1118.14
293.73,12.16,402.15,0.7091,689.24
92.72,114.12,493.27,0.641,712.78
387.29,3.56,270.2,0.2736,660.24
954.82,6.17,514.88,0.4126,1448.6
584.89,140.75,296.84,0.3566,1030.57
413.21,47.45,893.2,0.134,1320.4
989.54,798.62,624.25,0.4072,2486.1
936.42,159.43,308.81,0.0619,1401.73
93.06,32.34,560.35,0.3,671.5
588.77,0.39,835.59,0.935,1483.86
6.7,0.0,92.86,0.8755,82.62
17.75,0.37,273.12,0.3014,289.99
81.42,311.88,532.01,0.3684,966.44
474.5,260.34,274.21,0.1697,1004.26
115.78,589.68,506.44,0.4725,1212.55
699.97,118.27,92.62,0.7891,930.19
769.91,11.86,289.37,0.3456,1079.17
882.16,49.0,276.8,0.4777,1185.62
365.61,804.31,839.31,0.3385,2061.4
642.37,23.36,893.29,0.5871,1529.21
690.74,11.16,534.31,0.8276,1232.11
457.78,160.08,577.22,0.3843,1187.43
449.76,995.89,629.85,0.17,2030.21
881.54,3.06,405.92,0.6291,1304.86
322.75,12.38,93.03,0.1221,423.39
685.18,0.33,584.3,0.8228,1264.87
941.15,100.39,423.18,0.1927,1459.22
760.68,8.17,551.99,0.4237,1357.54
74.58,60.24,371.62,0.4709,508.66
282.92,43.84,145.11,0.167,467.41
505.12,477.45,308.34,0.8864,1313.36
961.7,456.97,644.83,0.5836,2044.63
315.03,0.32,323.37,0.746,658.48
891.7,154.78,719.65,0.5079,1743.63
994.87,528.27,789.46,0.7906,2367.54
353.99,180.54,184.71,0.4469,718.0
300.13,349.85,67.29,0.8787,712.07
253.56,879.71,783.98,0.137,1991.86
847.28,111.23,782.28,0.4864,1747.62
225.02,36.72,306.39,0.7158,560.26
747.57,168.59,535.88,0.6898,1463.96
384.49,318.43,40.39,0.7435,745.76
971.6,5.83,118.57,0.8796,1082.0
606.43,869.04,608.12,0.2885,2082.46
343.25,296.44,854.9,0.1074,1520.55
803.58,667.57,770.82,0.7497,2280.51
350.92,203.41,121.11,0.4025,657.03
296.54,500.85,616.49,0.055,1389.47
525.67,280.53,558.05,0.1142,1356.59
684.03,17.05,77.04,0.9439,768.3
722.83,152.89,532.91,0.4934,1381.65
740.15,0.34,294.7,0.7024,1009.47
758.5,122.25,692.02,0.7022,1580.14
946.76,234.99,465.68,0.7187,1644.19
625.22,0.01,65.24,0.7986,693.11
988.48,10.27,636.69,0.4262,1619.83
366.53,7.29,488.86,0.8315,883.72
550.64,803.07,784.76,0.2269,2140.76
859.64,188.65,699.16,0.6306,1722.96
451.91,43.38,625.23,0.1006,1103.52
244.6,353.86,418.17,0.6806,1025.25
768.42,788.05,88.76,0.1245,1670.2
454.44,124.48,806.49,0.939,1373.9
950.3,16.51,165.79,0.6723,1133.18
798.76,744.1,513.39,0.8346,2034.46
65.9,164.81,868.06,0.6066,1086.7
911.3,471.08,542.15,0.7812,1906.57
582.32,694.12,377.39,0.7904,1700.71
331.28,272.43,397.01,0.3652,994.08
155.62,285.77,138.48,0.4899,580.42
664.49,54.96,405.15,0.2709,1129.79
904.71,598.75,87.93,0.2146,1582.68
415.8,568.46,520.6,0.2621,1498.38
93.55,56.62,337.02,0.2907,465.99
215.77,2.98,123.72,0.931,341.63
641.14,60.95,150.58,0.4891,852.64
242.84,438.97,210.24,0.6974,892.94
498.48,311.99,619.32,0.9318,1411.75
377.8,412.42,57.84,0.4926,832.41
265.03,126.87,145.86,0.9003,533.45
766.21,3.17,453.27,0.2425,1228.74
929.81,389.32,592.45,0.2693,1933.72
838.27,13.53,240.46,0.2812,1100.28
324.45,16.81,115.36,0.7486,454.69
151.41,191.44,395.69,0.4539,737.74
754.07,0.25,802.71,0.0622,1569.58
93.78,295.56,374.52,0.176,751.04
259.66,279.5,602.49,0.5445,1135.18
22.32,282.16,587.8,0.4661,874.56
74.0,440.59,282.64,0.0784,798.68
244.74,201.76,554.65,0.1527,1002.56
102.95,585.11,767.73,0.2337,1457.1
82.3,155.78,645.57,0.4104,892.33
764.67,487.7,294.65,0.0698,1554.98
81.36,17.91,392.01,0.4512,493.48
210.69,58.48,838.99,0.8474,1102.77
781.15,167.11,30.18,0.7595,984.56
243.61,0.43,689.31,0.6856,954.38
506.75,80.13,496.04,0.0567,1075.24
828.55,0.21,818.89,0.4203,1600.36
38.87,943.72,597.83,0.6048,1576.54
802.83,204.97,320.19,0.6133,1331.78
424.8,3.89,103.3,0.9448,540.1
11.29,10.44,329.66,0.0619,348.46
522.0,39.57,799.42,0.2687,1400.41
103.7,496.86,306.82,0.8622,892.05
540.25,24.63,847.14,0.4793,1407.68
31.98,116.8,139.5,0.1173,287.98
522.72,14.99,380.57,0.521,910.44
556.5,90.75,500.38,0.6794,1183.79
695.88,0.43,814.25,0.7792,1511.52
171.51,201.91,839.37,0.8896,1181.17
852.8,98.95,74.01,0.9259,1037.77
288.19,728.71,669.35,0.3773,1679.19
20.1,196.34,243.63,0.5489,457.66
720.29,256.58,647.08,0.6885,1589.14
983.82,87.01,680.55,0.2493,1774.97
850.79,0.9,720.72,0.5757,1585.19
110.7,242.78,470.82,0.802,821.87
520.86,80.11,71.73,0.4658,680.59
16.53,396.91,381.02,0.2102,785.24
368.88,975.07,465.66,0.4219,1791.12
285.15,913.01,697.09,0.5421,1870.65
68.5,837.26,573.6,0.5227,1473.56
887.7,26.5,466.68,0.7861,1380.15
711.23,203.32,350.19,0.2694,1268.24
713.98,112.61,851.45,0.1914,1680.18
673.27,837.35,236.21,0.27,1790.5
703.11,31.0,457.8,0.165,1203.3
196.57,16.23,381.73,0.1746,585.26
654.94,287.96,180.97,0.3562,1132.69
79.41,79.09,412.96,0.6576,578.99
989.14,115.69,404.12,0.2898,1476.69
812.13,903.19,128.79,0.0743,1865.15
416.56,305.65,854.97,0.0719,1567.38
792.83,316.98,402.16,0.9132,1504.77
29.17,1.05,796.26,0.9127,809.66
224.25,0.08,104.06,0.268,330.09
134.92,0.45,881.47,0.1482,1010.95
527.3,19.99,374.22,0.4252,929.0
19.54,533.36,320.23,0.9466,893.08
17.77,591.44,181.27,0.0501,783.74
859.55,43.6,296.8,0.773,1245.94
898.94,892.48,79.42,0.4175,1818.0
617.94,908.98,869.68,0.6481,2414.3
873.34,85.76,497.69,0.8377,1454.69
375.37,578.91,785.76,0.7346,1760.23
412.02,1.65,290.1,0.259,693.39
750.65,287.64,61.57,0.1968,1069.48
438.97,614.22,35.09,0.2515,1087.32
370.0,11.16,524.59,0.915,919.8
525.59,1.12,131.96,0.3323,643.58
799.19,930.73,455.58,0.5721,2204.57
511.33,378.9,35.79,0.8485,954.03
312.98,33.62,892.24,0.3186,1254.85
359.62,169.99,381.18,0.4893,927.44
63.58,621.42,764.59,0.9307,1436.7
302.0,671.41,852.94,0.3138,1807.05
505.77,81.1,525.59,0.8629,1127.29
103.25,367.89,115.47,0.3435,584.46
909.01,47.86,541.34,0.6205,1478.19
698.13,146.45,291.45,0.4607,1152.65
33.85,48.58,825.23,0.3919,905.02
81.22,104.57,264.93,0.4253,436.43
309.6,2.64,36.86,0.3208,360.0
469.54,960.86,205.39,0.8709,1612.65
775.31,337.23,18.64,0.743,1142.14
300.26,10.71,386.67,0.2429,712.18
679.92,267.37,666.63,0.3353,1624.94
643.22,178.79,520.97,0.1054,1363.29
578.56,1.27,164.1,0.5617,735.63
511.87,10.76,159.34,0.7635,678.9
329.96,33.79,371.56,0.2291,736.33
971.86,442.27,251.37,0.3663,1682.65
699.68,38.69,788.03,0.6998,1486.15
384.66,2.37,423.1,0.8898,809.95
482.71,67.82,551.34,0.866,1099.59
614.18,945.24,536.15,0.673,2098.23
456.05,0.22,394.1,0.169,845.44
793.5,445.45,374.22,0.7275,1646.95
105.88,3.71,743.84,0.8393,852.49
247.85,739.75,788.03,0.6868,1771.27
109.19,432.01,788.39,0.6607,1338.63
90.66,3.9,890.05,0.841,989.01
929.89,0.14,407.68,0.2242,1325.16
996.26,1.36,794.75,0.1091,1828.99
920.91,512.27,24.01,0.291,1444.1
447.9,85.81,621.16,0.1815,1153.94
149.29,18.54,532.3,0.6711,720.08
310.32,442.95,520.06,0.3298,1288.68
130.35,74.52,708.89,0.842,916.29
701.56,0.0,669.9,0.8146,1389.26
93.72,0.0,331.65,0.2789,420.87
166.08,457.48,589.46,0.4052,1239.93
344.13,185.89,406.97,0.349,948.47
315.56,101.53,272.33,0.9243,684.91
387.08,321.65,242.57,0.5054,963.82
961.12,158.79,656.5,0.7773,1736.32
458.32,649.07,575.14,0.0659,1690.98
404.2,370.08,308.16,0.5241,1059.08
68.05,61.04,223.59,0.5888,340.67
779.44,760.74,443.33,0.0956,2026.43
481.07,46.41,414.19,0.8344,946.31
211.47,907.17,543.58,0.3811,1642.38
429.01,529.28,882.47,0.2872,1854.69
38.68,424.43,758.29,0.3248,1196.63
962.6,292.78,533.46,0.1244,1817.01
272.11,4.56,83.06,0.8425,356.6
863.36,823.25,374.13,0.3042,2024.99
978.65,3.15,304.0,0.7426,1285.69
378.9,1.86,733.25,0.2828,1093.69
574.58,801.83,70.34,0.4827,1453.38
529.29,886.85,217.0,0.482,1621.63
446.93,15.72,99.22,0.813,561.61
133.89,57.88,836.38,0.5704,1019.53
918.05,22.6,22.98,0.3724,964.23
892.9,241.94,526.3,0.6986,1623.03
888.02,204.98,477.92,0.6264,1527.23
631.01,1.69,450.75,0.7904,1080.03
402.2,251.37,582.86,0.1968,1247.87
16.97,504.58,731.99,0.53,1216.17
110.25,260.37,180.69,0.3638,555.11
138.23,48.73,513.84,0.4876,720.95
799.62,0.15,24.51,0.8661,831.07
986.26,0.06,827.01,0.6526,1761.85
268.4,132.91,628.35,0.2516,1045.8
851.22,261.82,462.92,0.865,1541.47
621.13,88.54,281.78,0.8838,992.81
636.85,21.39,543.4,0.7336,1228.49
434.23,119.34,482.14,0.5101,1045.65
597.96,439.15,659.0,0.6456,1700.53
533.09,490.29,124.89,0.4821,1174.47
632.28,375.74,195.96,0.2167,1198.63
638.12,213.28,161.02,0.5893,1005.87
149.27,8.9,198.89,0.6472,356.04
52.87,633.99,371.65,0.7999,1041.49
644.72,14.32,26.28,0.2028,692.75
771.3,363.01,470.95,0.079,1561.48
928.05,371.65,822.99,0.536,2174.42
781.15,969.47,459.52,0.1288,2200.47
757.34,574.0,676.47,0.9311,2013.84
740.51,376.26,344.67,0.8532,1486.7
678.5,67.07,251.74,0.1522,996.38
223.64,371.01,423.12,0.738,1004.56
152.14,41.69,185.81,0.5771,381.6
214.08,510.36,35.16,0.6337,754.4
917.87,44.95,96.67,0.5009,1069.22
625.33,195.51,178.9,0.091,1017.79
412.2,189.95,33.09,0.2065,613.9
452.8,15.16,722.4,0.8662,1209.62
690.79,4.12,93.73,0.2111,784.03
488.69,9.18,230.5,0.2507,724.22
922.06,21.37,220.05,0.1615,1172.21
823.92,48.81,19.66,0.5264,899.87
13.99,60.36,595.2,0.7568,669.83
483.98,385.55,890.64,0.8794,1754.14
412.62,798.75,506.99,0.0599,1741.14
463.34,439.55,822.56,0.3836,1686.94
439.46,57.54,434.71,0.6095,931.32
866.96,660.0,166.12,0.1573,1670.55
952.21,3.28,738.9,0.9052,1730.32
550.02,783.11,11.46,0.8262,1364.67
389.52,637.42,663.72,0.7666,1699.35
575.4,46.21,590.03,0.716,1214.4
878.89,2.11,497.04,0.5329,1342.92
483.71,16.35,228.61,0.3514,722.59
685.07,74.11,198.03,0.1725,963.46
111.43,26.14,191.33,0.1258,325.17
71.85,13.27,153.37,0.8175,243.36
554.02,344.31,759.25,0.3277,1666.54
7.42,15.46,471.15,0.3511,495.57
92.83,615.64,676.3,0.7574,1366.0
174.47,399.28,500.68,0.0637,1080.72
219.44,489.2,540.21,0.588,1261.98
495.67,97.3,416.23,0.3304,1002.91
71.15,30.62,105.57,0.1841,216.34
223.19,4.69,473.93,0.0581,707.1
384.95,23.58,56.89,0.2657,464.33
422.16,265.45,761.45,0.8089,1467.18
140.48,341.8,164.33,0.6296,640.76
935.78,55.03,732.62,0.2516,1733.36
758.33,353.84,172.01,0.241,1275.72
434.39,183.87,102.02,0.1469,719.1
312.65,394.78,90.29,0.0625,799.51
391.76,899.76,27.51,0.6061,1307.83
348.37,322.73,710.28,0.3115,1389.89
969.19,30.64,175.16,0.8742,1182.85
133.53,58.35,615.15,0.8871,816.42
782.43,19.66,619.07,0.2777,1448.33
358.48,384.36,347.97,0.5704,1089.4
231.65,26.6,233.59,0.4428,494.71
991.79,24.45,392.72,0.2967,1410.11
905.3,335.06,448.12,0.6644,1726.14
204.54,25.72,439.54,0.7133,677.83
369.87,2.25,591.0,0.2463,947.8
409.81,75.81,495.48,0.1477,969.68
546.33,154.5,252.4,0.0547,935.21
477.48,63.56,490.05,0.6873,1026.27
431.53,973.53,529.15,0.2953,1884.47
474.4,2.33,25.61,0.5532,498.7
810.71,0.0,643.39,0.6926,1431.9
814.05,918.17,115.59,0.3527,1815.83
830.5,532.47,512.27,0.9049,1901.41
344.27,962.85,308.06,0.8638,1619.67
727.08,114.47,533.67,0.8625,1407.62
800.84,92.45,91.15,0.8788,978.11
285.48,666.47,502.71,0.374,1462.75
800.64,951.33,186.97,0.0563,1959.33
912.77,652.69,394.66,0.7854,1971.5
575.16,302.92,101.27,0.1903,973.5
995.89,58.81,284.49,0.3609,1317.01
25.4,797.91,516.55,0.5344,1369.38
28.77,607.84,473.9,0.0546,1120.06
423.16,61.27,55.28,0.6554,537.78
968.72,1.26,850.81,0.4804,1833.78
755.44,70.6,81.06,0.164,897.77
654.12,864.99,698.51,0.6135,2191.62
450.24,13.93,143.91,0.4944,603.09
953.28,0.02,25.54,0.6118,974.19
554.02,542.87,112.89,0.1133,1243.3
859.85,14.99,434.18,0.189,1331.74
192.18,571.97,223.09,0.1491,969.65
540.58,693.33,34.75,0.1788,1283.58
90.78,41.99,336.39,0.4891,481.6
246.18,35.18,389.52,0.4031,657.73
45.81,3.24,124.33,0.532,159.91
74.8,476.86,882.32,0.0827,1418.08
509.04,729.12,453.75,0.3916,1706.2
770.58,512.3,210.71,0.6352,1481.84
456.29,590.58,715.77,0.5497,1755.23
67.43,571.63,714.83,0.7175,1346.31
213.46,10.55,615.74,0.3024,839.73
562.79,45.43,432.56,0.7075,1028.11
906.41,371.02,736.39,0.4217,2039.36
784.69,0.1,329.78,0.1534,1123.66
971.7,737.09,826.98,0.3875,2553.46
389.43,48.9,13.21,0.5817,457.08
397.26,615.65,401.85,0.6255,1418.33
620.7,25.45,721.46,0.0513,1398.79
817.75,88.78,241.35,0.0671,1170.97
794.27,148.77,105.88,0.3852,1066.12
105.7,50.13,124.66,0.6907,290.14
288.38,3.48,715.3,0.8866,1016.09
527.36,753.77,848.92,0.1747,2179.49
504.95,68.46,733.29,0.0733,1308.27
234.86,2.98,567.42,0.8973,806.15
963.84,231.5,536.48,0.2174,1729.08
62.35,922.34,250.39,0.467,1241.62
450.25,12.34,754.53,0.107,1204.92
767.52,691.66,870.69,0.1016,2325.81
247.83,871.45,871.8,0.5679,1944.36
469.07,739.36,98.25,0.7722,1329.25
454.89,183.76,427.31,0.8183,1059.5
126.63,262.2,676.1,0.4958,1068.07
481.21,577.21,639.95,0.9141,1684.74
674.81,150.32,489.66,0.1204,1302.22
236.83,906.62,807.55,0.4186,1988.44
384.77,981.58,61.36,0.8611,1405.71
557.15,654.43,556.44,0.2067,1743.91
861.06,3.45,465.7,0.6343,1303.04
354.01,546.69,251.06,0.3232,1164.71
63.31,0.48,869.89,0.4404,941.23
990.46,928.04,693.99,0.5772,2658.0
181.89,1.7,336.63,0.2877,533.06
919.72,221.39,587.3,0.5316,1717.95
857.25,0.06,607.47,0.2,1458.02
651.06,14.95,699.68,0.7557,1393.02
426.9,287.56,61.99,0.3733,768.4
711.02,50.42,833.39,0.7729,1596.06
711.93,30.22,443.53,0.5645,1176.91
845.54,168.62,415.53,0.3338,1435.43
308.63,1.9,77.87,0.8248,398.57
647.28,981.35,236.74,0.6193,1876.21
67.32,41.3,114.71,0.2677,234.65
330.86,0.02,798.06,0.8804,1148.36
353.23,537.63,89.04,0.6018,979.42
859.88,451.72,809.81,0.9203,2144.55
267.34,236.38,842.98,0.2214,1361.7
747.35,248.17,406.55,0.1315,1402.65
338.44,752.86,535.88,0.7291,1630.91
968.15,11.21,666.81,0.4166,1653.77
894.77,82.16,312.03,0.7626,1288.5
589.85,0.15,847.69,0.8595,1432.17
527.15,473.51,634.52,0.4353,1622.5
842.29,329.84,282.6,0.4404,1465.33
634.66,776.21,26.56,0.6154,1440.14
289.01,728.66,386.27,0.4313,1394.28
744.51,86.0,354.39,0.6729,1162.51
993.9,29.97,840.47,0.5035,1857.49
717.28,57.23,790.66,0.4203,1544.43
675.7,40.33,557.93,0.3124,1256.66
522.77,135.49,895.27,0.5355,1528.78
855.93,0.0,847.49,0.3519,1714.3
592.85,621.36,345.0,0.8183,1583.73
298.33,239.18,187.82,0.6439,712.9
647.83,396.87,789.58,0.6611,1835.92
662.01,797.91,650.83,0.2912,2102.6
924.97,13.28,330.24,0.151,1260.12
577.93,34.31,245.21,0.5593,866.79
464.6,943.21,667.47,0.6841,2093.27
195.12,403.31,148.82,0.5453,750.33
724.11,166.95,196.36,0.7528,1090.44
39.54,159.23,73.64,0.1545,267.1
759.6,182.41,455.66,0.2416,1388.55
222.95,32.72,777.87,0.1823,1024.39
137.95,479.21,129.69,0.1408,745.77
506.35,87.33,769.6,0.5511,1370.81
316.19,465.99,127.22,0.8114,911.8
329.6,10.65,289.96,0.0986,634.11
256.13,669.56,128.38,0.4676,1066.47
752.53,10.78,856.77,0.9039,1632.05
458.95,37.34,356.48,0.7618,855.93
894.45,69.32,624.16,0.7109,1628.78
911.55,131.95,456.39,0.0948,1517.78
610.29,12.05,283.26,0.3802,923.12
805.94,157.99,706.07,0.5607,1679.95
221.64,34.05,204.81,0.8598,455.91
96.49,582.56,126.87,0.0541,795.83
150.37,62.67,292.34,0.916,511.22
57.21,470.36,299.91,0.5566,825.68
989.26,276.89,590.13,0.7247,1872.37
401.68,83.83,714.35,0.1255,1204.45
781.0,0.33,853.31,0.5475,1590.96
196.89,8.71,167.61,0.5171,367.03
162.75,0.13,30.73,0.1627,201.0
409.75,409.12,21.9,0.3045,847.44
991.59,333.66,179.08,0.1418,1506.35
736.39,992.25,239.34,0.7807,2006.03
676.61,135.57,835.56,0.6411,1649.96
610.59,461.28,118.28,0.7997,1215.31
352.19,0.27,701.16,0.8377,1045.92
748.04,445.89,261.02,0.1519,1453.46
250.49,81.64,787.67,0.3385,1128.31
28.8,0.45,593.91,0.9006,612.76
909.71,1.46,794.23,0.8497,1702.96
346.39,9.95,885.12,0.3158,1231.25
423.78,145.27,607.42,0.3734,1179.39
231.08,644.45,507.62,0.8831,1407.1
755.43,38.33,197.07,0.8642,990.71
28.69,588.4,736.88,0.8757,1384.09
838.25,2.16,547.48,0.8738,1393.22
898.62,360.73,328.09,0.2242,1549.17
96.74,3.92,506.53,0.0766,600.81
357.56,266.34,767.65,0.4172,1352.2
518.74,212.0,322.52,0.6313,1059.64
195.51,607.78,186.33,0.7614,976.6
755.51,0.0,194.89,0.4474,934.27
101.8,181.64,756.59,0.0643,1027.06
396.58,0.77,77.02,0.242,462.67
333.22,919.47,402.72,0.5682,1656.05
103.95,73.82,405.73,0.9065,587.25
4.59,21.18,518.78,0.6859,556.2
712.06,371.42,639.75,0.2769,1719.82
193.83,43.46,403.19,0.1305,650.86
143.56,23.71,290.48,0.5789,476.01
309.16,588.35,319.76,0.7759,1227.32
358.78,198.21,453.63,0.3753,988.0
504.21,0.79,356.12,0.1136,862.3
962.8,114.42,528.53,0.5018,1567.96
108.13,37.15,462.94,0.6773,610.31
527.74,44.88,233.71,0.7189,806.68
631.85,1.01,715.54,0.5812,1337.78
691.74,98.76,459.22,0.3309,1248.45
494.41,40.21,207.36,0.6151,732.29
203.61,473.15,486.14,0.6189,1154.36
625.63,0.7,257.23,0.7461,894.33
50.83,393.99,204.41,0.801,652.03
298.97,24.7,615.74,0.6627,902.65
951.16,29.24,552.29,0.4468,1511.24
146.61,766.23,785.22,0.9106,1677.51
702.92,0.15,397.5,0.0823,1084.99
590.16,0.23,538.66,0.6312,1155.18
656.8,527.43,698.06,0.6995,1925.25
334.36,427.65,804.04,0.197,1564.19
850.65,13.16,473.71,0.9423,1354.07
162.44,796.13,194.12,0.7933,1150.86
235.23,1.36,501.67,0.5929,762.87
293.18,854.53,12.25,0.3374,1178.19
367.14,846.86,271.42,0.3248,1489.2
826.06,204.71,375.21,0.3805,1397.38
982.32,91.17,202.26,0.4074,1251.0
661.41,0.01,396.55,0.0762,1052.3
379.09,430.56,600.96,0.8594,1401.94
162.28,0.44,221.21,0.5023,380.95
758.91,286.97,385.39,0.6922,1401.97
43.69,400.93,594.98,0.5192,1043.09
514.69,17.6,874.58,0.4687,1389.81
571.63,552.64,417.66,0.5695,1488.47
943.28,2.13,314.33,0.5459,1233.91
840.57,661.99,186.96,0.8963,1733.19
593.03,42.36,512.66,0.2822,1141.74
735.53,878.64,80.47,0.5863,1696.49
374.85,22.44,61.06,0.938,466.7
562.52,192.82,74.82,0.4061,835.29
550.79,63.13,191.54,0.2728,793.63
640.2,35.43,808.01,0.068,1474.37
530.12,716.03,788.14,0.3372,2021.38
871.9,564.87,144.02,0.5299,1580.88
727.11,658.84,562.13,0.9047,1931.24
397.29,42.54,228.95,0.3756,667.91
501.88,33.07,530.57,0.4337,1065.98
528.54,167.63,760.12,0.31,1419.47
875.99,330.03,100.18,0.4282,1298.25
249.74,39.07,630.8,0.39,923.02
797.88,58.26,383.29,0.1255,1226.02
84.55,186.93,683.73,0.1624,962.0
988.97,88.78,520.9,0.8276,1586.93
340.96,597.76,292.26,0.777,1245.39
580.34,274.14,512.61,0.1488,1354.66
120.16,0.16,443.51,0.2882,572.49
627.01,101.08,510.1,0.6558,1251.7
689.77,94.33,637.07,0.2908,1417.69
794.37,720.54,849.18,0.5186,2376.27
378.98,469.8,242.4,0.6255,1110.21
280.0,17.33,144.74,0.7101,455.27
181.76,748.5,185.52,0.1462,1112.86
923.06,4.43,160.34,0.3136,1077.54
419.39,371.03,75.73,0.3209,881.37
941.7,413.47,331.95,0.2357,1704.92
284.92,243.89,622.24,0.7603,1119.71
401.82,3.29,179.8,0.5782,598.25
382.26,150.87,772.96,0.0882,1302.19
1.3,32.69,149.94,0.3009,188.62
344.58,63.96,833.46,0.564,1224.69
624.04,89.25,802.29,0.7455,1510.06
220.19,996.44,692.61,0.4215,1875.71
771.55,60.19,40.03,0.6057,845.76
242.4,140.02,717.16,0.2522,1106.49
424.78,2.55,224.96,0.3205,645.1
663.27,47.47,851.84,0.2985,1563.59
619.18,872.75,769.62,0.3864,2261.04
456.81,28.38,432.87,0.13,925.52
69.04,2.5,255.57,0.6254,316.74
781.05,34.78,39.08,0.0989,860.38
871.75,808.97,869.85,0.8139,2498.68
474.69,576.81,808.36,0.3749,1857.96
178.86,0.0,319.84,0.8791,503.62
894.69,46.2,42.62,0.373,985.12
671.84,904.13,279.52,0.7313,1854.25
248.03,475.54,858.96,0.7496,1576.83
583.1,414.35,727.14,0.6876,1714.89
861.62,9.95,899.51,0.6839,1756.12
497.37,713.34,886.23,0.7902,2088.28
215.99,2.47,692.52,0.6858,892.24
446.49,0.27,513.74,0.5291,986.85
89.27,65.25,378.52,0.468,535.63
585.28,7.18,820.98,0.6187,1440.43
491.81,51.03,232.33,0.4066,779.34
925.16,828.98,689.4,0.2109,2501.91
335.36,76.87,415.3,0.2804,812.55
103.64,85.87,532.72,0.8441,725.47
45.35,410.89,711.38,0.081,1161.01
559.26,32.62,587.5,0.3263,1185.86
487.5,25.39,295.38,0.8519,806.63
277.14,129.85,120.61,0.5581,521.29
480.87,0.0,812.94,0.7258,1330.17
805.75,636.96,823.67,0.2788,2178.18
253.71,930.49,715.59,0.7094,1862.31
306.7,3.71,265.84,0.8778,562.64
957.21,207.08,14.66,0.3538,1162.98
425.82,300.77,241.35,0.416,1001.37
362.47,128.61,462.08,0.2256,922.37
221.21,1.25,727.24,0.6931,945.42
134.6,949.99,824.94,0.3757,1914.53
287.33,53.15,484.99,0.2922,799.04
719.97,6.98,270.38,0.9101,982.48
227.9,23.27,201.41,0.8327,450.68
548.17,2.15,664.71,0.814,1212.41
211.09,335.06,293.95,0.875,854.59
406.29,0.06,853.06,0.9091,1295.43
6.17,377.54,252.63,0.7244,640.88
616.81,829.0,467.43,0.9014,1922.01
846.11,779.77,772.88,0.8764,2357.03
212.5,19.08,864.03,0.8707,1102.49
797.06,88.66,89.55,0.6494,969.94
403.85,47.89,145.27,0.4149,603.09
197.17,214.79,561.64,0.3938,967.9
155.88,72.05,453.09,0.0828,680.64
1.62,0.11,601.8,0.7593,607.86
322.26,365.42,783.48,0.3329,1493.25
898.35,292.01,73.58,0.1942,1274.32
477.16,12.51,75.23,0.1196,560.74
735.66,71.71,358.75,0.0526,1135.5
187.14,62.83,39.66,0.5509,286.99
843.61,4.6,547.16,0.8104,1407.07
175.4,248.15,137.06,0.2249,536.51
839.04,47.73,716.81,0.6655,1579.68
279.72,386.75,757.5,0.1313,1399.11
274.11,1.47,163.72,0.7811,444.11
967.72,36.46,821.23,0.129,1843.42
177.51,518.61,841.73,0.582,1513.37
122.95,645.04,255.99,0.8958,1014.16
780.37,338.81,15.07,0.2439,1122.64
223.44,492.93,738.19,0.0691,1470.89
991.89,150.67,761.87,0.1497,1940.54
206.4,22.5,446.05,0.8955,686.17
923.17,402.66,677.73,0.8211,1990.67
790.88,599.36,666.6,0.6639,2085.59
958.15,22.97,374.31,0.1128,1351.92
169.04,239.95,265.09,0.8413,675.59
195.83,0.54,92.11,0.2643,278.21
855.64,35.05,68.09,0.6645,943.86
924.22,776.34,232.81,0.8463,1919.91
914.78,308.14,417.96,0.5703,1605.49
569.02,19.86,397.58,0.3175,973.28
859.45,182.34,44.18,0.6779,1077.74
89.47,30.38,228.16,0.4643,347.1
827.87,59.68,106.42,0.3056,994.28
325.36,617.07,479.6,0.3726,1417.35
458.63,392.29,182.22,0.3817,1029.92
512.5,514.89,521.47,0.8578,1527.74
433.41,318.88,706.06,0.378,1463.26
878.64,209.11,170.04,0.5704,1273.4
830.37,65.47,89.28,0.7476,993.39
621.51,29.39,39.91,0.5863,687.48
303.61,320.21,116.09,0.7071,724.22
389.34,2.49,437.0,0.576,815.5
194.81,0.27,761.78,0.392,970.33
691.48,16.23,689.08,0.1984,1355.2
468.31,120.79,500.28,0.3117,1092.83
40.31,582.18,847.32,0.3865,1428.2
646.09,27.32,198.53,0.5614,875.85
683.83,17.86,770.84,0.8333,1450.27
583.1,46.5,789.27,0.8494,1393.64
120.22,137.19,619.92,0.8901,863.35
779.98,0.0,368.2,0.89,1150.86
605.34,576.01,181.78,0.2272,1353.08
837.23,82.89,825.59,0.5565,1701.39
353.2,539.79,492.85,0.0735,1388.04
13.42,4.52,587.77,0.6106,612.13
620.06,70.24,5.62,0.6428,709.0
561.33,223.98,167.4,0.2775,939.88
288.4,11.38,702.59,0.6044,1023.08
838.83,151.62,676.22,0.5431,1718.06
711.07,106.12,577.48,0.5608,1412.35
783.7,353.98,829.83,0.8955,1901.8
610.28,197.61,42.25,0.3958,851.31
419.99,459.37,260.8,0.8821,1143.69
632.82,960.11,12.96,0.3659,1660.6
142.3,452.44,459.46,0.8807,1063.07
959.19,260.2,330.9,0.6346,1545.81
56.09,82.82,47.39,0.6119,188.76
513.78,7.59,177.09,0.7175,702.11
57.53,58.12,403.47,0.3654,515.34
364.73,25.68,455.1,0.0783,840.11
873.28,293.26,309.36,0.3665,1492.76
865.09,918.19,270.15,0.6786,2079.64
950.83,0.05,57.54,0.7667,985.74
555.19,59.16,48.75,0.4123,660.58
324.55,5.13,770.42,0.2752,1109.66
985.42,970.5,589.23,0.3277,2545.17
507.16,673.7,646.22,0.8446,1823.23
973.59,318.55,837.47,0.7621,2083.84
72.83,3.01,188.62,0.4917,262.78
235.54,942.61,598.28,0.7156,1768.63
513.56,3.06,384.97,0.5272,921.01
71.7,35.55,671.04,0.6849,791.55
957.52,179.41,769.17,0.9164,1907.79
587.81,93.62,694.18,0.2296,1359.79
447.08,48.78,644.9,0.3481,1142.5
875.67,0.03,165.13,0.7125,1038.27
81.88,68.98,32.03,0.2834,187.29
826.15,629.11,743.15,0.074,2237.52
605.39,324.34,43.19,0.2358,990.85
161.82,188.24,301.09,0.462,648.16
544.93,94.23,817.92,0.624,1434.02
179.69,219.2,464.04,0.899,851.75
838.71,284.95,293.94,0.6452,1433.01
322.51,4.99,281.0,0.7518,621.69
929.76,365.09,547.12,0.2087,1845.59
15.99,183.31,269.18,0.5328,458.43
441.78,173.83,858.33,0.9348,1442.59
140.68,0.1,893.75,0.6182,1016.49
41.75,832.2,142.95,0.5362,1000.93
383.4,35.91,235.39,0.2842,637.69
21.72,66.26,73.86,0.3611,147.05
497.63,250.91,350.17,0.4626,1143.36
438.48,71.68,511.28,0.0771,991.08
41.55,21.22,701.4,0.2364,779.02
693.67,935.16,577.5,0.8449,2166.96
76.01,119.41,513.35,0.3393,690.1
550.59,204.48,807.51,0.1994,1569.78
760.16,122.05,798.29,0.1918,1725.98
769.13,246.5,131.27,0.6792,1134.66
972.59,255.22,287.9,0.5368,1512.84
747.69,632.23,527.72,0.5604,1855.33
180.26,883.23,357.66,0.748,1428.56
91.28,704.79,154.21,0.7442,953.37
847.86,96.05,418.08,0.5732,1346.44
298.92,937.05,751.07,0.3975,1994.38
175.54,172.31,747.27,0.8991,1099.28
41.22,351.15,280.61,0.5847,676.91
631.5,15.46,140.91,0.2037,791.01
867.19,619.08,551.44,0.4181,1992.99
652.13,32.73,536.34,0.372,1218.63
620.65,966.4,426.16,0.1868,2047.42
504.69,359.87,793.08,0.3,1660.25
468.35,0.66,91.16,0.5077,558.01
399.88,266.81,837.15,0.8927,1497.77
649.12,63.48,670.18,0.5045,1382.64
546.84,977.67,244.48,0.7412,1783.55
726.08,106.87,642.96,0.8002,1472.82
642.08,0.3,853.79,0.5148,1516.86
674.72,317.71,412.35,0.8603,1434.06
458.52,363.43,6.14,0.3255,841.84
123.88,0.04,616.29,0.3871,742.09
964.54,41.26,875.17,0.6755,1912.85
547.46,734.77,88.75,0.366,1372.59
408.9,224.9,174.53,0.5728,798.29
478.01,72.39,105.78,0.712,647.02
650.42,879.35,352.58,0.5601,1888.97
730.31,267.09,592.64,0.2967,1634.37
40.81,292.29,436.25,0.8477,775.2
633.52,5.35,402.75,0.8125,1049.24
511.76,463.44,16.58,0.056,984.44
402.92,606.81,730.19,0.7281,1709.31
521.99,4.06,335.06,0.8467,853.67
600.14,0.19,633.09,0.6558,1219.17
758.76,73.07,106.03,0.2785,929.76
955.49,40.59,110.35,0.9169,1145.23
352.35,0.0,3.67,0.4621,347.21
651.3,0.08,142.51,0.7034,782.27
713.33,734.84,659.9,0.6404,2088.75
441.46,270.7,733.49,0.8268,1398.76
336.11,9.87,780.15,0.5702,1103.9
241.58,44.21,70.91,0.3351,345.77
610.08,313.2,552.5,0.6396,1467.24
926.42,0.08,241.32,0.2065,1174.27
795.06,801.4,34.5,0.595,1617.81
172.37,550.31,563.64,0.5307,1269.91
282.57,45.24,383.86,0.163,726.86
671.2,248.3,318.02,0.3674,1261.91
279.76,0.28,288.22,0.1878,563.49
316.31,7.9,266.34,0.6171,595.95
63.52,25.09,407.56,0.0744,502.27
235.92,265.41,102.79,0.393,604.71
134.82,2.0,564.57,0.0707,717.78
185.71,301.55,35.86,0.6109,514.17
112.2,339.78,190.65,0.1339,650.46
970.63,22.16,767.17,0.5229,1750.96
800.52,17.83,437.16,0.2518,1296.32
970.08,60.6,110.29,0.5262,1122.83
331.07,98.59,733.76,0.3282,1154.73
758.72,675.36,553.28,0.4462,1941.2
593.72,29.24,201.52,0.3743,823.05
213.68,300.41,382.82,0.1951,892.51
977.11,0.03,572.32,0.1882,1538.49
195.34,2.98,245.47,0.6094,446.67
75.55,13.74,19.42,0.497,120.51
911.13,2.01,443.51,0.8008,1400.86
612.78,321.05,753.3,0.468,1677.12
118.16,910.92,823.95,0.6523,1857.24
575.35,5.32,622.42,0.706,1188.68
6.8,0.43,130.21,0.6914,143.36
811.38,895.69,465.0,0.3338,2150.57
325.59,60.72,61.94,0.3509,463.46
747.42,819.0,282.58,0.2493,1835.84
558.3,532.97,878.73,0.2366,1955.91
445.09,62.43,552.12,0.5712,1073.22
961.66,529.96,445.97,0.2243,1989.89
54.77,49.38,296.04,0.0811,384.11
206.57,257.89,262.9,0.8826,721.33
128.4,472.86,836.53,0.0933,1421.34
893.99,4.05,732.38,0.1626,1628.56
659.53,0.02,705.36,0.6562,1356.79
5.99,7.37,376.02,0.695,378.69
109.5,0.13,312.08,0.1933,412.21
295.08,197.71,705.92,0.2375,1186.33
723.41,635.42,188.08,0.8064,1538.62
647.27,100.08,670.65,0.6988,1428.97
953.72,737.8,304.19,0.158,1988.84
258.96,279.71,168.35,0.5563,717.34
307.59,0.09,103.15,0.3869,409.25
213.49,34.88,97.91,0.7048,354.89
262.19,2.5,37.55,0.6617,298.84
431.09,205.5,320.58,0.0832,950.26
938.89,2.11,338.52,0.3331,1289.51
631.22,50.72,282.65,0.2034,970.49
991.67,653.32,86.41,0.619,1765.07
678.8,831.6,81.55,0.5486,1584.99
371.95,91.5,76.4,0.2689,542.43
225.51,372.91,599.93,0.4977,1187.41
323.18,165.9,289.2,0.8661,773.91
203.32,16.02,708.99,0.457,917.95
295.41,19.44,583.73,0.6675,896.04
703.76,462.19,91.6,0.2613,1290.34
873.88,533.86,524.61,0.4494,1948.65
921.71,412.63,255.75,0.5052,1603.9
915.54,90.19,768.49,0.6078,1788.66
906.78,2.64,57.95,0.6468,971.86
133.56,14.33,359.77,0.8888,527.46
971.63,463.26,313.54,0.0975,1801.63
894.66,89.15,353.06,0.7635,1329.26
733.58,9.0,570.14,0.5629,1326.12
328.85,233.35,852.84,0.3266,1421.75
878.4,0.01,57.49,0.179,971.77
68.64,121.87,124.32,0.5504,323.19
310.71,187.01,275.84,0.8064,782.39
518.71,1.88,290.16,0.7889,825.95
127.46,892.31,495.89,0.4659,1523.53
536.47,121.22,270.2,0.6581,911.38
135.37,475.92,397.98,0.4272,1004.22
156.47,117.59,405.77,0.5914,665.98
246.91,0.13,728.78,0.1351,962.46
29.98,206.57,205.92,0.6489,442.48
978.96,413.99,851.86,0.8879,2259.47
399.7,70.12,311.26,0.7155,783.54
921.12,174.3,275.14,0.8098,1342.56
316.89,717.59,402.15,0.1454,1454.43
705.37,0.06,123.26,0.8541,839.74
550.02,0.21,748.74,0.1924,1309.65
985.82,293.54,361.82,0.3797,1605.99
587.5,989.31,55.28,0.7798,1656.34
340.77,273.29,726.06,0.5618,1370.24
4.05,663.79,246.73,0.654,916.8
701.86,1.03,697.52,0.8536,1396.92
510.2,7.95,562.5,0.6805,1082.85
641.6,670.3,343.35,0.529,1620.7
741.6,267.86,475.3,0.6827,1440.15
897.28,78.96,640.78,0.4135,1633.59
830.8,427.22,440.47,0.5342,1736.57
48.1,182.89,216.0,0.5927,437.22
637.95,0.83,833.84,0.5751,1457.61
796.81,317.79,403.2,0.3009,1498.87
51.06,56.87,461.32,0.8078,572.58
217.6,894.99,199.4,0.606,1300.33
122.02,558.24,530.29,0.5223,1194.04
778.9,620.27,752.92,0.1152,2122.69
123.87,28.22,101.53,0.2093,243.98
669.04,22.58,741.78,0.6512,1453.11
21.7,282.23,704.46,0.2516,980.22
315.17,346.35,866.25,0.403,1507.91
760.99,697.83,597.05,0.9018,2045.87
33.72,137.91,294.98,0.812,471.1
913.55,748.29,327.76,0.5674,1982.62
357.04,285.0,190.18,0.193,822.03
583.52,180.23,738.35,0.5516,1495.37
307.25,53.8,246.27,0.5888,594.56
165.51,446.32,174.33,0.6667,797.3
918.41,0.22,57.93,0.1276,984.28
550.76,3.48,675.72,0.1611,1207.76
434.3,160.15,689.27,0.7971,1295.07
336.52,413.07,78.39,0.6157,820.89
17.12,495.64,791.44,0.1644,1285.1
128.46,999.03,50.32,0.6756,1175.47
649.23,911.51,155.24,0.671,1748.43
326.93,689.71,627.37,0.2426,1646.2
842.81,0.04,781.68,0.1337,1582.59
254.86,526.48,899.41,0.3029,1667.3
787.47,488.37,294.38,0.7943,1594.34
12.5,525.66,76.84,0.2358,612.26
987.2,381.98,891.69,0.4011,2226.27
669.2,0.0,84.01,0.0618,736.54
576.98,0.07,223.27,0.7569,813.81
685.98,93.13,72.36,0.7116,860.84
532.69,161.65,49.94,0.907,747.08
993.3,403.51,559.85,0.8361,2009.19
919.67,0.05,695.69,0.3836,1604.58
60.12,142.45,882.21,0.5919,1091.77
959.99,22.45,835.96,0.2564,1868.3
127.75,682.96,597.39,0.1487,1448.17
992.31,864.25,38.46,0.7644,1880.79
994.55,838.72,788.52,0.8638,2588.82
955.94,455.41,275.31,0.4603,1651.03
692.12,2.0,277.77,0.701,985.4
498.34,229.24,672.83,0.4765,1374.32
128.95,870.45,193.26,0.4557,1186.22
381.73,9.47,762.75,0.1541,1164.85
135.1,0.02,187.83,0.3441,317.5
800.34,664.24,318.47,0.2006,1779.34
773.2,884.4,269.26,0.0795,1923.58
331.64,265.82,127.54,0.459,738.06
605.08,235.31,411.81,0.9289,1222.07
208.15,89.26,405.75,0.4219,695.97
601.63,21.43,10.11,0.6613,611.63
33.59,566.22,550.9,0.3503,1144.41
518.93,80.68,21.49,0.3685,616.82
200.48,23.57,871.79,0.2478,1079.65
866.66,136.2,828.03,0.0832,1847.01
307.34,45.82,667.81,0.7186,1005.02
34.82,816.19,7.5,0.5249,846.53
495.14,0.48,20.39,0.811,528.35
255.03,0.01,729.14,0.557,995.09
442.36,263.04,474.91,0.7489,1158.44
116.14,12.81,501.16,0.2997,626.32
886.58,33.45,31.8,0.5675,958.15
498.2,1.17,174.35,0.2826,671.63
92.7,50.83,884.47,0.5356,1035.27
794.15,103.95,648.29,0.1098,1553.1
425.45,36.71,29.89,0.4949,490.35
447.16,644.36,105.67,0.5028,1165.23
305.99,60.95,107.86,0.5628,470.36
890.54,0.15,630.22,0.0842,1531.2
350.12,10.24,886.78,0.5211,1256.5
554.98,891.32,856.18,0.1115,2288.01
908.9,33.75,436.64,0.2476,1373.77
339.69,202.79,439.84,0.629,989.84
191.53,13.97,287.15,0.7645,489.16
626.64,49.74,1.45,0.5367,687.17
834.99,575.99,587.55,0.1401,2003.58
446.11,859.28,464.92,0.287,1796.63
547.26,47.76,625.18,0.4999,1201.1
967.59,151.67,445.99,0.7817,1603.93
136.39,132.12,291.62,0.6288,546.68
637.55,116.12,436.21,0.9113,1180.18
984.65,270.77,641.12,0.2227,1868.73
238.98,40.47,73.55,0.4432,347.6
610.22,672.12,810.67,0.6298,2105.81
221.9,165.02,803.31,0.8923,1179.14
809.59,0.31,709.24,0.1567,1504.93
163.43,396.43,767.03,0.1736,1323.32
762.52,186.57,313.42,0.3973,1295.58
756.32,727.95,153.67,0.5484,1636.48
318.02,840.99,268.36,0.9308,1482.97
56.01,116.96,20.8,0.7636,201.65
9.76,0.71,411.78,0.9245,432.21
359.08,30.82,655.66,0.3237,1062.64
41.97,561.15,166.65,0.3771,755.07
218.52,992.78,309.45,0.5575,1466.36
973.5,739.93,821.69,0.7046,2480.3
241.79,309.25,588.08,0.6215,1139.9
259.96,245.01,421.95,0.6215,899.53
534.17,0.02,41.85,0.3234,574.05
402.98,31.43,448.82,0.1346,862.13
168.25,83.08,179.4,0.646,427.81
33.94,942.85,625.52,0.7478,1593.38
659.0,149.75,827.91,0.6765,1666.89
161.01,11.65,546.96,0.4501,712.5
751.71,1.7,855.47,0.7316,1612.89
902.52,282.79,331.39,0.1003,1518.57
213.12,104.75,859.8,0.734,1188.31
377.49,287.79,540.65,0.2705,1193.69
119.41,9.47,129.44,0.5973,261.01
956.99,243.48,810.42,0.1606,2043.69
753.82,601.47,242.1,0.7006,1615.26
301.29,42.72,367.64,0.7344,708.27
106.7,175.65,48.7,0.5524,319.2
688.73,6.17,672.88,0.8856,1362.17
543.83,590.18,709.33,0.0998,1871.71
110.74,96.65,162.28,0.6808,368.68
22.11,411.14,33.77,0.1199,455.73
999.53,26.15,460.85,0.9297,1487.96
364.05,35.08,253.65,0.1241,671.95
730.66,172.06,116.3,0.4125,1008.21
419.58,242.65,111.07,0.6972,765.97
10.59,607.85,641.35,0.1254,1244.69
828.1,0.73,669.82,0.6118,1492.63
453.2,193.07,123.88,0.8462,754.95
226.7,0.03,407.77,0.0514,612.4
738.38,1.4,419.35,0.4642,1160.37
509.56,285.5,632.97,0.1655,1394.78
662.75,3.46,178.27,0.3406,830.96
327.93,432.83,603.02,0.7078,1382.04
442.65,4.98,70.36,0.3145,515.4
724.86,744.06,647.63,0.1262,2171.34
84.5,571.64,33.82,0.5452,686.34
363.53,72.17,592.46,0.3399,1053.45
197.97,0.05,846.21,0.4654,1066.22
671.78,479.31,317.96,0.9019,1466.35
623.91,148.13,57.97,0.7825,814.99
769.76,90.52,619.38,0.3991,1496.66
638.31,63.61,768.21,0.9007,1445.48
807.29,5.44,868.28,0.5685,1699.23
594.36,220.99,387.77,0.1494,1192.11
169.05,17.84,710.64,0.6494,893.35
566.05,18.16,649.46,0.3648,1225.17
339.36,678.31,43.12,0.7084,1049.05
256.8,4.29,844.38,0.4163,1094.39
315.52,138.46,375.6,0.5271,827.42
530.43,735.96,737.36,0.5859,1984.6
848.15,44.49,792.31,0.2195,1676.22
600.44,341.04,827.94,0.432,1757.28
67.59,312.48,706.44,0.059,1087.77
298.83,420.62,64.09,0.4924,802.61
981.26,374.05,76.21,0.5382,1442.25
488.67,103.79,19.07,0.668,601.82
547.89,364.74,497.08,0.4341,1435.53
395.65,139.26,336.97,0.4464,875.92
554.28,83.04,784.14,0.3587,1426.52
340.19,244.02,7.66,0.3777,594.99
787.85,50.27,147.03,0.4968,969.56
926.92,299.62,429.61,0.9217,1688.56
194.64,100.29,450.7,0.8735,736.29
686.39,4.36,364.89,0.213,1061.21
870.21,624.02,135.91,0.4231,1602.96
127.39,3.95,82.93,0.5194,224.81
887.89,11.34,726.45,0.0748,1598.05
872.83,44.39,348.85,0.6375,1340.35
586.45,40.78,759.38,0.784,1383.94
137.3,0.0,46.74,0.2767,173.44
617.44,80.23,23.38,0.8292,718.43
392.26,57.73,95.17,0.5102,530.01
521.54,0.0,557.64,0.0568,1066.68
515.99,329.23,787.25,0.7565,1628.57
403.63,788.93,20.8,0.4156,1222.67
699.44,298.52,863.59,0.8318,1845.24
91.93,593.23,222.85,0.7288,904.03
48.02,0.0,114.46,0.2957,159.39
221.45,658.29,480.33,0.155,1337.2
591.07,305.06,642.31,0.6382,1541.46
782.1,0.48,585.94,0.2147,1378.2
774.49,991.99,287.92,0.5147,2115.37
948.21,269.94,635.41,0.3072,1825.59
897.93,0.07,500.13,0.1727,1379.65
142.01,102.0,550.91,0.1966,794.71
972.47,155.4,55.85,0.271,1167.9
587.44,675.1,697.86,0.0909,1960.1
509.74,617.91,357.02,0.4162,1457.08
344.21,7.67,877.26,0.8637,1199.79
215.73,627.52,197.32,0.3339,1062.77
339.31,12.41,161.46,0.376,513.01
23.26,0.07,495.81,0.2095,515.94
65.5,497.35,257.07,0.5054,822.76
251.55,541.65,873.66,0.4412,1697.41
205.74,442.36,469.67,0.5397,1112.14
954.8,0.0,213.96,0.3143,1156.73
592.01,617.01,889.42,0.4626,2079.33
760.52,350.28,107.95,0.6327,1233.83
71.04,161.57,14.75,0.3039,253.06
967.4,219.68,894.33,0.845,2093.55
518.63,364.63,197.81,0.1055,1057.74
611.81,802.14,636.41,0.3024,2044.84
334.74,6.45,437.71,0.2829,793.76
779.99,9.52,462.06,0.8556,1225.86
792.13,14.47,307.98,0.5498,1128.06
194.37,794.45,417.32,0.338,1417.44
317.4,31.19,730.36,0.4222,1097.35
153.02,244.83,342.78,0.7912,740.13
587.09,0.23,113.35,0.9324,689.66
524.03,1.19,11.91,0.2829,547.12
75.26,45.07,233.76,0.8805,342.3
553.07,116.06,136.42,0.3917,786.56
842.17,872.43,602.44,0.7277,2326.24
196.37,320.78,655.76,0.2644,1168.01
509.86,322.27,469.18,0.5699,1268.3
225.69,486.53,306.78,0.5521,1039.43
932.58,5.55,382.17,0.1453,1332.66
727.23,32.26,570.49,0.7166,1316.17
836.54,0.26,647.11,0.8224,1490.45
408.73,31.22,158.06,0.4197,606.31
645.62,7.79,4.81,0.7438,660.32
243.74,266.99,717.07,0.371,1237.55
279.76,24.34,363.81,0.564,674.17
320.05,88.32,866.6,0.8775,1314.51
745.51,237.96,561.55,0.6196,1532.92
822.28,276.9,646.21,0.7958,1729.92
117.23,1.1,579.22,0.4981,687.18
45.26,0.17,691.03,0.9449,747.91
419.02,671.98,32.78,0.7094,1134.51
284.24,42.44,160.4,0.5028,490.23
531.07,50.03,83.32,0.7752,668.58
723.32,285.32,429.34,0.717,1419.24
757.14,16.6,182.57,0.5594,961.61
346.77,820.32,664.0,0.5012,1762.64
263.6,990.66,267.38,0.8115,1522.19
765.53,119.19,407.16,0.7782,1270.25
8.86,1.17,41.62,0.8879,34.19
787.17,431.99,1.0,0.3014,1222.64
651.06,465.76,746.74,0.0782,1892.11
34.29,800.38,384.41,0.3374,1210.26
677.55,550.93,97.64,0.9339,1342.8
784.01,0.32,187.34,0.192,966.64
857.57,291.49,874.64,0.2502,1999.09
165.17,580.77,298.47,0.5886,1027.33
540.51,328.13,106.58,0.8631,963.81
164.56,488.47,896.83,0.3487,1557.01
187.43,0.01,120.76,0.9106,312.46
797.85,831.97,568.91,0.4045,2195.92
758.03,327.9,439.67,0.6104,1530.46
441.55,8.67,196.42,0.165,645.3
396.92,10.72,42.2,0.3577,449.33
704.31,128.39,32.05,0.196,865.31
255.98,4.37,92.36,0.2302,359.44
22.05,5.43,484.93,0.3299,496.18
987.59,19.59,778.62,0.0564,1768.03
280.79,280.34,880.8,0.5884,1445.94
717.91,0.0,683.34,0.1413,1408.49
902.65,50.71,5.71,0.2883,950.6
341.6,67.15,596.58,0.3033,1005.18
445.21,998.22,871.69,0.5088,2306.71
21.05,37.53,654.81,0.7404,725.72
901.05,4.34,782.4,0.4259,1712.42
708.35,633.15,867.31,0.7391,2240.5
392.86,740.66,424.83,0.1615,1544.46
151.95,0.86,279.52,0.551,437.37
598.89,213.96,674.08,0.9226,1489.13
247.1,0.02,560.55,0.3776,789.99
330.6,76.38,437.76,0.6545,841.42
458.49,0.63,397.63,0.8581,853.25
965.54,496.38,632.69,0.5411,2063.17
813.19,5.69,663.25,0.539,1462.6
391.13,179.31,706.93,0.4842,1259.47
23.3,516.0,801.77,0.8856,1381.61
439.32,52.41,74.82,0.8369,569.13
151.67,448.52,124.75,0.7381,717.67
257.89,1.03,331.09,0.1706,573.61
899.86,139.46,210.77,0.5866,1215.16
306.51,764.96,766.04,0.7431,1859.08
733.76,259.8,510.88,0.0961,1492.19
231.9,164.1,198.1,0.4701,571.01
748.8,173.93,608.54,0.4577,1520.54
763.92,88.44,162.35,0.6887,1033.69
224.62,216.91,348.43,0.7496,786.47
469.24,44.19,763.85,0.4328,1298.76
862.07,797.03,332.35,0.8402,2037.88
732.54,20.22,143.78,0.5174,892.26
0.29,0.09,564.6,0.3609,567.7
429.82,1.91,135.56,0.7341,582.14
460.21,34.97,881.16,0.0696,1344.5
699.13,838.8,283.81,0.621,1825.04
629.64,0.67,257.51,0.4498,903.27
195.33,1.17,850.63,0.5109,1075.34
818.31,40.42,90.19,0.2021,937.77
947.32,91.22,277.45,0.8433,1325.9
129.17,17.24,702.56,0.8261,859.58
984.28,2.38,441.97,0.6442,1388.71
948.48,45.55,799.73,0.5137,1824.99
58.13,997.58,847.73,0.6188,1863.93
584.15,503.27,254.55,0.2743,1340.4
203.9,138.22,860.0,0.3264,1171.31
897.89,187.01,94.02,0.6094,1166.64
316.8,233.73,690.45,0.78,1253.56
504.32,441.93,50.11,0.7067,997.5
475.24,6.25,880.82,0.2186,1352.43
839.4,606.7,396.28,0.2887,1804.38
954.18,27.33,120.57,0.7351,1141.41
243.48,0.09,726.19,0.2816,966.63
983.4,614.37,559.38,0.5813,2166.6
423.33,241.04,270.27,0.6639,933.5
900.86,0.75,37.32,0.0507,914.32
606.37,429.33,582.46,0.2574,1604.55
659.26,753.33,319.67,0.6189,1738.45
174.36,453.19,418.94,0.4147,1065.9
909.87,221.06,201.56,0.4335,1353.56
314.79,40.53,127.72,0.836,504.66
100.48,929.03,88.91,0.6691,1120.77
885.44,655.85,601.11,0.6482,2159.73
59.13,218.24,341.14,0.4945,616.53
623.58,453.04,615.91,0.8128,1741.05
380.21,131.28,19.56,0.2792,530.71
371.92,83.26,465.11,0.7939,914.52
625.06,193.18,321.94,0.7307,1100.59
663.38,301.77,211.29,0.8355,1201.64
781.41,714.33,649.8,0.3333,2126.84
866.11,0.41,223.04,0.2405,1085.48
107.93,19.53,764.28,0.6066,894.81
99.9,4.07,99.79,0.2238,190.88
431.18,36.39,28.12,0.7918,507.33
370.77,726.71,871.01,0.3917,1992.94
859.2,484.25,211.27,0.5501,1527.28
285.17,250.78,7.23,0.1972,537.4
994.02,3.71,747.98,0.8268,1746.98
54.53,440.27,534.08,0.6276,1015.45
333.89,979.53,622.88,0.6884,1955.0
59.37,202.72,428.6,0.4244,705.37
852.47,642.97,779.71,0.5616,2339.3
268.44,3.71,567.44,0.863,850.53
925.39,84.97,374.66,0.8416,1375.34
237.55,0.04,232.98,0.0542,483.02
157.87,4.16,650.04,0.9012,819.37
219.98,41.93,443.37,0.1194,701.06
2.77,988.48,586.27,0.8608,1577.3
906.21,63.94,726.85,0.9271,1694.51
808.46,894.03,661.15,0.0596,2339.06
107.94,842.06,787.6,0.3403,1741.5
970.07,35.19,676.98,0.3441,1676.59
938.79,98.45,17.24,0.5062,1051.12
855.3,521.6,695.84,0.6778,2106.28
285.86,0.61,623.92,0.6223,891.69
19.27,50.63,150.82,0.1859,218.44
503.24,135.87,129.23,0.8914,793.95
587.52,0.49,482.97,0.1239,1058.41
868.39,0.1,358.02,0.2781,1215.88
399.15,783.45,417.69,0.6051,1571.43
117.34,39.9,36.21,0.1346,188.11
608.39,84.21,173.1,0.0959,885.66
37.45,6.45,52.63,0.5656,99.68
373.47,10.77,808.64,0.6225,1205.91
814.32,548.53,640.78,0.5085,1996.28
808.68,3.22,502.54,0.8806,1283.55
438.2,461.53,134.52,0.8681,1033.41
793.72,147.22,551.78,0.4002,1502.29
519.98,959.84,27.1,0.3656,1527.63
687.88,35.32,883.61,0.2043,1621.76
986.14,7.81,104.5,0.6402,1104.23
401.98,23.24,438.83,0.1328,863.29
78.81,780.18,718.96,0.8087,1590.2
975.64,513.77,379.33,0.7904,1845.14
863.99,252.16,825.91,0.5508,1866.19
175.47,341.53,316.04,0.1325,838.02
127.52,462.2,40.27,0.7444,632.39
76.17,663.48,743.0,0.5759,1525.43
47.44,57.64,706.04,0.5393,821.69
677.34,726.09,684.61,0.2082,2066.57
296.66,18.82,120.68,0.7644,442.22
505.94,845.05,266.0,0.5948,1612.74
896.01,853.83,886.13,0.2626,2586.99
849.22,130.95,538.1,0.0593,1542.51
235.94,132.0,608.62,0.774,965.27
638.63,29.68,757.73,0.3139,1396.97
272.81,67.09,342.66,0.6755,678.53
233.96,29.73,663.37,0.1174,929.09
883.93,0.01,690.75,0.0533,1557.87
266.2,490.68,128.3,0.3165,864.38
30.6,21.38,899.54,0.8204,947.8
431.02,406.33,373.1,0.1157,1208.47
650.81,193.11,466.75,0.9342,1313.86
393.08,3.51,344.41,0.3683,735.34
142.34,451.33,364.81,0.8687,992.57
883.39,272.69,502.5,0.713,1655.4
116.92,0.07,730.52,0.1848,840.41
601.42,988.64,651.51,0.1287,2278.91
172.07,0.52,537.8,0.3719,694.76
451.18,1.29,4.78,0.8778,445.82
66.66,51.0,610.92,0.5493,736.33
272.13,250.26,345.29,0.5946,854.35
350.48,577.25,499.22,0.4039,1443.08
605.31,65.93,289.68,0.6264,947.4
213.1,451.85,699.52,0.5986,1385.3
292.09,62.95,772.71,0.8035,1151.69
855.42,596.1,427.16,0.3645,1872.0
156.41,320.24,687.46,0.1486,1180.74
564.54,67.39,494.85,0.0962,1120.17
172.34,232.62,496.3,0.053,879.87
401.63,10.97,446.44,0.6001,883.41
947.56,375.17,676.42,0.3681,2030.21
357.26,55.09,537.1,0.5168,985.9
766.93,943.26,486.91,0.367,2194.72
188.46,214.33,254.28,0.2202,651.5
118.48,158.01,777.42,0.7135,1054.21
72.77,0.68,739.99,0.7581,811.65
479.93,893.17,722.13,0.4508,2071.26
480.11,0.03,579.19,0.4386,1064.24
13.35,230.94,535.08,0.7428,768.82
63.17,589.78,103.92,0.1583,741.43
123.13,97.16,797.01,0.2845,1045.59
978.22,25.42,689.07,0.6223,1682.34
374.69,367.41,518.66,0.834,1256.81
82.56,34.61,672.37,0.5127,787.15
150.3,3.75,136.8,0.4549,295.36
943.96,30.41,91.45,0.4625,1055.03
595.12,672.51,389.31,0.0935,1655.24
22.46,23.69,409.84,0.8933,462.84
873.5,0.74,589.31,0.1856,1478.58
860.37,211.21,755.04,0.2772,1869.27
205.31,618.71,498.57,0.5267,1328.8
106.07,146.26,137.75,0.1157,398.35
711.55,0.06,737.14,0.8724,1426.42
214.21,442.39,614.11,0.6518,1256.06
426.29,0.0,882.35,0.2663,1298.2
770.04,9.42,385.47,0.5876,1156.69
554.33,42.55,73.85,0.6753,678.79
811.83,733.02,175.98,0.6405,1699.98
560.81,3.6,224.29,0.7806,778.88
388.82,624.53,237.18,0.5238,1239.91
200.77,13.28,251.28,0.1479,455.88
439.96,0.01,31.0,0.7252,467.4
983.81,0.17,444.32,0.1298,1436.33
640.45,152.67,204.95,0.4534,987.24
920.28,15.15,450.39,0.8383,1389.45
413.94,13.16,567.6,0.4043,1001.93
617.83,199.2,629.87,0.0914,1411.32
365.27,517.48,60.41,0.3421,959.6
614.92,506.86,369.79,0.2692,1505.76
344.79,44.61,479.38,0.3657,869.06
37.99,148.96,260.44,0.7405,424.12
802.06,30.91,539.56,0.9143,1341.34
948.28,5.74,136.58,0.7115,1069.11
812.52,0.23,160.57,0.6733,988.3
452.72,288.19,387.64,0.4789,1151.63
806.45,203.82,187.03,0.4532,1183.48
41.71,226.07,559.19,0.5815,823.06
360.56,736.29,37.66,0.8609,1132.27
686.81,540.72,410.4,0.2687,1615.28
841.22,202.08,775.17,0.752,1800.08
818.9,0.0,877.46,0.2863,1676.68
327.58,838.8,594.27,0.3091,1777.78
832.06,0.52,714.58,0.723,1560.92
617.28,514.67,121.36,0.9049,1235.65
654.06,298.9,186.24,0.1512,1131.92
411.01,297.72,48.56,0.7478,762.23
441.44,19.42,41.87,0.3032,499.15
241.88,0.04,104.33,0.6157,342.86
840.41,8.03,139.48,0.3995,985.77
859.14,410.9,564.7,0.3646,1791.77
258.59,10.37,538.94,0.7659,791.6
386.44,59.91,735.91,0.8644,1180.27
7.59,130.78,357.01,0.4764,503.96
677.25,989.28,595.03,0.2929,2287.57
632.08,436.95,787.8,0.4583,1842.95
917.16,401.76,795.59,0.5727,2114.83
496.94,120.46,65.47,0.3336,678.52
664.16,134.79,16.24,0.9318,810.94
414.73,216.3,865.77,0.3711,1497.7
546.89,10.43,108.73,0.5116,656.07
480.28,57.86,78.56,0.5572,616.99
410.74,427.27,206.32,0.7834,1055.44
85.96,918.04,199.45,0.5045,1174.7
593.79,158.14,891.32,0.8781,1649.88
349.09,686.87,567.28,0.753,1631.38
949.8,141.98,469.14,0.2113,1563.34
953.97,254.43,428.22,0.768,1650.94
564.92,521.28,210.09,0.2443,1301.52
206.12,478.9,546.08,0.7617,1232.18
358.73,1.47,352.09,0.838,711.71
564.65,750.95,578.74,0.583,1915.21
318.76,928.32,778.28,0.5553,2013.81
118.11,59.81,340.05,0.2876,525.0
976.76,53.32,282.59,0.3018,1303.67
148.7,12.04,770.68,0.7427,917.17
169.28,939.39,861.88,0.6409,1951.45
781.37,2.05,513.28,0.3221,1264.44
729.4,246.37,503.07,0.9447,1485.78
874.19,327.66,25.11,0.4745,1217.04
119.06,332.82,799.02,0.6615,1272.87
44.91,103.03,175.19,0.7929,332.58
901.34,1.86,56.01,0.0531,976.5
473.39,378.55,93.84,0.1454,947.79
108.88,0.09,59.21,0.4336,174.71
497.68,234.97,247.95,0.5257,991.52
647.93,542.9,792.3,0.2494,1989.62
213.06,64.68,838.52,0.8295,1112.81
468.67,653.45,499.98,0.389,1612.44
438.16,7.14,47.22,0.1068,501.96
425.51,579.63,563.56,0.1119,1547.34
591.91,587.63,867.76,0.4428,2085.24
496.28,9.51,246.31,0.1817,751.93
695.66,49.56,7.6,0.5937,760.83
114.78,120.62,295.34,0.3913,532.63
881.2,589.51,525.31,0.1796,2048.18
459.31,166.91,135.06,0.3192,778.87
988.09,11.96,678.38,0.2951,1671.63
143.82,592.03,413.71,0.6186,1148.86
596.72,0.0,553.37,0.1113,1164.89
773.57,588.1,377.26,0.5784,1736.62
296.67,191.41,198.36,0.2448,685.33
473.82,0.85,682.63,0.3353,1165.84
116.31,322.97,846.99,0.8581,1289.78
237.45,131.81,874.03,0.1478,1270.05
647.3,24.41,211.63,0.9261,893.91
605.61,34.89,653.95,0.8274,1285.58
838.85,834.43,715.39,0.5837,2359.14
285.73,5.39,605.36,0.1157,914.35
509.54,37.01,827.16,0.7938,1368.67
896.33,198.95,419.65,0.7847,1482.52
730.72,341.38,700.07,0.4399,1773.26
507.65,728.06,774.39,0.1452,2034.15
700.5,1.22,296.37,0.3696,991.71
85.65,612.34,369.85,0.058,1058.45
613.58,5.57,754.28,0.7822,1398.65
586.47,207.65,763.39,0.6133,1557.32
667.72,845.59,475.9,0.1885,1905.56
469.29,39.11,807.72,0.6628,1332.89
371.75,709.11,284.79,0.4526,1356.33
971.28,676.92,627.48,0.5779,2276.25
104.95,724.87,879.12,0.7177,1696.24
391.13,534.9,751.77,0.3251,1687.94
943.5,398.15,367.46,0.5017,1713.94
29.79,665.33,133.17,0.85,865.94
51.07,890.32,204.31,0.469,1159.73
232.28,14.63,167.48,0.8113,428.43
305.01,403.61,136.66,0.9009,859.35
699.8,15.01,472.5,0.4164,1201.64
656.34,21.89,93.49,0.7764,781.75
461.93,272.49,540.8,0.1576,1267.23
240.23,172.62,223.75,0.3983,648.14
253.57,618.9,408.37,0.9431,1239.27
159.89,420.0,549.4,0.1566,1131.75
824.68,115.82,624.35,0.5009,1570.33
161.28,1.37,350.28,0.5177,531.27
236.09,435.18,661.82,0.4917,1366.88
717.95,992.19,340.63,0.2968,2093.18
245.78,0.21,857.89,0.367,1105.78
103.06,398.27,432.68,0.21,935.5
615.94,641.0,97.31,0.2196,1389.81
732.26,796.5,141.76,0.6402,1701.41
302.53,156.43,344.3,0.561,802.5
752.55,13.14,65.09,0.7554,834.13
823.0,89.51,399.6,0.3279,1280.08
34.67,300.95,632.99,0.786,977.48
177.81,632.56,337.73,0.6258,1115.53
409.8,248.91,590.54,0.3235,1219.24
3.9,209.2,816.7,0.5281,1050.2
470.66,0.65,378.91,0.7962,845.89
179.79,338.14,458.91,0.8968,954.68
219.42,0.09,676.15,0.6976,905.83
60.45,948.63,166.0,0.555,1190.54
40.87,243.01,305.49,0.8018,589.22
74.36,179.29,864.14,0.7859,1108.7
903.24,347.73,148.4,0.3892,1439.67
493.45,16.17,640.88,0.1208,1122.4
951.21,614.25,317.91,0.0556,1866.56
251.57,411.57,425.1,0.5626,1087.43
416.21,0.0,858.34,0.5281,1306.24
837.09,7.11,634.61,0.3537,1466.93
571.6,21.99,326.08,0.4726,916.62
432.61,198.58,165.14,0.2214,778.63
180.37,39.4,287.78,0.7212,511.22
260.13,16.95,254.3,0.4002,531.44
686.61,190.62,281.64,0.5071,1170.6
570.19,1.22,459.73,0.9141,1044.01
133.34,548.75,259.47,0.3866,914.94
199.95,46.99,865.21,0.8578,1116.15
775.89,1.25,524.53,0.6872,1274.39
997.28,125.46,121.12,0.0827,1252.75
414.86,308.41,581.29,0.397,1304.01
482.4,95.18,194.91,0.0633,756.7
836.13,396.18,352.12,0.5151,1597.53
678.59,90.13,67.1,0.6724,860.81
629.6,593.51,320.03,0.8258,1516.52
370.17,726.43,641.11,0.5861,1734.79
46.05,364.61,375.05,0.1114,801.15
19.58,132.16,707.82,0.7212,859.49
680.48,863.6,721.59,0.4319,2302.5
164.19,473.2,192.11,0.3903,815.33
560.17,178.79,705.19,0.2544,1394.96
35.56,3.43,873.38,0.7326,915.35
448.28,0.0,469.05,0.9342,915.11
609.35,569.0,518.83,0.6283,1675.62
564.02,396.52,463.72,0.4158,1455.31
245.92,776.03,117.03,0.6165,1102.56
199.84,5.1,188.08,0.543,391.56
278.64,44.72,36.57,0.0752,357.66
884.49,774.02,513.71,0.0885,2181.84
877.79,620.54,531.57,0.1556,2063.65
989.19,562.5,645.84,0.335,2218.48
428.02,12.8,301.98,0.7798,749.99
250.57,16.63,822.57,0.1423,1072.11
930.93,637.68,592.71,0.6768,2142.54
122.81,0.23,5.7,0.4898,123.77
477.44,0.0,632.45,0.4055,1118.08
935.41,97.22,419.61,0.4085,1441.81
619.67,401.94,359.01,0.267,1347.77
733.11,71.03,640.35,0.3737,1452.62
432.06,822.57,429.22,0.6554,1668.19
830.59,363.71,367.97,0.1913,1552.68
912.01,424.82,371.97,0.3901,1695.98
303.17,272.63,811.24,0.6517,1377.94
325.77,471.94,748.7,0.1341,1545.44
323.21,709.98,518.35,0.2181,1569.93
726.48,47.19,847.06,0.7955,1599.71
11.15,0.37,724.78,0.8557,727.5
557.82,50.03,278.69,0.2699,904.08
227.67,36.3,460.05,0.9306,731.75
763.06,1.16,495.22,0.2206,1258.49
126.24,11.35,265.18,0.2166,405.41
297.73,749.41,689.69,0.2178,1727.34
410.38,98.88,299.56,0.6408,807.96
376.29,454.02,894.56,0.1718,1704.84
387.22,163.57,436.09,0.7963,993.27
815.99,367.15,850.9,0.7133,2054.36
689.63,0.04,159.05,0.8926,866.8
108.19,62.57,889.64,0.1163,1066.22
982.85,686.68,736.19,0.5641,2418.14
100.99,1.46,622.3,0.0579,718.79
617.53,229.16,155.23,0.8736,998.09
281.01,214.41,357.5,0.7354,865.73
289.62,544.32,358.1,0.9462,1190.16
569.95,63.96,481.36,0.9419,1139.21
814.07,700.98,603.87,0.4926,2125.61
685.14,865.21,310.93,0.8737,1873.91
448.57,85.28,156.75,0.2205,699.89
990.39,849.0,190.77,0.3092,2028.71
695.93,0.0,611.28,0.2884,1328.91
184.67,812.67,100.04,0.0826,1068.02
243.23,315.05,395.5,0.4641,934.04
676.24,371.06,380.52,0.1635,1404.01
257.53,5.02,347.3,0.9426,605.45
943.65,268.9,45.9,0.7289,1234.02
703.48,2.63,18.66,0.7929,715.75
582.96,441.76,519.34,0.5834,1581.32
145.38,26.73,101.15,0.2594,275.72
718.29,185.42,190.3,0.4826,1088.49
128.58,0.41,164.0,0.7632,292.36
650.53,1.19,282.43,0.2637,924.95
141.77,19.33,625.58,0.6394,777.98
753.6,3.39,489.95,0.1538,1261.91
510.72,41.26,899.19,0.3282,1463.1
509.73,92.84,307.62,0.2948,925.93
365.28,169.84,77.65,0.4686,612.35
350.8,0.06,475.56,0.0888,839.99
939.12,40.95,378.3,0.523,1358.73
258.74,867.79,670.73,0.1629,1796.26
725.34,242.61,357.51,0.7644,1300.59
70.32,51.44,484.04,0.9326,600.59
324.18,0.91,548.12,0.7739,842.16
641.3,229.71,509.28,0.7344,1379.47
276.67,45.47,633.34,0.7924,937.41
728.71,0.0,866.55,0.2174,1587.12
259.04,21.95,166.39,0.0698,454.67
413.18,3.29,402.15,0.5563,818.57
511.52,277.04,176.06,0.8261,1002.92
80.92,51.22,749.53,0.3011,849.76
52.8,7.58,199.02,0.7212,258.98
556.36,782.91,846.99,0.5917,2184.48
325.93,148.71,760.3,0.2642,1257.8
182.34,122.87,314.76,0.888,626.66
667.43,596.32,741.67,0.2154,2036.01
628.19,95.49,746.93,0.3781,1488.5
20.67,257.58,416.46,0.7401,698.36
629.24,169.68,164.19,0.5578,964.52
607.42,117.4,514.76,0.7289,1239.04
519.31,634.21,538.99,0.3691,1714.8
763.73,112.64,700.4,0.5646,1558.02
484.47,120.99,638.58,0.7644,1229.77
618.38,341.79,754.61,0.4976,1700.5
77.71,78.81,650.77,0.9026,829.31
717.86,0.38,469.58,0.1205,1208.59
876.48,510.04,617.72,0.8656,2035.94
454.39,22.86,300.06,0.6436,790.08
123.61,624.69,227.51,0.2665,952.03
383.91,281.99,620.86,0.6635,1280.62
235.27,14.65,854.17,0.2052,1090.09
815.8,142.44,861.67,0.9222,1844.55
406.61,623.71,622.73,0.8473,1654.21
97.18,167.66,417.34,0.5799,668.12
835.95,0.45,137.11,0.6679,981.14
174.0,0.01,263.48,0.2778,422.55
986.97,802.2,158.87,0.6599,1955.53
506.76,131.4,255.71,0.6891,895.95
538.72,66.68,758.63,0.8109,1392.65
294.63,211.62,527.05,0.5565,1008.3
151.58,189.39,330.01,0.4993,668.08
630.82,629.35,278.69,0.3848,1538.66
120.81,2.45,779.99,0.8869,903.97
75.43,21.24,721.45,0.6889,833.53
992.69,30.81,224.25,0.1562,1249.53
823.0,388.99,192.52,0.413,1400.86
346.16,30.89,698.75,0.4378,1072.16
857.92,751.88,730.42,0.5025,2328.26
738.06,91.45,313.92,0.9069,1163.28
137.33,2.18,342.55,0.4228,481.17
448.06,10.21,819.96,0.6134,1290.6
704.7,759.58,35.88,0.669,1525.36
616.87,209.54,77.82,0.6502,918.07
811.33,8.1,319.68,0.7874,1123.65
607.89,0.01,70.31,0.8686,683.57
249.19,592.57,514.46,0.291,1341.09
266.28,33.37,284.8,0.4686,582.7
781.67,585.8,475.51,0.0762,1808.32
357.81,8.71,455.38,0.9484,815.44
108.43,1.39,289.62,0.5637,400.38
754.03,829.55,892.75,0.545,2421.62
833.46,658.18,259.33,0.5793,1733.8
686.43,439.83,306.3,0.0684,1424.25
218.42,73.59,884.19,0.08,1187.31
498.48,110.12,188.46,0.7451,792.12
168.99,627.98,721.1,0.56,1557.58
946.24,21.88,434.87,0.8604,1406.35
480.35,92.84,262.26,0.7634,833.69
862.3,91.74,867.88,0.062,1805.39
793.4,881.73,870.78,0.5086,2490.49
604.78,403.29,494.77,0.3121,1521.86
645.63,648.51,553.68,0.5702,1808.68
372.59,797.37,62.09,0.5629,1228.05
576.78,44.0,88.11,0.1028,710.94
43.05,924.11,290.85,0.9315,1267.59
793.52,5.32,182.54,0.6031,1004.56
904.73,445.05,724.65,0.948,2079.84
382.37,35.21,451.28,0.8931,873.77
922.99,799.91,110.56,0.0742,1802.87
67.71,392.72,324.43,0.3149,782.12
833.46,827.85,83.05,0.1654,1725.93
915.97,795.39,787.95,0.4063,2496.37
7.11,0.0,456.96,0.3112,464.81
823.69,736.8,338.96,0.1545,1902.88
808.09,0.03,510.28,0.522,1365.47
970.6,0.97,550.41,0.2123,1491.28
619.06,78.74,52.91,0.5807,738.61
10.92,26.82,617.69,0.7961,645.55
363.5,3.82,146.32,0.9017,515.79
661.67,184.53,690.7,0.1679,1516.24
613.28,573.98,899.1,0.6605,2083.41
185.46,106.49,680.2,0.9092,949.59
54.12,452.6,140.47,0.6392,658.99
948.76,552.89,534.02,0.1483,2074.73
42.2,0.55,625.77,0.186,672.32
448.15,954.79,675.1,0.5072,2059.36
239.74,525.88,54.88,0.5579,829.03
452.89,811.8,663.17,0.6808,1913.09
172.26,13.3,141.57,0.7015,333.95
595.19,34.3,218.33,0.7383,839.33
110.31,108.52,648.93,0.0654,864.24
667.86,68.27,2.38,0.6839,720.65
273.36,122.23,819.85,0.4405,1234.45
442.01,49.08,104.88,0.1882,582.38
980.91,692.31,747.77,0.2695,2436.57
143.27,80.43,661.22,0.2453,863.82
735.41,295.47,796.55,0.2964,1860.42
392.29,64.11,739.61,0.8226,1215.62
392.15,707.36,706.18,0.4442,1800.98
515.27,686.63,745.68,0.0887,1973.9
496.61,2.9,8.4,0.431,488.11
247.36,237.11,449.68,0.2391,936.72
502.67,1.25,175.63,0.9235,689.4
740.35,992.27,296.43,0.077,2060.59
23.39,60.59,175.17,0.829,271.05
875.11,75.95,424.64,0.0712,1386.12
702.97,289.33,157.54,0.4451,1167.23
4.97,435.86,676.22,0.893,1128.35
322.3,0.28,773.88,0.5414,1116.84
850.67,351.29,80.17,0.6325,1296.66
254.77,10.44,854.4,0.6912,1122.36
359.57,777.4,532.11,0.5526,1672.22
24.68,146.28,882.17,0.4031,1046.96
66.26,11.37,255.3,0.383,326.25
838.27,186.2,112.44,0.0813,1143.74
715.47,0.0,78.06,0.8446,769.54
464.19,0.77,252.75,0.6977,706.31
543.12,503.65,656.47,0.3062,1685.02
601.97,2.15,460.48,0.4313,1057.74
929.72,9.99,651.11,0.5349,1582.42
74.83,355.94,871.91,0.5687,1313.28
660.6,0.01,498.16,0.4009,1119.97
910.77,108.01,791.65,0.2822,1836.97
985.1,168.94,338.33,0.7251,1460.92
768.48,3.44,17.65,0.9445,801.56
898.46,127.66,147.9,0.5191,1146.38
75.19,28.73,436.0,0.6489,548.28
293.24,87.47,402.48,0.7947,806.14
89.37,138.92,527.35,0.3154,770.97
859.91,9.24,583.02,0.6854,1421.52
399.73,556.88,392.52,0.1297,1347.82
921.03,565.56,792.76,0.2792,2269.57
593.33,720.55,801.75,0.3425,2159.34
387.69,5.83,138.52,0.5749,525.05
561.03,0.01,204.7,0.8478,762.57
689.65,0.86,818.95,0.2855,1491.82
348.64,4.22,635.23,0.3426,995.81
965.61,86.44,282.5,0.5841,1309.11
564.44,1.1,16.8,0.8285,574.77
39.33,190.28,138.55,0.9127,376.02
996.69,545.55,286.95,0.6678,1818.15
236.57,161.66,841.61,0.0579,1224.41
253.8,0.62,894.8,0.1482,1111.51
601.88,625.3,570.75,0.0807,1799.16
733.8,5.04,80.3,0.3927,816.13
2.73,578.78,735.73,0.4688,1297.85
373.98,3.26,580.11,0.3489,962.73
79.29,159.7,882.12,0.8781,1105.3
464.21,104.12,330.68,0.271,873.09
376.75,481.62,67.17,0.8572,926.49
330.61,379.11,522.45,0.2951,1253.02
568.81,127.05,199.27,0.816,890.42
676.28,223.03,648.08,0.2502,1555.01
20.2,0.21,251.62,0.1638,268.32
296.97,610.84,891.64,0.2858,1809.74
246.35,0.42,480.43,0.8077,736.43
758.82,774.91,15.58,0.5766,1547.18
609.37,0.08,9.94,0.1261,615.93
369.99,637.49,215.51,0.2744,1225.14
889.08,435.83,43.35,0.7521,1353.01
81.05,1.46,602.51,0.2339,680.47
718.21,345.39,75.17,0.2007,1152.25
673.3,24.94,261.37,0.4759,964.2
636.21,0.04,534.36,0.183,1172.17
351.82,593.45,197.12,0.2162,1144.22
568.77,207.57,561.59,0.5709,1335.36
509.15,9.74,448.42,0.1677,962.33
780.05,732.86,775.27,0.2115,2329.77
6.19,54.41,481.2,0.7113,545.75
407.35,649.65,590.72,0.5569,1626.8
512.27,27.31,58.18,0.5713,578.84
997.33,0.87,182.59,0.6842,1206.14
869.88,46.63,518.58,0.8671,1449.19
221.5,464.96,131.78,0.1455,827.25
491.09,323.9,709.94,0.6274,1515.06
861.12,171.92,350.96,0.204,1410.77
610.27,239.71,139.1,0.7897,962.75
113.29,0.33,883.92,0.0625,1020.28
125.56,333.42,194.16,0.5337,657.31
844.48,16.67,701.51,0.8377,1598.28
962.11,267.76,180.65,0.4424,1406.61
739.75,543.43,100.82,0.2397,1397.09
694.36,253.62,211.3,0.6265,1166.74
697.0,546.34,164.58,0.6362,1350.37
400.88,46.37,870.75,0.0941,1330.66
870.12,776.71,641.71,0.4113,2242.36
659.46,450.73,280.16,0.4595,1398.14
180.17,469.85,228.34,0.6081,856.36
484.31,215.05,707.71,0.3291,1388.18
397.8,415.1,137.3,0.0847,950.66
988.92,17.43,652.02,0.9476,1653.06
300.5,157.13,816.75,0.3017,1241.49
396.3,60.09,128.43,0.5544,581.37
651.3,691.81,256.82,0.4666,1605.61
727.15,548.73,330.42,0.6648,1595.53
580.0,122.51,39.59,0.8259,732.13
820.27,82.09,293.14,0.4637,1180.31
147.32,174.5,42.46,0.0636,382.85
682.19,705.48,247.64,0.5403,1645.05
92.13,32.07,156.74,0.6124,276.49
654.23,692.7,631.53,0.6151,1936.91
716.52,1.17,22.4,0.6633,745.51
711.7,11.2,755.58,0.5233,1470.62
623.4,1.76,211.21,0.7117,822.38
351.01,7.48,135.93,0.5586,496.05
724.02,217.19,620.47,0.3729,1509.02
965.69,580.62,488.89,0.2146,2064.08
314.94,699.34,196.27,0.3082,1188.83
409.23,744.41,840.94,0.1196,2032.16
392.55,217.75,141.27,0.1548,734.33
695.61,768.69,887.75,0.794,2386.07
122.12,76.97,638.66,0.5203,826.83
204.92,161.06,784.94,0.3001,1144.16
948.77,21.21,80.06,0.4136,1033.7
992.09,45.86,11.7,0.3849,1056.85
226.52,250.04,166.14,0.9237,649.66
726.71,421.19,494.41,0.2881,1628.81
751.69,63.44,372.17,0.5287,1190.37
811.93,729.02,24.95,0.7599,1549.83
945.23,45.94,823.02,0.15,1805.5
422.67,0.21,336.57,0.3259,760.79
540.4,0.31,388.18,0.3013,937.5
468.92,33.14,426.67,0.4577,928.04
189.38,246.81,571.58,0.2512,976.44
770.32,472.23,487.47,0.5373,1732.67
845.84,49.56,204.73,0.4345,1094.03
264.22,67.77,201.25,0.2814,519.05
712.49,104.1,892.37,0.1303,1704.03
402.62,7.38,21.79,0.0649,419.89
594.45,243.85,233.4,0.5852,1079.66
937.92,0.02,873.63,0.9318,1851.8
859.22,45.16,798.23,0.273,1729.36
994.24,13.53,275.54,0.744,1295.41
344.46,555.12,489.52,0.6304,1389.13
422.93,2.47,776.47,0.5661,1191.21
602.69,0.98,280.04,0.7578,889.95
832.24,774.39,397.21,0.7869,2098.88
420.26,437.03,161.27,0.3522,1000.65
954.91,121.25,285.78,0.3336,1360.44
283.48,27.3,384.22,0.67,678.96
580.53,411.36,177.41,0.689,1170.91
310.3,208.19,897.09,0.5129,1395.39
698.87,453.78,79.59,0.8646,1238.01
312.29,317.67,300.82,0.4557,928.39
903.22,32.87,158.03,0.1729,1120.64
912.7,408.66,546.23,0.7456,1820.89
884.91,17.44,571.44,0.7842,1464.78
151.66,522.21,25.96,0.7816,711.29
585.82,178.33,699.74,0.6744,1441.27
779.61,333.99,765.22,0.8044,1912.32
559.3,428.52,325.06,0.9345,1361.65
874.48,269.37,54.33,0.7306,1231.51
780.77,14.88,102.55,0.6794,903.11
17.45,746.03,502.14,0.5863,1266.47
357.9,3.58,75.34,0.5161,434.34
566.65,951.97,654.07,0.8237,2186.46
66.97,1.59,589.87,0.8702,670.88
869.12,9.54,608.96,0.0968,1508.33
516.24,196.15,291.11,0.457,1019.07
386.63,47.71,28.73,0.5423,457.39
535.25,0.09,62.17,0.7508,590.57
631.54,584.48,131.6,0.9423,1351.83
981.04,184.17,741.77,0.5426,1979.01
912.0,114.74,278.56,0.8312,1314.53
313.41,453.04,324.7,0.3779,1061.41
740.06,11.09,85.57,0.4361,821.2
217.76,992.63,257.88,0.181,1502.86
114.63,30.25,151.33,0.6454,299.14
110.13,568.79,683.46,0.4162,1391.93
192.26,87.0,413.8,0.4101,695.41
121.98,610.86,134.49,0.8269,866.72
676.36,53.66,133.03,0.4364,872.13
497.07,692.82,107.48,0.7064,1304.12
599.15,5.64,585.33,0.5208,1226.79
618.06,144.98,178.17,0.1926,931.21
699.99,1.76,805.95,0.8159,1512.38
787.44,808.4,555.19,0.6631,2119.96
529.14,89.22,276.28,0.485,890.65
241.84,39.29,165.42,0.1892,446.6
947.63,155.39,672.59,0.361,1803.6
355.12,831.67,779.91,0.8051,1991.86
869.81,806.87,444.88,0.2578,2104.61
459.33,0.63,786.84,0.0501,1261.43
29.53,55.62,91.38,0.7224,170.38
22.61,3.82,126.91,0.7619,166.84
493.3,707.85,233.52,0.3044,1450.03
40.49,341.37,490.52,0.4691,863.04
172.92,39.0,575.13,0.2372,788.47
691.0,452.78,648.4,0.4765,1811.21
173.37,622.19,821.15,0.4508,1562.89
773.86,203.07,76.93,0.0811,1061.0
274.87,5.99,402.53,0.5691,684.39
788.09,919.75,706.59,0.6944,2439.82
728.05,323.34,373.97,0.9276,1399.14
806.23,247.6,290.39,0.8636,1337.69
119.82,799.81,335.55,0.2738,1262.72
135.86,443.62,250.1,0.0619,802.42
706.25,0.04,869.47,0.8558,1554.22
529.94,77.11,584.17,0.1169,1180.09
15.57,0.14,764.8,0.657,785.53
223.27,164.65,626.69,0.1885,1002.36
73.41,542.94,573.94,0.2575,1189.63
604.21,16.04,299.26,0.7281,927.34
685.43,43.14,225.81,0.3152,955.91
861.28,129.35,205.9,0.8488,1219.04
485.32,114.46,546.69,0.6275,1136.16
753.82,28.4,754.27,0.5915,1500.56
555.78,539.01,91.43,0.0856,1197.23
245.63,611.7,237.12,0.1659,1117.75
106.9,285.96,334.16,0.2194,732.78
946.54,2.76,487.54,0.5308,1419.97
623.46,40.81,110.35,0.3198,768.87
685.92,30.73,142.46,0.631,833.7
239.68,84.85,244.13,0.3272,566.38
626.65,596.48,505.9,0.8071,1717.83
584.44,891.99,702.17,0.2203,2230.68
120.66,0.0,379.7,0.2908,492.71
884.1,287.3,26.13,0.1473,1193.86
649.18,162.35,76.39,0.7007,875.67
719.6,845.44,337.07,0.7953,1834.3
98.95,0.8,449.97,0.9234,555.12
224.17,32.69,39.94,0.2188,292.68
985.63,785.16,253.17,0.8847,2044.77
223.11,2.13,638.93,0.2784,841.69
324.3,1.85,167.57,0.1929,502.24
344.58,131.09,195.0,0.6413,672.83
200.4,711.34,212.99,0.3231,1091.2
897.0,575.44,204.41,0.0594,1672.25
375.81,8.91,500.8,0.8744,884.09
761.4,1.91,763.43,0.7365,1541.56
868.2,362.9,807.71,0.5851,2044.59
485.36,17.11,833.73,0.3264,1306.35
413.41,0.71,199.62,0.1935,606.47
473.95,19.93,800.03,0.1278,1286.23
58.55,311.34,316.52,0.8105,700.86
356.52,863.02,520.2,0.3642,1732.77
692.75,87.85,583.26,0.2903,1340.4
598.07,34.05,759.01,0.8201,1408.96
84.15,55.92,133.86,0.8724,276.64
231.96,178.25,273.45,0.7921,651.61
638.53,5.38,158.43,0.5582,792.25
954.76,26.23,208.53,0.6231,1164.18
558.65,348.68,486.68,0.0818,1395.39
887.9,314.39,634.89,0.4923,1831.1
806.69,812.84,124.26,0.1704,1732.0
203.55,541.77,502.79,0.4309,1213.66
874.28,544.37,693.12,0.227,2133.17
321.09,104.04,129.44,0.49,546.25
670.74,0.03,763.5,0.6477,1424.13
436.37,450.92,239.91,0.4021,1129.71
881.96,595.93,533.38,0.8153,2041.09
828.0,20.63,59.48,0.9234,930.07
863.93,265.84,324.72,0.485,1440.45
621.19,0.02,591.54,0.4366,1208.39
842.17,301.73,358.16,0.7503,1473.35
200.59,556.31,38.58,0.2684,796.95
62.6,0.93,202.46,0.5453,268.28
455.95,840.21,63.1,0.8742,1359.69
59.81,0.58,736.41,0.5373,788.73
477.81,150.72,90.92,0.8512,702.75
426.79,110.78,883.03,0.6876,1436.57
872.46,820.63,157.06,0.8614,1847.28
882.11,194.82,119.4,0.6569,1263.08
737.63,2.68,282.62,0.6562,1022.93
678.37,105.06,645.14,0.8864,1420.33
627.1,954.99,295.47,0.894,1903.48
881.04,265.72,694.96,0.6283,1833.74
877.9,4.81,475.3,0.4765,1409.31
239.7,967.53,739.07,0.4029,1925.81
339.81,33.22,765.43,0.3384,1107.62
892.15,239.29,861.12,0.0803,2013.98
950.47,132.22,786.61,0.8863,1862.64
679.03,749.11,170.36,0.5462,1590.45
999.54,648.06,33.21,0.9494,1690.47
963.58,375.73,114.83,0.7886,1447.32
317.5,0.1,178.81,0.2052,493.68
490.86,6.94,314.42,0.7109,820.61
301.67,30.73,555.72,0.9072,885.33
170.71,206.58,603.02,0.2941,978.95
534.78,670.37,79.78,0.3614,1294.36
578.28,18.34,698.93,0.4495,1310.19
717.43,116.15,502.82,0.5768,1315.29
890.05,633.41,682.38,0.3967,2217.32
973.54,33.78,591.91,0.7248,1606.75
652.92,59.79,562.28,0.3754,1261.43
830.32,0.0,336.24,0.5049,1126.94
607.63,800.17,672.6,0.6276,2057.65
909.3,129.48,487.33,0.774,1482.81
491.41,474.7,668.72,0.8844,1655.93
170.13,694.18,617.14,0.2046,1492.26
121.61,865.63,454.34,0.5356,1493.02
461.72,646.35,736.54,0.7587,1859.27
791.0,586.57,590.37,0.1826,1972.97
51.54,295.46,827.25,0.5082,1192.57
417.79,512.92,478.83,0.8351,1411.12
368.71,282.35,219.56,0.2319,882.35
242.45,505.13,79.7,0.64,845.72
984.84,211.01,709.79,0.7639,1927.91
72.07,1.76,389.44,0.631,460.81
765.99,707.6,199.37,0.3725,1661.17
168.66,169.91,128.2,0.0875,468.31
752.6,190.93,853.59,0.8821,1839.13
861.41,3.21,726.49,0.6529,1545.84
279.43,430.27,51.15,0.7124,772.45
952.85,954.52,371.72,0.8819,2283.65
617.01,653.25,747.22,0.3678,2031.69
294.36,0.0,303.86,0.7,591.68
140.07,37.32,234.28,0.5804,419.71
731.22,2.52,873.17,0.7483,1659.74
190.94,261.62,866.35,0.4997,1318.06
351.37,214.81,876.29,0.4555,1419.2
507.88,436.3,827.13,0.6987,1798.64
462.7,0.86,49.9,0.2114,515.54
841.89,121.29,314.9,0.4113,1250.96
437.29,320.81,865.05,0.6492,1615.15
516.04,280.78,503.79,0.6588,1282.7
974.82,629.17,85.12,0.7949,1679.38
271.41,8.31,352.87,0.3668,635.56
545.75,33.26,520.06,0.5295,1074.91
202.45,446.57,52.6,0.3909,698.09
938.0,1.37,424.61,0.2987,1363.47
89.3,61.0,699.42,0.9189,869.24
999.84,0.08,22.07,0.3915,1031.11
299.24,683.67,501.85,0.3882,1487.76
25.6,1.97,226.61,0.0798,241.79
51.24,700.31,503.09,0.4255,1280.46
881.21,43.11,366.71,0.118,1257.22
298.33,296.37,79.99,0.3363,675.95
749.63,388.58,656.22,0.2462,1819.46
97.49,5.5,867.36,0.5077,963.97
74.86,8.32,822.17,0.1141,895.44
831.13,680.99,239.92,0.1211,1749.24
589.74,244.43,585.25,0.346,1414.91
311.66,708.52,12.63,0.343,1033.96
998.69,50.62,296.26,0.7175,1324.04
532.63,564.67,794.84,0.347,1897.44
103.8,2.16,491.38,0.1456,603.89
466.4,643.27,599.74,0.3821,1684.17
374.79,91.43,693.57,0.334,1156.62
586.58,59.17,344.03,0.3652,986.18
458.91,802.71,248.15,0.3305,1488.5
928.64,0.03,50.74,0.8494,962.04
601.16,66.95,173.25,0.8295,845.7
563.88,0.0,517.09,0.1645,1073.62
451.08,898.22,317.42,0.4672,1671.83
14.73,300.11,2.62,0.9076,326.51
236.06,534.3,764.36,0.1689,1537.12
863.26,51.28,624.15,0.2899,1513.63
560.0,1.77,837.74,0.895,1374.47
536.01,15.79,665.39,0.6454,1218.2
852.09,21.57,525.6,0.4449,1391.05
408.91,0.26,440.8,0.2573,847.22
912.07,304.41,105.44,0.3915,1313.91
816.29,338.17,98.87,0.056,1229.77
933.22,889.86,107.08,0.402,1981.42
934.34,92.49,818.9,0.4587,1818.11
357.35,916.71,788.86,0.5125,2091.38
164.02,2.62,140.15,0.5288,297.55
296.41,953.46,420.12,0.586,1656.03
771.03,819.05,762.62,0.5134,2328.15
418.75,0.4,119.39,0.9069,549.2
913.72,424.38,611.35,0.8039,1925.92
547.34,724.93,51.1,0.5569,1325.29
555.57,877.2,707.11,0.4789,2185.96
562.91,7.67,410.45,0.1498,961.69
439.4,340.54,242.48,0.4037,1012.76
171.7,393.06,602.35,0.4107,1148.28
787.37,332.72,597.77,0.901,1710.52
898.73,439.81,670.94,0.7326,1985.03
524.99,69.17,865.08,0.922,1426.34
574.67,246.17,403.86,0.2395,1248.66
12.35,9.66,484.57,0.8613,504.76
640.85,98.99,12.31,0.4348,764.82
316.55,28.58,137.1,0.5752,489.14
832.91,19.35,258.29,0.3058,1113.37
624.12,3.14,358.33,0.5384,970.82
967.33,545.62,354.42,0.7958,1881.05
678.68,8.76,393.12,0.6027,1075.65
931.1,940.42,761.77,0.2227,2676.8
585.59,52.16,272.64,0.6992,901.11
863.37,846.38,801.45,0.4676,2514.23
598.55,6.25,79.33,0.0902,675.73
816.98,2.31,798.1,0.3143,1658.97
437.69,3.44,204.82,0.2423,641.6
795.99,2.92,436.56,0.7886,1211.15
750.72,1.3,745.38,0.588,1496.91
823.02,283.49,14.19,0.7579,1111.47
649.79,606.97,774.07,0.9459,2035.03
478.26,63.77,629.97,0.621,1203.54
929.81,735.65,117.26,0.4589,1784.55
588.56,642.84,562.63,0.3381,1800.0
855.24,685.76,665.75,0.1279,2255.18
555.53,807.78,721.52,0.2705,2089.96
376.06,54.9,821.4,0.1221,1264.98
414.53,87.36,817.76,0.6198,1342.07
717.15,0.29,475.03,0.667,1208.02
16.46,18.54,192.1,0.8263,229.92
948.21,442.39,776.17,0.8039,2152.44
49.08,201.06,64.75,0.5639,331.73
948.22,88.54,564.69,0.587,1598.19
822.37,496.9,288.55,0.3638,1607.32
371.21,686.14,436.11,0.6489,1522.83
986.86,888.82,543.55,0.8787,2438.93
93.28,912.58,271.23,0.2342,1231.03
102.38,264.04,839.34,0.942,1189.08
900.45,109.86,860.95,0.2248,1869.17
210.6,335.96,30.83,0.2523,572.6
364.58,0.0,208.09,0.0982,587.02
513.96,47.31,742.47,0.3905,1293.03
315.04,3.84,181.73,0.8844,504.25
912.21,214.86,310.04,0.9403,1425.52
924.33,73.56,712.5,0.7734,1729.68
79.06,489.5,662.12,0.289,1249.31
552.89,445.14,427.62,0.133,1450.91
673.21,996.94,697.64,0.4645,2367.95
485.77,182.98,300.66,0.6609,952.12
940.41,62.03,443.39,0.2059,1436.49
983.14,936.26,429.69,0.5265,2360.18
970.68,1.54,700.14,0.5541,1681.84
632.44,83.09,468.32,0.6777,1166.28
408.39,88.62,158.04,0.6559,647.39
532.36,13.76,416.75,0.4769,953.02
557.37,234.15,229.11,0.4583,1024.57
907.86,0.72,807.8,0.1702,1756.66
880.41,778.94,711.64,0.1342,2385.18
193.08,141.3,351.75,0.8767,668.26
847.77,45.84,784.23,0.282,1689.47
384.49,442.38,558.63,0.8982,1397.14
999.93,0.73,481.84,0.2366,1449.77
763.48,109.78,770.63,0.6852,1639.18
942.8,529.6,855.43,0.5363,2298.2
142.79,827.84,458.31,0.0542,1456.73
892.86,174.36,401.28,0.8408,1485.94
848.19,354.28,541.98,0.5779,1733.85
197.61,197.92,317.21,0.2819,719.67
542.46,34.4,576.39,0.0931,1141.44
139.99,684.07,410.14,0.7423,1239.54
